# File produced by Open Asset Import Library (http://www.assimp.sf.net)
# (assimp v5.0.1588609223)

mtllib result.mtl

# 2512 vertex positions
v  140.57692 1518.1503 -148.11664
v  133.25433 1573.108 -172.70319
v  140.56129 1573.1234 -118.27117
v  122.30189 1380.2122 -177.59584
v  115.67235 1554.7278 -184.82155
v  137.03835 1369.6371 -165.90118
v  0 1380.2122 -177.59583
v  -2.3999999e-07 1554.2141 -184.8432
v  141.70525 1446.4241 -142.98668
v  200.14746 1429.9098 -108.88427
v  143.10536 1364.973 -98.208717
v  198.24066 1472.4878 -133.32687
v  201.53915 1405.3912 -69.949417
v  159.58678 1366.152 -64.278343
v  201.12831 1412.3733 29.030542
v  201.69156 1395.7981 -16.324375
v  187.67387 1372.3937 37.982086
v  167.11238 1435.126 97.904259
v  159.67278 1381.3723 89.411415
v  200.13666 1441.0016 52.542248
v  198.21039 1488.53 68.511246
v  152.92715 1513.8051 80.730125
v  93.039375 1376.9906 134.94962
v  81.608086 1453.4622 134.13788
v  43.408367 1422.2562 144.87349
v  86.482872 1256.7916 146.01529
v  111.96766 1257.5582 127.68403
v  6.7499997e-07 1227.8644 152.91856
v  43.912125 1236.0262 150.4026
v  4.65e-07 1337.7574 153.2872
v  2.1e-07 1434.4459 144.60326
v  183.96239 1192.1775 -8.7579184
v  167.94116 1190.4045 -18.455229
v  162.41611 1190.3737 -7.4737625
v  184.22464 1151.9303 -10.084845
v  184.04405 1191.8225 22.072206
v  164.85991 1191.2896 24.32526
v  170.93288 1189.7996 31.234434
v  184.61118 1152.6207 20.445578
v  5.2500002e-07 1111.3459 135.17155
v  4.35e-07 1051.7301 136.27174
v  47.413715 1078.2504 133.00652
v  182.61229 1048.677 51.883186
v  192.48676 1144.2825 23.173735
v  170.66408 1141.4991 67.543976
v  192.94545 1052.3516 -7.4373384
v  192.48676 1143.246 -11.599798
v  127.36449 1038.1022 -101.43542
v  60.03833 1119.4923 -113.9771
v  117.20451 1131.007 -95.698006
v  53.196896 1053.7363 137.94562
v  45.312977 986.30725 126.32733
v  100.64286 982.36847 102.84371
v  27.102882 894.0387 15.177843
v  40.329109 911.34045 59.056873
v  29.063761 895.51447 67.657158
v  120.83167 1115.4479 115.45728
v  147.32593 1028.7694 90.499069
v  77.682999 964.47565 -114.05374
v  129.56346 941.2981 -82.009155
v  79.713554 907.547 -80.516235
v  72.111908 1033.0773 -122.46168
v  28.473701 1603.4762 21.737289
v  28.234741 1639.6017 23.493792
v  0 1603.4762 28.778036
v  0 1639.6017 30.867039
v  12.210657 1594.5771 36.044991
v  0 1598.1528 33.749123
v  57.614952 1603.4762 -2.4257751
v  59.420258 1639.6017 -1.51899
v  59.159489 1570.4816 62.145889
v  140.23975 1581.2599 37.712505
v  74.436363 1638.5443 -41.113522
v  73.382607 1603.4763 -41.110176
v  152.83594 1594.0967 -25.956417
v  65.281548 1639.3613 -77.068336
v  66.846405 1603.4763 -76.87133
v  156.96495 1593.6265 -65.809387
v  38.487263 1639.4504 -103.36468
v  37.830101 1603.4763 -103.44046
v  -2.4600001e-06 1639.3274 -112.2693
v  0 1603.4763 -111.2795
v  0 1573.1234 -129.40831
v  16.345818 1585.9229 44.057343
v  0 1554.1697 83.801979
v  0 1574.2634 56.763142
v  11.610296 1577.2573 53.34174
v  75.216431 1512.9865 102.5484
v  0 1511.0554 110.17673
v  9.5900555 1589.4656 49.291641
v  6.3218393 1584.7148 53.617153
v  0 1583.3901 54.90276
v  7.4397936 1594.8065 44.428703
v  0 1596.5841 42.852051
v  0 1589.7467 49.390839
v  197.12782 1580.9535 20.425297
v  197.12782 1594.6475 -16.498539
v  197.12782 1539.5422 57.503407
v  197.12782 1571.9988 -105.10504
v  197.12782 1594.85 -61.505993
v  197.12782 1525.4948 -134.35336
v  -2.1e-07 1573.108 -172.70323
v  0 1369.6371 -165.90121
v  75.164452 1365.416 -120.69799
v  3.5999997e-07 1365.416 -127.64633
v  158.22578 1307.837 -55.913002
v  67.286919 1322.1826 -114.33218
v  122.97533 1314.6661 -92.375473
v  65.024994 1275.257 -109.47917
v  113.53681 1260.6495 -88.753838
v  180.13266 1368.9443 -13.668275
v  181.10349 1306.2299 -8.0201015
v  4.35e-07 1323.7756 -121.71684
v  172.55772 1239.2439 -6.0747185
v  182.19452 1240.1176 43.145214
v  189.96964 1308.6149 41.078041
v  156.96179 1250.8568 97.603065
v  162.59846 1316.1707 92.714264
v  0 1465.6893 134.77019
v  147.49045 1255.8976 85.185677
v  166.82867 1247.1429 28.698175
v  163.59082 1246.597 -8.0907059
v  96.368568 1263.4755 123.70437
v  43.624035 1236.887 140.00107
v  6.7499997e-07 1229.2651 142.47189
v  148.55202 1248.2142 -53.859169
v  140.50349 1261.0885 -55.978855
v  105.52882 1273.3622 -85.491936
v  56.565117 1281.6633 -99.966545
v  3.9e-07 1278.4431 -117.15318
v  4.0499998e-07 1284.5281 -105.50621
v  5.3999997e-07 1125.7826 -111.04297
v  5.2500002e-07 1127.8311 -101.84775
v  50.061737 1152.8191 -105.97861
v  46.835239 1153.9769 -96.955833
v  28.172054 1098.373 -108.72781
v  6.2999999e-07 1087.9043 -112.17876
v  102.95232 1183.5439 -88.107887
v  98.15213 1183.2114 -81.366257
v  107.71008 1133.9349 -87.618248
v  56.344109 1124.7096 -106.34259
v  137.04054 1190.1255 -53.432449
v  139.67889 1190.0309 -59.905964
v  147.02728 1142.1377 -55.676205
v  145.96548 1183.2208 74.331306
v  152.38368 1181.9417 76.820938
v  156.46399 1148.353 64.171913
v  94.959816 1152.7538 109.6601
v  101.88506 1153.2277 114.81594
v  108.18842 1123.1501 110.29694
v  43.261738 1120.825 132.7153
v  5.2500002e-07 1113.9554 126.63645
v  40.073162 1122.9199 124.13517
v  19.687553 1030.5352 138.91425
v  158.59872 1136.0402 -61.998436
v  30.019165 1091.1243 -115.63709
v  6.2999999e-07 1078.199 -119.08447
v  1.95e-07 984.24548 131.77376
v  166.2308 1046.1759 -62.345901
v  160.16238 944.25299 -55.660324
v  178.49918 942.95422 -13.082147
v  172.85632 940.9776 30.657637
v  145.98793 934.20551 67.666885
v  39.163445 927.07703 106.4858
v  0 889.16711 74.063171
v  0 925.73688 111.61806
v  64.340034 930.49182 87.859016
v  -2.3999999e-07 884.92633 17.441286
v  -2.55e-07 885.1424 -37.808529
v  30.158878 892.33716 -37.115116
v  46.300133 883.16992 -26.697163
v  42.973072 881.20624 13.056018
v  53.396255 889.97296 47.825661
v  0 907.80829 -82.326584
v  42.707077 907.22449 -81.11821
v  62.872704 892.53711 -59.773392
v  75.535141 904.31097 70.451767
v  107.27243 920.41321 81.048744
v  2.3999999e-07 962.76196 -117.19701
v  4.0499998e-07 1031.936 -124.8683
v  68.993233 841.37915 -55.931377
v  49.53257 838.46027 -27.475382
v  46.441734 837.84198 15.126833
v  96.815262 843.65045 -66.758461
v  130.99701 844.42761 -64.558525
v  115.44734 843.3985 72.54332
v  84.869598 839.81445 65.614815
v  58.875065 838.98065 44.818542
v  151.5742 846.18341 58.975891
v  171.40826 847.02521 30.576611
v  176.01447 844.40234 -10.275254
v  162.43413 845.53918 -45.661243
v  0 1639.6021 -39.786575
v  -133.1674 1573.108 -172.70323
v  -140.44325 1518.1503 -148.11664
v  -140.4268 1573.1234 -118.27117
v  -122.30172 1380.2122 -177.59581
v  -137.03824 1369.6371 -165.90123
v  -115.60516 1554.7278 -184.8215
v  -141.63124 1446.4241 -142.98668
v  -143.10536 1364.973 -98.208725
v  -200.07321 1429.9098 -108.88427
v  -198.09564 1472.4878 -133.32687
v  -201.5166 1405.3912 -69.949417
v  -159.58678 1366.152 -64.278358
v  -201.0905 1412.3733 29.030542
v  -201.67468 1395.7981 -16.324375
v  -167.0654 1435.126 97.904274
v  -187.67288 1372.3937 37.982086
v  -159.67183 1381.3723 89.411423
v  -200.06204 1441.0016 52.542248
v  -198.06422 1488.53 68.511246
v  -152.78893 1513.8051 80.730125
v  -93.039375 1376.9906 134.94962
v  -81.607124 1453.4622 134.13789
v  -43.408367 1422.2562 144.8735
v  -162.59845 1316.1707 92.714264
v  -156.96175 1250.8568 97.603065
v  -111.96766 1257.5582 127.68404
v  -43.912125 1236.0262 150.4026
v  -86.482872 1256.7916 146.0153
v  -167.94116 1190.4045 -18.455229
v  -183.96239 1192.1775 -8.7579184
v  -162.41611 1190.3737 -7.473753
v  -184.22464 1151.9303 -10.084847
v  -164.85991 1191.2896 24.325262
v  -184.04405 1191.8225 22.072212
v  -170.93288 1189.7996 31.23443
v  -184.61118 1152.6207 20.44558
v  -47.413715 1078.2504 133.00652
v  -192.48676 1144.2825 23.173735
v  -182.61229 1048.677 51.88319
v  -170.66408 1141.4991 67.543976
v  -192.48676 1143.246 -11.599798
v  -192.94545 1052.3516 -7.4373388
v  -60.03833 1119.4923 -113.9771
v  -127.36452 1038.1022 -101.4354
v  -117.20451 1131.007 -95.698006
v  -45.312977 986.30725 126.32733
v  -53.196896 1053.7363 137.94562
v  -100.64286 982.36847 102.84372
v  -40.329109 911.34045 59.056873
v  -27.102882 894.0387 15.177835
v  -29.063761 895.51447 67.657173
v  -120.83167 1115.4479 115.45728
v  -147.32593 1028.7694 90.499069
v  -129.56346 941.2981 -82.009186
v  -77.682999 964.47565 -114.05374
v  -79.713554 907.547 -80.516235
v  -72.111908 1033.0773 -122.46168
v  -28.23473 1639.6017 23.493799
v  -28.473701 1603.4762 21.737289
v  -12.210657 1594.5771 36.044991
v  -59.410934 1639.6017 -1.5189899
v  -57.601421 1603.4762 -2.4257751
v  -59.146736 1570.4816 62.145889
v  -140.10725 1581.2599 37.712505
v  -73.353264 1603.4763 -41.110176
v  -74.414726 1638.5444 -41.113525
v  -152.6824 1594.0967 -25.956417
v  -66.823814 1603.4763 -76.87133
v  -65.268082 1639.3613 -77.068329
v  -156.80591 1593.6265 -65.809387
v  -37.829269 1603.4763 -103.44046
v  -38.487251 1639.4504 -103.36468
v  -11.610296 1577.2573 53.34174
v  -75.194748 1512.9865 102.5484
v  -6.3218393 1584.7148 53.617153
v  -9.5900555 1589.4656 49.291641
v  -16.345818 1585.9229 44.057343
v  -7.4397936 1594.8065 44.428703
v  -196.94145 1594.6475 -16.498539
v  -196.94145 1580.9535 20.425297
v  -196.94145 1539.5422 57.503407
v  -196.94145 1594.85 -61.505993
v  -196.94145 1571.9988 -105.10504
v  -196.94145 1525.4948 -134.35336
v  -75.164429 1365.416 -120.69794
v  -158.22578 1307.837 -55.913002
v  -67.286919 1322.1826 -114.33216
v  -122.97533 1314.666 -92.375473
v  -180.13258 1368.9443 -13.668278
v  -181.10349 1306.2299 -8.0201015
v  -65.024994 1275.257 -109.47917
v  -189.96964 1308.6149 41.078037
v  -166.82867 1247.1429 28.698172
v  -147.49045 1255.8976 85.185677
v  -182.19449 1240.1176 43.145214
v  -163.59082 1246.597 -8.0906954
v  -172.55772 1239.2439 -6.074717
v  -96.368568 1263.4755 123.70438
v  -43.624035 1236.887 140.00107
v  -140.50349 1261.0885 -55.978855
v  -148.55202 1248.2142 -53.859169
v  -105.52882 1273.3622 -85.491943
v  -113.53681 1260.6495 -88.753838
v  -56.565117 1281.6633 -99.966545
v  -46.835239 1153.9769 -96.955833
v  -50.061737 1152.8191 -105.97861
v  -28.172054 1098.3732 -108.7278
v  -98.15213 1183.2114 -81.366249
v  -102.95232 1183.5439 -88.107887
v  -56.344109 1124.7096 -106.34259
v  -107.71008 1133.9349 -87.618248
v  -139.67889 1190.0309 -59.905964
v  -137.04054 1190.1255 -53.432449
v  -147.02728 1142.1377 -55.676205
v  -152.38368 1181.9417 76.820938
v  -145.96548 1183.2208 74.331306
v  -156.46399 1148.353 64.171913
v  -101.88506 1153.2277 114.81594
v  -94.959816 1152.7538 109.6601
v  -108.18842 1123.1501 110.29695
v  -40.073162 1122.9199 124.13517
v  -43.261738 1120.825 132.7153
v  -19.68755 1030.5352 138.91425
v  -158.59872 1136.0402 -61.998436
v  -30.019165 1091.1243 -115.63709
v  -166.2308 1046.1759 -62.345901
v  -160.16238 944.25299 -55.660336
v  -178.49918 942.95422 -13.082152
v  -172.85635 940.9776 30.657633
v  -145.98795 934.20563 67.666862
v  -39.163445 927.07703 106.48582
v  -64.340042 930.49182 87.859039
v  -30.158884 892.33716 -37.115116
v  -42.973076 881.20624 13.056006
v  -46.300133 883.16992 -26.697163
v  -53.396248 889.97308 47.825657
v  -42.707077 907.22449 -81.11821
v  -62.872704 892.53723 -59.773392
v  -75.535149 904.3111 70.451767
v  -107.27246 920.41321 81.048759
v  -49.532463 838.46033 -27.475416
v  -68.990723 841.37915 -55.931408
v  -46.44173 837.84198 15.126799
v  -96.804306 843.65045 -66.758392
v  -130.9743 844.42761 -64.558495
v  -84.870735 839.81445 65.614792
v  -115.44993 843.39856 72.543304
v  -58.875202 838.98065 44.818527
v  -151.57866 846.18347 58.975918
v  -171.41315 847.02521 30.576616
v  -176.01962 844.40234 -10.275248
v  -162.41505 845.53918 -45.661217
v  76.777382 1554.8317 68.981033
v  76.918205 1558.0468 74.899017
v  72.26786 1551.8663 74.483673
v  71.152695 1551.9866 66.817299
v  65.648964 1552.3546 70.571114
v  65.785629 1555.5697 76.488937
v  71.429855 1558.4149 78.652794
v  55.556114 1630.6516 36.824032
v  68.220985 1587.7521 59.321175
v  55.421001 1627.4353 30.906042
v  68.078354 1584.5364 53.403286
v  49.733013 1624.5917 28.742514
v  62.424862 1581.692 51.239559
v  44.168499 1624.9597 32.496017
v  56.895321 1582.0601 54.99321
v  44.299919 1628.1759 38.413845
v  57.032013 1585.2759 60.910885
v  49.999088 1631.0211 40.578152
v  62.70377 1588.1208 63.075016
v  70.866592 1571.6445 66.592369
v  73.825859 1568.6366 69.345566
v  70.772911 1569.4634 62.577694
v  73.686539 1565.4213 63.427624
v  66.943535 1567.5336 61.109829
v  68.049507 1562.5765 61.26395
v  63.199848 1567.783 63.6563
v  62.533623 1562.9446 65.017647
v  63.291805 1569.9645 67.670799
v  62.669128 1566.1597 70.935417
v  67.12912 1571.8944 69.138908
v  68.324059 1569.005 73.099426
v  67.645317 1582.639 60.82671
v  67.548897 1580.4576 56.812
v  63.713093 1578.528 55.344219
v  59.964897 1578.7775 57.890671
v  60.058548 1580.9589 61.905266
v  63.902985 1582.889 63.373341
v  48.661469 1631.8665 32.530754
v  198.1964 416.26672 -34.921322
v  202.76256 416.22156 -27.303967
v  194.08128 410.54425 -27.121128
v  189.39377 416.33273 -34.785221
v  185.1559 416.35538 -27.029238
v  189.72133 416.31247 -19.410471
v  198.52496 416.24545 -19.549128
v  202.83527 596.95728 -28.735559
v  202.7585 489.65579 -27.842375
v  198.25681 597.0011 -36.327503
v  198.17688 489.70023 -35.497078
v  189.43523 597.06927 -36.20002
v  189.35431 489.7674 -35.37138
v  185.19197 597.09174 -28.48041
v  185.11299 489.79001 -27.593063
v  189.76971 597.04535 -20.900328
v  189.69443 489.74506 -19.951687
v  198.59172 596.97845 -21.028332
v  198.51729 489.67801 -20.075573
v  199.80757 452.61182 -27.559662
v  202.71458 444.32907 -27.53186
v  196.73979 452.64178 -32.675716
v  198.13312 444.37402 -35.166912
v  190.83221 452.68646 -32.596054
v  189.31049 444.44061 -35.044598
v  187.99208 452.70163 -27.39864
v  185.06908 444.4631 -27.284075
v  191.05995 452.67215 -22.282099
v  189.6507 444.41953 -19.647343
v  196.96767 452.62729 -22.363232
v  198.47342 444.35245 -19.772831
v  199.83437 480.29361 -27.757242
v  196.76656 480.32361 -32.881008
v  190.85892 480.36829 -32.798637
v  188.01892 480.38339 -27.593552
v  191.08665 480.35379 -22.476036
v  196.99448 480.3089 -22.557425
v  194.01074 602.32336 -28.786602
v  -76.885254 1558.0468 74.899017
v  -76.743195 1554.8317 68.981033
v  -72.239616 1551.8663 74.483673
v  -71.124878 1551.9866 66.817299
v  -65.627769 1552.3546 70.571114
v  -65.765381 1555.5697 76.488937
v  -71.404213 1558.4149 78.652794
v  -68.057579 1584.5364 53.403286
v  -68.201797 1587.7521 59.321175
v  -55.414276 1627.4353 30.906042
v  -55.550259 1630.6516 36.824032
v  -62.409122 1581.692 51.239559
v  -49.728916 1624.5917 28.742514
v  -56.885017 1582.0601 54.99321
v  -44.16684 1624.9597 32.496017
v  -57.022793 1585.2759 60.910885
v  -44.298668 1628.1759 38.413845
v  -62.690689 1588.1208 63.075016
v  -49.996273 1631.0211 40.578152
v  -73.657837 1565.4213 63.427624
v  -73.798279 1568.6366 69.345566
v  -70.74852 1569.4634 62.577694
v  -70.842896 1571.6445 66.592369
v  -68.026558 1562.5765 61.26395
v  -66.922775 1567.5336 61.109829
v  -62.516602 1562.9446 65.017647
v  -63.18298 1567.783 63.6563
v  -62.65295 1566.1597 70.935417
v  -63.275517 1569.9645 67.670799
v  -68.30307 1569.005 73.099426
v  -67.109619 1571.8944 69.138908
v  -67.529503 1580.4576 56.812
v  -67.626976 1582.639 60.82671
v  -63.697071 1578.528 55.344219
v  -59.952728 1578.7775 57.890671
v  -60.047184 1580.9589 61.905266
v  -63.888813 1582.889 63.373341
v  -48.658962 1631.8665 32.530754
v  -202.76315 416.22156 -27.303955
v  -198.19702 416.26672 -34.92131
v  -194.08191 410.54425 -27.121113
v  -189.39436 416.33273 -34.78521
v  -185.15656 416.35538 -27.029222
v  -189.72194 416.31247 -19.410458
v  -198.52557 416.24545 -19.549116
v  -198.17752 489.70023 -35.497063
v  -202.75912 489.65579 -27.84236
v  -198.25388 597.0011 -36.327488
v  -202.83746 596.95728 -28.735548
v  -189.35492 489.7674 -35.371372
v  -189.43129 597.06927 -36.200008
v  -185.11359 489.79001 -27.593058
v  -185.19186 597.09174 -28.4804
v  -189.69505 489.74506 -19.951675
v  -189.77254 597.04535 -20.900312
v  -198.51791 489.67801 -20.075562
v  -198.59453 596.97845 -21.028316
v  -198.13376 444.37402 -35.166897
v  -202.71523 444.32907 -27.531851
v  -196.74043 452.64178 -32.675705
v  -199.8082 452.61182 -27.55965
v  -189.31114 444.44061 -35.044586
v  -190.83279 452.68646 -32.596043
v  -185.06973 444.4631 -27.284069
v  -187.99272 452.70163 -27.398628
v  -189.65129 444.41953 -19.647335
v  -191.06059 452.67215 -22.282085
v  -198.47401 444.35245 -19.772816
v  -196.96829 452.62729 -22.36322
v  -196.76715 480.32361 -32.880993
v  -199.83499 480.29361 -27.757231
v  -190.85953 480.36829 -32.798622
v  -188.01953 480.38339 -27.593538
v  -191.08731 480.35379 -22.476023
v  -196.99512 480.3089 -22.557413
v  -194.01192 602.32336 -28.786589
v  5.7032146 1957.1483 -1.5490959
v  8.637001 1950.3973 -1.5490946
v  5.6931953 1957.4365 -49.357315
v  8.6163025 1950.7188 -49.414112
v  -3.42e-06 1958.873 -1.5490938
v  -2.2875e-05 1959.1542 -49.344521
v  5.6995339 1943.6469 -1.5490952
v  5.6847954 1944.0031 -49.472485
v  5.3624024 1950.3973 0.96675998
v  3.6154773 1954.6407 0.96675956
v  3.1349998e-06 1944.4525 0.96676272
v  -8.4450003e-06 1941.9214 -1.5490936
v  3.6138546 1946.1548 0.96676201
v  8.6452265 1950.3973 29.452604
v  8.6452265 1950.3973 18.006062
v  5.7073684 1957.1483 29.452608
v  5.7073669 1957.1483 18.006083
v  0 1941.9214 29.452606
v  0 1941.9214 18.006063
v  5.707365 1943.6469 29.452606
v  5.7073636 1943.6469 18.006063
v  5.3666568 1950.3971 15.166907
v  3.6175637 1954.6407 15.166907
v  0 1944.4521 15.166908
v  3.6175139 1946.1548 15.166908
v  0 1950.3973 32.895416
v  0 1958.873 29.452608
v  1.1429999e-05 1942.2876 -49.489277
v  -2.3549999e-06 1956.3425 0.96675974
v  0 1958.873 18.006083
v  0 1956.3427 15.166903
v  -8.6162786 1950.7189 -49.41412
v  -8.6370068 1950.3973 -1.5490946
v  -5.6931953 1957.4365 -49.357315
v  -5.7032247 1957.1483 -1.5490948
v  -5.684761 1944.0031 -49.472473
v  -5.6995416 1943.6469 -1.5490927
v  -3.6154718 1954.6407 0.9667598
v  -5.3624067 1950.3973 0.9667623
v  -3.6138539 1946.1548 0.96676016
v  -5.7073669 1957.1483 18.006083
v  -8.6452265 1950.3973 18.006062
v  -5.7073684 1957.1483 29.452608
v  -8.6452265 1950.3973 29.452604
v  -5.7073636 1943.6469 18.006063
v  -5.707365 1943.6469 29.452606
v  -3.6175628 1954.6407 15.166907
v  -5.3666568 1950.3973 15.166907
v  -3.6175132 1946.1548 15.166908
v  196.95557 1038.3542 71.194496
v  192.46857 919.32831 60.452705
v  207.71933 929.20428 25.403107
v  213.05423 1043.8625 31.738571
v  183.30276 929.02209 -41.854172
v  188.98953 1025.4442 -55.688656
v  204.12433 1044.9479 -21.022337
v  194.35411 810.22357 56.356625
v  184.0731 731.29547 44.142536
v  204.3385 807.88031 15.232236
v  194.82185 731.65405 7.8952084
v  179.70625 732.69983 -51.355946
v  183.27316 807.38147 -48.595493
v  165.08597 985.29108 -65.485832
v  172.40434 652.33832 24.461044
v  183.64143 658.49481 -20.202257
v  173.25986 584.85065 36.307926
v  138.26555 609.12579 64.493095
v  141.92911 574.03864 70.806503
v  173.7634 618.198 19.931875
v  91.835175 610.31244 72.549347
v  66.298607 584.27753 60.875118
v  103.39097 573.51129 79.618362
v  183.03276 598.65015 7.7869487
v  128.44061 613.39307 -89.281364
v  167.76137 625.08234 -59.542301
v  178.41402 605.44415 -62.830421
v  173.95139 590.901 -84.996994
v  171.60118 579.87506 -94.831032
v  162.33534 571.94617 -100.6989
v  129.50627 568.76605 -96.070122
v  62.786613 612.92474 -77.173279
v  57.596809 569.12384 -83.786606
v  25.356468 574.26025 -74.877396
v  26.03508 607.77905 -26.993422
v  34.268196 627.38824 -28.437046
v  22.685246 597.04865 -47.740917
v  20.657843 582.37372 -64.224525
v  166.24387 1018.3978 110.54724
v  128.51454 994.42224 133.25595
v  167.35686 908.67749 102.91882
v  129.49774 891.2926 128.31175
v  75.002922 949.64935 126.13171
v  78.934769 861.04791 125.14375
v  164.59299 808.47205 95.174736
v  128.97543 805.83087 119.14954
v  152.85542 727.9538 83.402039
v  141.36295 647.20618 64.180717
v  126.23685 727.2135 103.09258
v  136.34428 912.79022 -85.984116
v  135.8503 871.83264 -91.766914
v  133.80205 807.74078 -94.591362
v  167.53909 658.05859 -57.016296
v  132.30112 731.84656 -91.199799
v  130.99258 655.95245 -87.746773
v  86.661827 882.92731 -92.110191
v  90.187988 851.01434 -97.678505
v  90.02774 804.14325 -98.306038
v  93.142197 653.93591 -82.433609
v  91.545425 729.03955 -92.030006
v  36.911278 840.32422 -75.47998
v  27.190241 874.02856 -69.084366
v  43.022545 800.15094 -78.767174
v  2.7705235 871.66174 -17.986925
v  8.5555983 833.7262 -19.288918
v  15.575383 793.10132 -21.474005
v  5.3509026 834.43488 21.66119
v  3.2287908 872.18921 23.135454
v  10.939063 793.9903 18.872761
v  17.436563 882.69385 72.911461
v  22.443081 839.13861 69.356567
v  29.114208 795.63751 64.376305
v  51.167404 727.54565 -74.914871
v  59.313179 654.27881 -75.23082
v  35.015671 652.71423 -30.155787
v  24.73505 724.60736 -25.768557
v  21.038939 726.73157 13.566656
v  38.072147 726.40735 56.237381
v  81.446037 800.48993 113.29811
v  85.754303 725.77289 97.658653
v  123.4488 647.73712 78.459129
v  124.11946 605.8324 75.249069
v  90.096786 648.45331 74.897751
v  182.05698 628.88153 -23.522654
v  94.528511 612.43683 -83.611786
v  32.033146 655.08563 4.2178164
v  32.545647 627.20502 3.3659019
v  50.199924 652.81049 34.533398
v  50.925308 622.51056 29.670168
v  124.16772 573.93726 75.389198
v  184.94069 610.05103 -25.260918
v  92.207436 569.2312 -89.535789
v  31.363699 611.60089 0.58483714
v  38.809578 602.4267 30.93902
v  189.00348 600.35693 2.1347325
v  134.83836 576.90417 43.519604
v  194.19664 576.92633 32.689682
v  196.48578 550.24976 46.4809
v  183.32974 531.34961 -29.072353
v  135.18028 572.06171 60.810051
v  136.07178 551.49615 56.91193
v  136.34534 552.68011 64.434235
v  196.92155 527.22192 49.20142
v  38.792778 576.87506 60.255592
v  27.903152 531.37988 -1.5533333
v  40.958996 551.98419 73.427162
v  41.51683 528.02643 76.922424
v  133.75275 484.53079 46.359421
v  163.60249 483.34885 39.23735
v  135.66173 504.99457 55.988472
v  196.11629 504.37003 44.701572
v  135.74507 472.96854 59.2677
v  151.31583 470.49585 45.835094
v  137.61711 438.03745 52.198399
v  193.91727 482.18674 32.229439
v  189.26357 461.4776 5.7111516
v  100.06189 502.633 61.631218
v  68.955994 479.44608 52.502842
v  97.607803 482.61075 50.256191
v  83.565369 471.75208 56.194229
v  101.5815 476.42236 67.584473
v  97.606339 437.44763 58.992706
v  38.104794 479.50531 57.619125
v  40.684338 503.51706 72.266479
v  33.820766 460.98074 33.204453
v  28.454824 449.46915 2.1873367
v  24.930494 450.78665 -17.992508
v  62.69598 457.3483 34.083176
v  162.39009 458.77271 14.95302
v  183.82071 448.39664 -26.020828
v  180.23016 450.36942 -46.570084
v  128.26712 438.73111 55.309837
v  134.80678 387.14505 42.920708
v  99.543159 387.26062 49.760555
v  107.73199 438.61618 59.324234
v  67.892349 386.47229 31.179941
v  162.02867 385.73026 13.130064
v  180.3255 394.62512 -30.760305
v  173.23639 387.01837 -22.26712
v  170.72421 387.15466 -38.006695
v  177.37616 394.4823 -45.946655
v  168.03394 387.29065 -53.895317
v  174.27536 476.59293 -80.159203
v  161.81593 449.77859 -51.139721
v  149.44821 427.27948 -83.875099
v  150.50644 472.83646 -79.562492
v  164.42723 316.7435 -1.2483655
v  161.26898 340.53339 -68.3899
v  153.76691 387.03912 -84.056328
v  71.14286 432.63464 -95.190956
v  88.710449 491.7543 -91.042023
v  108.32477 432.9827 -101.58166
v  67.729462 490.57623 -84.771629
v  111.15295 491.71912 -93.490967
v  92.037704 531.60358 -90.980164
v  171.23619 503.85114 -97.744057
v  34.206711 387.57971 -57.35313
v  37.964886 387.96613 -28.272039
v  34.889454 430.02652 -61.049774
v  36.599632 340.99246 -52.007149
v  37.476982 469.742 -57.577869
v  44.587975 448.68073 -24.260208
v  15.811639 503.85117 -70.343163
v  18.896563 475.92245 -52.408886
v  45.434338 387.30832 -1.6816691
v  61.123222 317.04492 11.538781
v  41.711899 387.63721 -14.991902
v  32.807785 395.88202 -19.965654
v  34.979595 395.78958 -5.2460504
v  14.593495 531.60358 -77.540474
v  15.800961 566.34869 -71.060242
v  170.01805 531.60358 -104.89129
v  171.22549 566.34869 -98.203072
v  176.23936 594.90167 -70.294159
v  20.820038 594.90167 -43.393703
v  182.54245 606.74603 -34.976097
v  27.352253 608.18616 -6.8862863
v  33.708992 600.13843 30.000526
v  97.711098 576.89331 50.153301
v  102.27142 572.09912 66.585457
v  136.70708 528.04822 60.010559
v  136.79071 528.20624 66.989822
v  111.53301 567.93378 74.876862
v  129.21603 568.19568 71.55114
v  129.53447 553.74176 75.250748
v  112.03946 554.14117 78.354858
v  102.7763 551.83966 70.586838
v  99.706818 549.59015 64.127319
v  130.3448 528.8598 78.668755
v  112.5636 528.68774 81.91021
v  103.28846 528.02716 73.166153
v  99.493057 527.46655 66.378738
v  136.58951 496.37097 66.015228
v  129.8123 497.31241 76.569107
v  128.61102 474.02502 69.459473
v  102.75245 498.46793 72.391609
v  112.75311 497.72314 79.784019
v  110.97594 473.8829 72.555328
v  49.954094 446.44293 3.1406021
v  37.698677 444.59805 0.36267534
v  34.396275 445.30301 -19.299284
v  168.07735 445.41425 -15.775942
v  175.63855 443.94269 -26.259871
v  172.38203 444.85764 -44.074257
v  98.97908 317.27744 41.468323
v  132.55774 317.20761 35.376034
v  151.67395 200.64137 -3.4886017
v  129.17511 200.64134 27.023077
v  174.9673 340.52719 -40.457783
v  151.54089 123.573 -44.954109
v  163.1839 200.64137 -44.022881
v  147.06909 131.7489 -3.213892
v  143.58784 200.64136 -72.698662
v  159.36528 293.90372 -71.168091
v  174.593 293.89972 -41.996376
v  128.00629 149.16721 31.182117
v  103.32523 149.23375 34.718327
v  99.418732 200.64134 31.025419
v  69.608871 200.64134 11.302093
v  71.972313 135.11513 8.0308371
v  104.70312 109.86962 45.312248
v  133.69286 109.79074 39.364079
v  79.81144 99.943001 29.546413
v  152.37688 98.555779 17.876608
v  159.82579 78.214989 -8.8102121
v  159.92845 70.042175 -47.896332
v  135.50011 123.45785 -76.430656
v  142.19461 76.652267 -84.171288
v  107.88233 127.00041 -93.205124
v  110.54124 95.300278 -96.628029
v  111.82195 200.32712 -96.848282
v  78.523033 127.98377 -86.953842
v  76.515945 95.479744 -91.356903
v  77.777138 199.95941 -92.60569
v  58.202976 123.63876 -58.376568
v  50.481327 76.753693 -65.250046
v  58.676537 200.39307 -58.919762
v  111.30447 294.24817 -111.31415
v  74.410271 294.06882 -105.84109
v  42.954964 294.19788 -52.96883
v  110.00384 387.89371 -110.04369
v  71.833435 387.51328 -103.62532
v  40.205639 317.50555 -17.951149
v  53.637589 200.64137 -25.497778
v  57.554287 82.899635 4.7301722
v  53.426903 127.11893 -27.71163
v  46.730755 77.353699 -27.938629
v  103.1356 590.22498 -22.600864
v  104.76553 107.75495 31.233887
v  127.99357 107.51098 26.58457
v  84.888916 99.748161 18.079178
v  142.61728 98.270958 8.973773
v  148.43413 79.430161 -11.313872
v  148.51431 73.930107 -42.254074
v  134.20161 77.243561 -71.433105
v  108.60977 93.425888 -81.39315
v  81.843735 93.566017 -77.274406
v  61.496395 77.328644 -56.897694
v  67.202034 84.348595 -0.89981461
v  58.479958 79.038498 -26.473539
v  104.24812 130.91162 -25.225487
v  201.57614 1038.9088 30.380344
v  183.98192 1032.7245 63.437531
v  181.95952 1028.0634 -46.679321
v  193.1933 1042.0006 -15.771919
v  156.97205 984.2702 -55.74295
v  157.27446 1016.3013 98.312309
v  124.77695 992.3999 119.32951
v  79.1334 947.26227 112.14989
v  133.6416 912.50238 -75.213943
v  90.458961 882.18518 -80.472618
v  35.103451 871.99316 -61.532288
v  14.62033 869.10693 -17.140265
v  15.163077 869.39832 19.145943
v  26.279617 880.03809 63.071404
v  110.23329 812.49017 4.6398258
v  -192.46791 919.32831 60.452705
v  -196.95486 1038.3542 71.194511
v  -207.71858 929.20428 25.403107
v  -213.05354 1043.8625 31.738594
v  -188.98885 1025.4442 -55.688637
v  -183.30209 929.02209 -41.85416
v  -204.12369 1044.9479 -21.022318
v  -194.84062 731.65405 7.8952746
v  -184.09192 731.29547 44.142727
v  -204.34926 807.88031 15.232219
v  -194.36427 810.22357 56.356655
v  -179.6573 732.69983 -51.355831
v  -183.23846 807.38147 -48.595493
v  -165.08531 985.29108 -65.485817
v  -172.41417 652.33832 24.461439
v  -183.65184 658.49481 -20.202061
v  -138.2677 609.12579 64.493256
v  -173.26042 584.85065 36.308365
v  -141.92856 574.03864 70.806503
v  -173.76776 618.198 19.932291
v  -66.297951 584.27753 60.875195
v  -91.835182 610.31244 72.549431
v  -103.3903 573.51129 79.618546
v  -183.03476 598.65015 7.7872143
v  -167.73297 625.08234 -59.542027
v  -128.42137 613.39307 -89.280876
v  -178.39233 605.44415 -62.83025
v  -173.93619 590.901 -84.996788
v  -171.59615 579.87506 -94.830864
v  -162.33417 571.94617 -100.69863
v  -129.5056 568.76605 -96.069656
v  -57.596134 569.12384 -83.787369
v  -62.785793 612.92474 -77.173912
v  -25.35578 574.26025 -74.877838
v  -26.034409 607.77905 -26.993761
v  -34.267525 627.38824 -28.437462
v  -22.68457 597.04865 -47.741241
v  -20.657158 582.37372 -64.224884
v  -129.49707 891.2926 128.31184
v  -128.51385 994.42224 133.25601
v  -167.35616 908.67749 102.91871
v  -166.24323 1018.3978 110.54718
v  -78.934135 861.04791 125.14378
v  -75.002274 949.64935 126.13175
v  -128.97928 805.83087 119.14974
v  -164.60071 808.47205 95.17482
v  -141.37042 647.20618 64.18084
v  -152.87022 727.9538 83.402382
v  -126.24657 727.2135 103.09271
v  -135.84206 871.83264 -91.766937
v  -136.34363 912.79022 -85.984123
v  -133.75279 807.74078 -94.591278
v  -132.23233 731.84656 -91.199547
v  -167.50035 658.05859 -57.016026
v  -130.94797 655.95245 -87.746323
v  -90.18399 851.01434 -97.678436
v  -86.661148 882.92725 -92.110161
v  -90.006805 804.14325 -98.305946
v  -91.510811 729.03955 -92.029778
v  -93.12101 653.93591 -82.433746
v  -27.189589 874.0285 -69.084366
v  -36.910599 840.32422 -75.480011
v  -43.020374 800.15088 -78.76725
v  -8.554924 833.7262 -19.288912
v  -2.7698488 871.66174 -17.986931
v  -15.574713 793.10132 -21.474039
v  -3.2281172 872.18921 23.135454
v  -5.3502192 834.43488 21.66119
v  -10.93839 793.9903 18.872734
v  -22.4424 839.13861 69.356522
v  -17.435894 882.69385 72.911476
v  -29.113575 795.63751 64.376251
v  -51.158672 727.54565 -74.915176
v  -59.307854 654.27881 -75.231369
v  -24.733833 724.60736 -25.768726
v  -35.014786 652.71423 -30.156183
v  -21.038385 726.73157 13.566513
v  -38.072762 726.40735 56.237198
v  -81.447113 800.48993 113.29806
v  -85.759247 725.77289 97.658394
v  -124.12046 605.8324 75.249359
v  -123.45426 647.73712 78.459419
v  -90.099342 648.45331 74.897804
v  -182.06123 628.88153 -23.522457
v  -94.522491 612.43683 -83.611938
v  -32.544971 627.20502 3.3655109
v  -32.032463 655.08563 4.2174444
v  -50.924641 622.51056 29.66967
v  -50.199856 652.81049 34.532944
v  -124.16705 573.93726 75.389427
v  -184.94208 610.05103 -25.260735
v  -92.206779 569.2312 -89.53598
v  -31.363026 611.60089 0.58446234
v  -38.808937 602.4267 30.938555
v  -134.84435 576.90417 43.518501
v  -189.01207 600.35693 2.1337075
v  -194.20296 576.92633 32.688709
v  -183.33545 531.34961 -29.07336
v  -196.49149 550.24976 46.47987
v  -136.07748 551.49615 56.910839
v  -135.18608 572.06171 60.808937
v  -136.35103 552.68011 64.433159
v  -196.92723 527.22192 49.200401
v  -27.908865 531.37988 -1.5543549
v  -38.798492 576.87506 60.254593
v  -40.964699 551.98419 73.426132
v  -41.522537 528.02643 76.921387
v  -163.6082 483.34885 39.236324
v  -133.75844 484.53079 46.358341
v  -135.66743 504.99457 55.987389
v  -196.12198 504.37003 44.700584
v  -151.32152 470.49585 45.834049
v  -135.75076 472.96854 59.266632
v  -137.6228 438.03745 52.197342
v  -193.92297 482.18674 32.228466
v  -189.26927 461.4776 5.7101612
v  -68.961731 479.44608 52.501846
v  -100.06759 502.633 61.630161
v  -97.613503 482.61075 50.255135
v  -83.571075 471.75208 56.193203
v  -101.5872 476.42236 67.58342
v  -97.612022 437.44763 58.991646
v  -38.110508 479.50531 57.618099
v  -40.690052 503.51706 72.26545
v  -33.826481 460.98074 33.20343
v  -28.42288 449.46915 2.1929777
v  -24.898552 450.78665 -17.986883
v  -62.701672 457.3483 34.082176
v  -162.39578 458.77271 14.951989
v  -183.55882 448.39664 -25.976011
v  -179.96829 450.36942 -46.524979
v  -134.81241 387.14505 42.919674
v  -128.27281 438.73111 55.308811
v  -99.54879 387.26062 49.759521
v  -107.73769 438.61618 59.323196
v  -67.897995 386.47229 31.178904
v  -162.03436 385.73026 13.129193
v  -173.242 387.01837 -22.268055
v  -180.33118 394.62512 -30.761234
v  -170.72987 387.15466 -38.007645
v  -177.38185 394.4823 -45.947609
v  -168.03957 387.29065 -53.896278
v  -174.28107 476.59293 -80.160194
v  -161.82162 449.77859 -51.140755
v  -149.45392 427.27948 -83.876152
v  -150.51215 472.83646 -79.563545
v  -164.4328 316.7435 -1.2495376
v  -161.27463 340.53339 -68.390846
v  -153.77261 387.03912 -84.05735
v  -88.716148 491.7543 -91.043053
v  -71.148529 432.63464 -95.191963
v  -108.33049 432.9827 -101.5827
v  -67.735184 490.57623 -84.772636
v  -111.15867 491.71912 -93.492012
v  -92.043419 531.60358 -90.981201
v  -171.24187 503.85114 -97.745087
v  -37.970547 387.96613 -28.273001
v  -34.212364 387.57971 -57.35421
v  -34.895164 430.02652 -61.050781
v  -36.605217 340.99246 -52.00819
v  -37.4827 469.742 -57.578892
v  -44.593666 448.68073 -24.261181
v  -15.817358 503.85117 -70.344185
v  -18.902264 475.92245 -52.409904
v  -61.128754 317.04492 11.537413
v  -45.439972 387.30832 -1.6826791
v  -41.717552 387.63721 -14.99289
v  -32.813446 395.88202 -19.966619
v  -34.985264 395.78958 -5.2470059
v  -14.599226 531.60358 -77.541504
v  -15.806683 566.34869 -71.061249
v  -170.02376 531.60358 -104.8923
v  -171.23119 566.34869 -98.204094
v  -176.2278 594.90167 -70.295151
v  -20.825745 594.90167 -43.394707
v  -182.54279 606.74603 -34.977116
v  -27.357964 608.18616 -6.8872838
v  -33.714695 600.13843 29.999561
v  -97.716797 576.89331 50.152332
v  -102.27711 572.09912 66.58448
v  -136.71278 528.04822 60.009468
v  -136.79639 528.20624 66.988739
v  -129.22174 568.19568 71.550064
v  -111.53871 567.93378 74.875854
v  -129.54016 553.74176 75.249718
v  -112.04516 554.14117 78.353844
v  -102.782 551.83966 70.5858
v  -99.712532 549.59015 64.126282
v  -112.56931 528.68774 81.90921
v  -130.35051 528.8598 78.66774
v  -103.29416 528.02716 73.1651
v  -99.498756 527.46655 66.377693
v  -136.5952 496.37097 66.01416
v  -129.81801 497.31241 76.568092
v  -128.61671 474.02502 69.458435
v  -102.75815 498.46793 72.390564
v  -112.7588 497.72314 79.783005
v  -110.98163 473.8829 72.554283
v  -49.959801 446.44293 3.1396339
v  -37.670109 444.59805 0.36771119
v  -34.368137 445.30301 -19.294338
v  -168.08305 445.41425 -15.776958
v  -175.51045 443.94269 -26.237673
v  -172.25394 444.85764 -44.05196
v  -98.984619 317.27744 41.467281
v  -132.56328 317.20761 35.374989
v  -151.62155 200.64137 -3.4889407
v  -129.15556 200.64134 27.022055
v  -174.97289 340.52716 -40.458733
v  -163.13257 200.64137 -44.023273
v  -147.07274 133.46637 -3.0328965
v  -151.54564 124.01712 -44.809273
v  -174.59856 293.89969 -41.997665
v  -159.37083 293.90372 -71.169205
v  -143.54187 200.64136 -72.699516
v  -99.459183 200.64134 31.024376
v  -103.33818 149.68469 34.842289
v  -128.01042 150.04373 31.378017
v  -72.014297 133.72456 7.8184543
v  -69.717422 200.64134 11.302999
v  -133.69858 109.79074 39.363003
v  -104.70963 109.86961 45.311291
v  -79.829483 99.943001 29.545269
v  -152.3826 98.555779 17.87542
v  -159.8315 78.214989 -8.8113327
v  -159.93416 70.042183 -47.897339
v  -142.20038 76.652267 -84.172333
v  -135.50876 123.45785 -76.431717
v  -110.55737 95.300278 -96.629051
v  -107.90614 127.00041 -93.206032
v  -111.82729 200.32588 -96.847557
v  -76.555534 95.479744 -91.357956
v  -78.572632 127.97333 -86.954834
v  -77.828445 199.95941 -92.606293
v  -50.542068 76.753693 -65.25106
v  -58.265781 123.63061 -58.377361
v  -58.794247 200.39287 -58.918957
v  -111.31009 294.24817 -111.31518
v  -74.415802 294.06882 -105.84213
v  -42.960495 294.19791 -52.970184
v  -110.00951 387.89371 -110.04475
v  -71.839081 387.51328 -103.62637
v  -40.211185 317.50558 -17.952456
v  -53.776783 200.64137 -25.49568
v  -57.601238 82.899635 4.7291822
v  -46.791481 76.438553 -28.211563
v  -53.488766 126.05321 -28.009821
v  -103.13393 590.22498 -22.601019
v  -127.99947 107.51097 26.583542
v  -104.77585 107.7548 31.232908
v  -84.911896 99.747932 18.078083
v  -142.623 98.270958 8.9726515
v  -148.43987 79.430153 -11.314972
v  -148.52 73.930122 -42.255116
v  -134.2097 77.243561 -71.434074
v  -108.63184 93.425888 -81.394142
v  -81.886093 93.566017 -77.275414
v  -61.553455 77.325821 -56.898712
v  -67.24836 84.348595 -0.9008103
v  -58.537762 78.541245 -26.622532
v  -104.27628 130.92445 -25.229185
v  -183.98123 1032.7245 63.437561
v  -201.57542 1038.9088 30.38036
v  -193.19261 1042.0005 -15.771914
v  -181.95885 1028.0632 -46.679317
v  -156.97139 984.2702 -55.742943
v  -124.77625 992.39978 119.32955
v  -157.27377 1016.3011 98.312309
v  -79.132751 947.26221 112.14993
v  -133.64095 912.50232 -75.213943
v  -90.458275 882.18506 -80.472679
v  -35.102798 871.99298 -61.53231
v  -14.619668 869.10687 -17.140259
v  -15.162402 869.39819 19.145943
v  -26.278942 880.03796 63.071415
v  -110.23755 812.49017 4.6397948
v  197.12782 1588.8892 -22.828953
v  197.12782 1582.4235 -72.335861
v  197.12782 1554.4305 -109.67053
v  221.51346 1546.7018 50.602375
v  251.87454 1565.9233 23.94385
v  221.51346 1579.5338 20.325275
v  255.20012 1524.6165 51.107273
v  279.27988 1550.0753 26.239584
v  288.19879 1500.249 52.804691
v  312.94821 1521.6356 29.578104
v  223.81375 1453.8781 -127.18264
v  221.99808 1506.787 -137.30551
v  257.07562 1496.7094 -128.06763
v  286.83786 1428.1544 -97.612083
v  285.90594 1485.5615 -116.79263
v  317.69846 1467.2518 -99.25882
v  257.32526 1443.4363 -112.25186
v  226.64519 1399.5176 -36.356762
v  226.09592 1411.7854 -87.091034
v  243.27867 1413.3859 -82.778625
v  242.15858 1395.927 -32.767784
v  261.85245 1404.1205 -74.903107
v  224.70863 1444.5555 47.611713
v  241.52603 1484.494 57.901047
v  222.77829 1492.8585 63.468643
v  243.24417 1434.6381 44.683819
v  263.22415 1470.2231 59.307407
v  259.24786 1475.2648 -25.912424
v  329.79123 1487.8586 -67.45089
v  332.41812 1505.2458 -38.695736
v  325.30164 1512.1429 -5.6036639
v  311.16229 1506.8923 20.71962
v  290.65634 1489.1094 39.64856
v  270.53372 1464.3545 44.471638
v  254.19664 1435.9855 31.714693
v  248.98119 1416.4921 6.3414965
v  254.12988 1406.3262 -29.098364
v  269.83267 1412.1116 -61.838753
v  290.58847 1431.1801 -81.592613
v  314.48462 1461.5699 -84.150131
v  221.51346 1587.7982 -73.894569
v  221.51346 1594.7405 -23.910395
v  259.58484 1573.994 -67.703438
v  256.09271 1579.7242 -18.171022
v  221.51346 1558.2404 -114.08985
v  257.93692 1545.1527 -104.36918
v  213.00706 1582.4933 -72.429886
v  213.00706 1588.7998 -22.734814
v  213.00706 1554.1573 -109.89486
v  302.90259 1551.9194 -55.26944
v  292.39017 1557.113 -10.520393
v  329.54837 1528.1378 -3.5919547
v  338.55618 1520.265 -42.627819
v  297.05103 1523.9321 -92.170807
v  334.72394 1498.4783 -77.506271
v  213.00706 1573.671 16.280453
v  197.12782 1574.1946 15.608727
v  197.30202 1506.6675 -129.40884
v  197.12782 1542.4297 45.286758
v  213.00706 1542.8308 44.969963
v  198.86115 1457.9686 -121.00192
v  214.06133 1493.1687 57.491543
v  198.02458 1492.6337 57.59235
v  200.90297 1418.455 -85.722076
v  213.33826 1505.5969 -129.5161
v  215.04721 1456.2542 -120.4394
v  217.18724 1417.5486 -84.741371
v  217.87477 1402.3756 -37.029457
v  215.88309 1448.7936 45.881119
v  199.86433 1447.9968 45.688046
v  217.15935 1413.481 11.422511
v  201.03967 1413.7274 12.178519
v  201.68852 1402.4639 -38.309906
v  225.86346 1412.4841 11.153237
v  236.46376 1409.4574 12.868362
v  322.06052 1190.5166 105.00713
v  328.64963 1188.2467 96.220367
v  333.5062 1190.0681 106.14088
v  339.38071 1190.8984 96.104965
v  343.52237 1195.8232 104.72202
v  336.93304 1198.0938 113.49889
v  326.20206 1195.4415 113.65034
v  377.00375 1444.1046 -16.942554
v  374.13467 1445.3307 -6.313786
v  377.55249 1455.335 -12.305913
v  384.29904 1451.0322 -21.577435
v  388.74686 1459.1855 -15.583271
v  385.87939 1460.4121 -4.9544125
v  378.56198 1453.485 -0.31921142
v  311.59988 1262.2334 65.687843
v  305.01068 1264.5042 74.504135
v  287.48264 1366.889 18.531197
v  280.89172 1369.1605 27.313087
v  322.33112 1264.8857 65.380516
v  298.2142 1369.542 18.332544
v  326.47253 1269.8105 73.919312
v  302.35529 1374.4667 26.943565
v  319.88342 1272.0811 82.695297
v  295.76257 1376.7375 35.689453
v  309.15228 1269.4286 82.971489
v  285.02466 1374.0846 35.859455
v  323.13574 1212.1741 86.27597
v  316.54657 1214.4442 95.040611
v  323.72534 1218.1704 87.813446
v  319.59811 1219.5925 93.302773
v  333.86691 1214.8258 86.133949
v  330.44699 1219.8315 87.715538
v  338.00839 1219.7506 94.783257
v  333.04111 1222.9163 93.117668
v  331.41919 1222.0211 103.5126
v  328.91382 1224.3384 98.592926
v  320.68814 1219.3689 103.62667
v  322.19232 1222.6771 98.679649
v  462.10999 1374.1061 25.109842
v  464.91663 1372.8804 14.480844
v  468.75528 1373.5107 24.782793
v  470.51309 1372.7428 18.125101
v  472.18927 1379.8073 9.846055
v  475.06857 1377.0815 15.222054
v  476.65488 1387.9608 15.84015
v  477.86554 1382.1888 18.976542
v  473.84787 1389.1871 26.469099
v  476.10751 1382.957 25.634163
v  466.57562 1382.2606 31.10405
v  471.55237 1378.6185 28.537367
v  513.11658 1332.7631 43.349987
v  515.92303 1331.538 32.72076
v  532.72345 1316.8707 50.361492
v  535.52979 1315.646 39.73217
v  523.19568 1338.4641 28.086132
v  542.80249 1322.5719 35.09761
v  527.66144 1346.6183 34.080154
v  547.26825 1330.7262 41.091587
v  524.85425 1347.8442 44.709198
v  544.46112 1331.952 51.720676
v  517.58191 1340.9177 49.343899
v  537.18872 1325.0256 56.355293
v  313.95557 1260.5662 70.34716
v  309.82828 1261.9885 75.863419
v  320.67725 1262.2273 70.16201
v  323.27124 1265.3123 75.504799
v  319.14404 1266.7344 81.005264
v  312.42242 1265.073 81.178223
v  511.75446 1338.658 40.159443
v  513.51245 1337.8906 33.501682
v  518.06763 1342.2289 30.59868
v  520.86487 1347.3362 34.353142
v  519.10657 1348.1042 41.010834
v  514.55145 1343.7659 43.91386
v  290.64557 1375.9924 25.13764
v  543.85999 1320.6667 47.108364
v  442.26871 1260.0315 125.75069
v  462.42474 1252.2155 111.57723
v  439.42026 1268.8304 128.53214
v  454.09967 1248.4059 109.97701
v  462.569 1342.5211 104.87375
v  452.91858 1321.8276 113.50055
v  476.52298 1338.7164 99.977005
v  426.83438 1331.5936 112.91211
v  434.62744 1347.8268 106.01659
v  412.46924 1334.3481 106.94573
v  408.76044 1275.2448 127.39298
v  414.1622 1279.9673 130.36987
v  393.53705 1285.338 124.13636
v  376.25488 1280.5867 110.94049
v  375.69983 1286.7444 111.84418
v  361.58838 1262.3704 46.191193
v  374.36386 1250.8973 31.237139
v  370.05762 1255.962 50.840683
v  400.83517 1236.4985 21.691393
v  382.61908 1243.8964 33.770889
v  416.65057 1228.3955 31.061777
v  428.04718 1280.7196 -5.2740731
v  410.42157 1284.8966 -2.0258255
v  434.43961 1296.0355 -12.175112
v  421.50797 1229.1083 23.324579
v  476.78976 1295.171 -1.4456598
v  453.17694 1273.1046 2.0359554
v  462.06082 1292.7397 -7.4313545
v  438.89743 1225.9551 31.041559
v  450.40704 1222.8479 48.890289
v  463.08069 1227.4866 56.040482
v  517.75446 1325.9688 38.618656
v  511.89914 1326.0862 16.694067
v  517.70557 1338.0208 39.911198
v  512.09308 1314.2985 43.574429
v  471.29129 1233.7488 77.69828
v  460.57263 1230.8739 76.466133
v  512.07385 1347.2372 64.067665
v  517.78729 1330.0863 48.232609
v  471.15057 1238.8907 90.278015
v  512.22504 1318.5444 53.493771
v  391.85324 1056.5625 175.31583
v  411.46475 1117.5839 147.33949
v  384.03464 1065.2607 187.73909
v  461.45868 1239.1824 93.481247
v  478.23715 1231.7087 90.129402
v  478.65491 1215.2977 88.996231
v  470.64777 1212.2513 90.491501
v  481.77811 1221.948 86.217171
v  481.58588 1224.8149 92.944977
v  470.59555 1214.9719 96.822662
v  478.69501 1218.1619 95.584763
v  378.01221 1046.0508 136.53618
v  411.01627 1110.3674 129.88385
v  391.37546 1048.7729 156.22197
v  463.46478 1218.7051 95.986244
v  478.62836 1228.5942 82.912254
v  464.04886 1214.7236 88.685684
v  429.04535 1111.9218 142.15002
v  437.99557 1126.8232 135.48705
v  422.03613 1114.5648 141.44992
v  442.70242 1151.6597 129.53978
v  437.33459 1135.5817 130.18614
v  448.47461 1146.6067 126.46023
v  448.1904 1144.3855 120.92621
v  437.01587 1133.5547 126.21349
v  442.77972 1145.493 116.03045
v  435.40436 1169.7186 103.24406
v  435.98227 1176.7812 120.96094
v  459.83215 1183.3 99.100006
v  451.69803 1164.4062 105.34988
v  464.76559 1199.8112 97.485558
v  452.10031 1171.6918 123.04304
v  458.4921 1189.8448 113.16433
v  464.09726 1201.6139 101.33238
v  464.93512 1183.6514 103.79591
v  464.91833 1185.8997 109.73384
v  421.45361 1112.1206 134.78894
v  437.90225 1124.6062 129.81516
v  429.11252 1109.2906 136.35945
v  498.72064 1350.056 82.334625
v  448.85931 1348.0186 105.86111
v  443.91666 1336.6565 114.20253
v  438.38287 1321.3575 116.49826
v  384.992 1312.1191 102.00227
v  361.1138 1283.4803 91.94416
v  364.38794 1292.8303 87.74575
v  368.71451 1276.3535 93.055695
v  355.88879 1273.6967 66.622154
v  357.99792 1279.3846 64.13028
v  359.23767 1268.817 69.262405
v  365.78351 1273.0391 40.467323
v  383.32602 1274.3693 18.42218
v  448.89078 1295.7632 -12.22787
v  444.30762 1282.6359 -9.2086706
v  439.27271 1271.6586 -0.26597762
v  498.535 1314.578 2.3768935
v  298.05136 1074.0964 132.2662
v  288.98981 1085.8615 151.0378
v  292.56433 1092.2823 167.99632
v  304.63092 1094.5427 182.58253
v  314.80176 1062.996 122.68095
v  335.63443 1088.6248 196.88885
v  365.6445 1076.342 197.54849
v  435.90689 1114.3596 140.87257
v  439.28732 1120.1984 138.51909
v  435.91953 1111.9894 135.35295
v  439.26764 1117.6921 132.5905
v  459.27835 1166.8871 117.81634
v  458.94598 1164.5558 111.7293
v  345.2865 1051.1682 121.72174
v  466.20117 1337.2692 95.795731
v  435.70795 1343.5637 98.931801
v  416.358 1331.7931 99.743179
v  414.56979 1288.6088 4.564539
v  435.54401 1298.3362 -4.2810941
v  466.09583 1296.5197 2.4750168
v  503.18686 1324.5782 20.929365
v  508.25735 1335.0004 41.204128
v  503.33939 1343.0488 62.299183
v  491.67853 1345.5104 78.251137
v  448.13614 1343.7312 98.796028
v  392.36304 1312.3812 95.391251
v  374.37012 1295.537 82.789536
v  368.78995 1283.7954 62.056393
v  375.58887 1278.254 41.407143
v  390.90814 1279.4156 22.266703
v  448.16367 1298.0983 -4.327168
v  491.51639 1314.5286 8.4266739
v  436.10333 1218.9907 94.116791
v  340.84283 1070.1682 160.13536
v  311.65451 1044.3271 218.91199
v  317.41638 1024.0645 227.19946
v  335.9454 1033.6942 218.80421
v  284.98035 1049.5286 206.93059
v  286.70953 1034.3853 219.93832
v  356.98242 1022.528 210.69717
v  339.93188 1015.2472 229.27682
v  255.7009 936.13391 240.31557
v  285.52438 981.96283 246.26126
v  263.32489 976.83331 246.46219
v  270.40189 934.39862 253.64117
v  282.75354 930.86786 247.81645
v  311.20502 973.17377 243.36766
v  294.11746 967.69385 253.24989
v  306.66672 1083.0776 177.78943
v  279.05695 1069.9598 165.12596
v  251.62714 1023.2899 191.84622
v  319.7236 1098.38 138.14262
v  331.42114 1118.2487 146.30907
v  332.0766 1111.6156 132.14076
v  258.66977 967.88629 220.88162
v  251.33087 985.20258 232.03198
v  319.73535 921.72083 249.37236
v  334.94302 960.15375 235.93718
v  321.12592 961.02588 254.06581
v  368.96848 1059.9771 192.67249
v  380.30716 1073.8872 154.71727
v  382.5571 1100.373 157.68777
v  377.63089 1038.7288 167.42502
v  381.03931 1094.1299 144.94444
v  370.97461 1052.9756 146.0573
v  360.61176 1024.7714 154.98605
v  278.62106 1069.6504 138.98224
v  309.27414 1086.77 145.55334
v  312.54907 1074.6769 131.04558
v  293.0148 1037.416 133.68462
v  331.22369 1063.8765 128.70082
v  319.0386 1032.0232 140.28966
v  357.75549 1052.4008 136.67046
v  341.51813 1027.8745 146.40718
v  243.22824 1050.1819 149.83878
v  253.57027 1040.7992 131.95708
v  245.50917 1041.2029 172.62445
v  261.96338 1022.6742 138.78197
v  279.1015 1016.5997 160.26051
v  263.08438 1021.468 156.34169
v  256.04169 1008.7316 180.74838
v  252.87628 966.45636 191.05182
v  236.59888 970.72833 201.83136
v  269.8266 980.42767 184.01295
v  262.1394 961.64319 208.90076
v  292.63901 969.99243 188.70041
v  283.01288 924.78064 230.4455
v  269.73181 923.11963 223.78537
v  315.56055 965.6413 194.05435
v  303.35492 917.40912 230.75117
v  292.50684 919.10028 227.06973
v  181.79073 999.10327 162.10254
v  191.42546 986.66772 141.39285
v  192.06987 985.55536 156.13629
v  291.96866 875.74371 248.33096
v  306.00842 877.67084 261.02188
v  294.91995 880.3559 259.39026
v  308.32111 924.28644 247.25046
v  296.72223 929.34503 257.70279
v  286.58994 863.91473 254.90396
v  276.81219 865.4306 248.35048
v  279.9679 922.20245 250.13785
v  267.70776 926.99609 255.76944
v  253.42526 927.99603 243.51773
v  223.39459 937.73163 231.1774
v  234.15701 938.02478 243.02121
v  225.34447 944.09442 228.96678
v  236.55429 945.77631 240.84827
v  249.96896 938.72534 233.84512
v  247.36748 931.38074 236.46683
v  346.36014 1120.0216 161.61096
v  327.98212 1080.6404 194.98657
v  369.62592 1111.3219 166.39339
v  351.41727 1070.4697 197.31332
v  240.20105 986.81561 216.42778
v  365.77744 997.04462 188.79665
v  344.86407 948.7973 214.02509
v  327.79593 913.63892 236.4901
v  372.73056 1067.8979 136.90466
v  375.50912 1092.6448 131.24759
v  350.13351 997.53522 180.28918
v  336.284 959.09363 198.82594
v  318.5191 911.1076 226.0321
v  358.69995 1069.1865 128.89011
v  364.04578 1094.3859 124.11488
v  337.60913 1076.5479 121.1823
v  349.0972 1099.923 121.92121
v  324.47668 1089.4471 125.37563
v  336.90146 1105.9287 125.23894
v  225.24977 939.50934 217.02708
v  309.48502 1007.39 169.14627
v  329.66226 1003.1611 174.44597
v  221.49196 1033.5033 151.091
v  226.68851 1024.4971 164.90092
v  236.5106 1009.377 155.99139
v  227.21605 1023.9139 136.97574
v  234.63571 1010.4869 141.27618
v  239.65097 934.0802 210.71321
v  257.03485 929.151 228.10068
v  250.29839 932.28577 220.09169
v  184.96315 999.7359 138.59117
v  180.70309 1007.6684 150.95602
v  219.8945 1019.7181 137.37692
v  214.27264 1028.931 151.21352
v  218.21227 1019.7059 164.44827
v  317.00925 912.97278 251.69081
v  325.48932 907.18817 239.11218
v  303.6051 870.27985 241.52394
v  312.9231 872.04498 253.40816
v  305.60614 915.38647 249.71303
v  293.92902 921.33545 259.92514
v  288.93906 867.91968 265.75055
v  264.91306 870.59973 254.84969
v  277.5231 874.29071 272.95303
v  264.52185 874.1535 263.01392
v  250.39185 879.41852 269.44513
v  251.76285 868.51135 245.46931
v  240.43707 875.12451 248.77721
v  232.90665 883.42542 238.72893
v  232.20308 888.56805 251.82278
v  220.23976 893.02405 255.66942
v  209.92386 893.7735 246.53885
v  222.6553 883.60107 231.04158
v  212.58893 888.06842 233.8987
v  240.16528 880.57733 262.25748
v  -196.94145 1582.4235 -72.335861
v  -196.94145 1588.8892 -22.828953
v  -196.94145 1554.4305 -109.67053
v  -251.94678 1565.9233 23.94385
v  -221.32712 1546.7018 50.602375
v  -221.32712 1579.5338 20.325275
v  -255.03908 1524.6165 51.107273
v  -288.10016 1500.249 52.804691
v  -280.20895 1550.0753 26.239584
v  -313.89429 1521.6356 29.578104
v  -221.8277 1506.787 -137.30551
v  -223.70325 1453.8781 -127.18264
v  -256.94968 1496.7094 -128.06763
v  -285.82626 1485.5615 -116.79263
v  -286.81363 1428.1544 -97.612083
v  -317.66876 1467.2518 -99.25882
v  -257.2569 1443.4363 -112.25186
v  -226.06065 1411.7854 -87.091034
v  -226.62807 1399.5176 -36.356758
v  -243.24934 1413.3859 -82.778625
v  -242.14432 1395.927 -32.767784
v  -261.84109 1404.1205 -74.903107
v  -241.3987 1484.494 57.901047
v  -224.62764 1444.5555 47.611713
v  -222.63365 1492.8585 63.468643
v  -263.13007 1470.2231 59.307407
v  -243.1788 1434.6381 44.683819
v  -330.1561 1487.8586 -67.45089
v  -259.13962 1475.2648 -25.912424
v  -333.38013 1505.2458 -38.695736
v  -326.36514 1512.1429 -5.6036639
v  -311.90656 1506.8923 20.719622
v  -290.72241 1489.1094 39.64856
v  -270.44308 1464.3545 44.471638
v  -254.1283 1435.9855 31.714693
v  -248.93617 1416.4921 6.3414969
v  -254.1066 1406.3262 -29.098364
v  -269.8212 1412.1116 -61.838753
v  -290.56992 1431.1801 -81.592613
v  -314.45993 1461.5699 -84.150131
v  -255.92932 1579.7242 -18.171022
v  -221.32712 1594.7405 -23.910395
v  -259.42462 1573.994 -67.703438
v  -221.32712 1587.7982 -73.894569
v  -257.77548 1545.1527 -104.36918
v  -221.32712 1558.2404 -114.08985
v  -212.82072 1588.7998 -22.734814
v  -212.82072 1582.4933 -72.429886
v  -212.82072 1554.1573 -109.89486
v  -293.80261 1557.113 -10.520393
v  -303.07953 1551.9194 -55.26944
v  -339.69897 1520.265 -42.627819
v  -330.86768 1528.1378 -3.5919547
v  -334.69354 1498.4783 -77.506271
v  -296.95346 1523.9321 -92.170807
v  -212.82072 1573.671 16.280453
v  -196.94145 1574.1946 15.608727
v  -197.12215 1506.6675 -129.40884
v  -212.82072 1542.8308 44.969963
v  -196.94145 1542.4297 45.286758
v  -198.73915 1457.9686 -121.00192
v  -197.87154 1492.6337 57.59235
v  -213.91115 1493.1687 57.491543
v  -200.85681 1418.455 -85.722076
v  -213.16328 1505.5969 -129.5161
v  -214.93086 1456.2542 -120.4394
v  -217.14435 1417.5486 -84.741371
v  -217.85545 1402.3756 -37.029457
v  -215.79543 1448.7936 45.881123
v  -199.77957 1447.9968 45.688046
v  -200.99855 1413.7274 12.178519
v  -217.11549 1413.481 11.422511
v  -201.67151 1402.4639 -38.309906
v  -236.42557 1409.4574 12.868362
v  -225.82054 1412.4841 11.153237
v  -328.64963 1188.2467 96.22036
v  -322.06052 1190.5166 105.00713
v  -333.5062 1190.0681 106.14088
v  -339.38071 1190.8984 96.10495
v  -343.52237 1195.8232 104.72202
v  -336.93304 1198.0938 113.49889
v  -326.20206 1195.4415 113.65034
v  -374.2334 1445.3307 -6.313786
v  -377.04376 1444.1046 -16.942554
v  -377.70502 1455.335 -12.305913
v  -384.31686 1451.0322 -21.577435
v  -388.78207 1459.1855 -15.583271
v  -385.97534 1460.4121 -4.9544125
v  -378.69659 1453.485 -0.31921142
v  -280.89169 1369.1605 27.313087
v  -305.01068 1264.5042 74.504135
v  -287.48264 1366.889 18.531195
v  -311.59988 1262.2334 65.687843
v  -298.2142 1369.542 18.332546
v  -322.33112 1264.8857 65.380516
v  -302.35529 1374.4667 26.943565
v  -326.47253 1269.8105 73.919312
v  -295.76245 1376.7375 35.689453
v  -319.88342 1272.0811 82.695297
v  -285.02438 1374.0846 35.859455
v  -309.15228 1269.4286 82.971489
v  -319.59811 1219.5925 93.302773
v  -316.54657 1214.4442 95.040611
v  -323.72534 1218.1704 87.813446
v  -323.13574 1212.1741 86.27597
v  -330.44699 1219.8315 87.715538
v  -333.86691 1214.8258 86.133949
v  -333.04111 1222.9163 93.117668
v  -338.00839 1219.7506 94.783257
v  -328.91382 1224.3384 98.592926
v  -331.41919 1222.0211 103.5126
v  -322.19232 1222.6771 98.679649
v  -320.68814 1219.3689 103.62667
v  -470.51309 1372.7428 18.125101
v  -464.91663 1372.8804 14.480844
v  -468.75528 1373.5107 24.782793
v  -462.10999 1374.1061 25.109842
v  -475.06857 1377.0815 15.222054
v  -472.18927 1379.8073 9.846055
v  -477.86554 1382.1888 18.976542
v  -476.65488 1387.9608 15.84015
v  -476.10751 1382.957 25.634163
v  -473.84787 1389.1871 26.469099
v  -471.55237 1378.6185 28.537367
v  -466.57562 1382.2606 31.10405
v  -535.52979 1315.646 39.73217
v  -515.92303 1331.538 32.72076
v  -532.72345 1316.8707 50.361492
v  -513.11658 1332.7631 43.349987
v  -542.80249 1322.5719 35.09761
v  -523.19568 1338.4641 28.086132
v  -547.26825 1330.7262 41.091587
v  -527.66144 1346.6183 34.080154
v  -544.46112 1331.952 51.720676
v  -524.85425 1347.8442 44.709198
v  -537.18872 1325.0256 56.355293
v  -517.58191 1340.9177 49.343899
v  -309.82828 1261.9885 75.863419
v  -313.95557 1260.5662 70.34716
v  -320.67725 1262.2273 70.16201
v  -323.27124 1265.3123 75.504799
v  -319.14404 1266.7344 81.005264
v  -312.42242 1265.073 81.178223
v  -513.51245 1337.8906 33.501682
v  -511.75446 1338.658 40.159443
v  -518.06763 1342.2289 30.59868
v  -520.86487 1347.3362 34.353142
v  -519.10657 1348.1042 41.010834
v  -514.55145 1343.7659 43.91386
v  -290.64514 1375.9924 25.13764
v  -543.85999 1320.6667 47.108364
v  -462.42474 1252.2155 111.57723
v  -442.26871 1260.0315 125.75069
v  -439.42026 1268.8304 128.53214
v  -454.09967 1248.4059 109.97701
v  -452.91858 1321.8276 113.50055
v  -462.569 1342.5211 104.87375
v  -476.52298 1338.7164 99.977005
v  -434.62744 1347.8268 106.01659
v  -426.83438 1331.5936 112.91211
v  -412.46924 1334.3481 106.94573
v  -408.76044 1275.2448 127.39298
v  -414.1622 1279.9673 130.36987
v  -393.53705 1285.338 124.13636
v  -376.25488 1280.5867 110.94049
v  -375.69983 1286.7444 111.84418
v  -374.36386 1250.8973 31.237139
v  -361.58838 1262.3704 46.191193
v  -370.05762 1255.962 50.840683
v  -400.83517 1236.4985 21.691393
v  -382.61908 1243.8964 33.770889
v  -416.65057 1228.3955 31.061777
v  -410.42157 1284.8966 -2.0258255
v  -428.04718 1280.7196 -5.2740731
v  -434.43961 1296.0355 -12.175112
v  -421.50797 1229.1083 23.324579
v  -453.17694 1273.1046 2.0359554
v  -476.78976 1295.171 -1.4456598
v  -462.06082 1292.7397 -7.4313545
v  -438.89743 1225.9551 31.041559
v  -450.40704 1222.8479 48.890289
v  -463.08069 1227.4866 56.040482
v  -511.89914 1326.0862 16.694067
v  -517.75446 1325.9688 38.618656
v  -517.70557 1338.0208 39.911198
v  -512.09308 1314.2985 43.574429
v  -471.29129 1233.7488 77.69828
v  -460.57263 1230.8739 76.466133
v  -512.07385 1347.2372 64.067665
v  -517.78729 1330.0863 48.232609
v  -512.22504 1318.5444 53.493771
v  -471.15057 1238.8907 90.278015
v  -411.46475 1117.5839 147.33949
v  -391.85324 1056.5625 175.31583
v  -384.03464 1065.2607 187.73909
v  -461.45868 1239.1824 93.481247
v  -478.23715 1231.7087 90.129402
v  -470.64777 1212.2513 90.491501
v  -478.65491 1215.2977 88.996231
v  -481.77811 1221.948 86.217171
v  -470.59555 1214.9719 96.822662
v  -481.58588 1224.8149 92.944977
v  -478.69501 1218.1619 95.584763
v  -411.01627 1110.3674 129.88385
v  -378.01221 1046.0508 136.53618
v  -391.37546 1048.7729 156.22197
v  -463.46478 1218.7051 95.986244
v  -478.62836 1228.5942 82.912254
v  -464.04886 1214.7236 88.685684
v  -437.99557 1126.8232 135.48705
v  -429.04535 1111.9218 142.15002
v  -422.03613 1114.5648 141.44992
v  -437.33459 1135.5817 130.18614
v  -442.70242 1151.6597 129.53978
v  -448.47461 1146.6067 126.46023
v  -437.01587 1133.5547 126.21349
v  -448.1904 1144.3855 120.92621
v  -442.77972 1145.493 116.03045
v  -435.40436 1169.7186 103.24406
v  -435.98227 1176.7812 120.96094
v  -459.83215 1183.3 99.100006
v  -451.69803 1164.4062 105.34988
v  -464.76559 1199.8112 97.485558
v  -458.4921 1189.8448 113.16433
v  -452.10031 1171.6918 123.04304
v  -464.09726 1201.6139 101.33238
v  -464.93512 1183.6514 103.79591
v  -464.91833 1185.8997 109.73384
v  -437.90225 1124.6062 129.81516
v  -421.45361 1112.1206 134.78894
v  -429.11252 1109.2906 136.35945
v  -498.72064 1350.056 82.334625
v  -448.85931 1348.0186 105.86111
v  -443.91666 1336.6565 114.20253
v  -438.38287 1321.3575 116.49826
v  -384.992 1312.1191 102.00227
v  -364.38794 1292.8303 87.74575
v  -361.1138 1283.4803 91.94416
v  -368.71451 1276.3535 93.055695
v  -357.99792 1279.3846 64.13028
v  -355.88879 1273.6967 66.622154
v  -359.23767 1268.817 69.262405
v  -365.78351 1273.0391 40.467323
v  -383.32602 1274.3693 18.42218
v  -448.89078 1295.7632 -12.22787
v  -444.30762 1282.6359 -9.2086706
v  -439.27271 1271.6586 -0.26597762
v  -498.535 1314.578 2.3768935
v  -288.98981 1085.8615 151.0378
v  -298.05136 1074.0964 132.2662
v  -292.56433 1092.2823 167.99632
v  -304.63092 1094.5427 182.58253
v  -314.80176 1062.996 122.68095
v  -335.63443 1088.6248 196.88885
v  -365.6445 1076.342 197.54849
v  -439.28732 1120.1984 138.51909
v  -435.90689 1114.3596 140.87257
v  -439.26764 1117.6921 132.5905
v  -435.91953 1111.9894 135.35295
v  -458.94598 1164.5558 111.7293
v  -459.27835 1166.8871 117.81634
v  -345.2865 1051.1682 121.72174
v  -466.20117 1337.2692 95.795731
v  -416.358 1331.7931 99.743179
v  -435.70795 1343.5637 98.931801
v  -435.54401 1298.3362 -4.2810941
v  -414.56979 1288.6088 4.564539
v  -466.09583 1296.5197 2.4750168
v  -508.25735 1335.0004 41.204128
v  -503.18686 1324.5782 20.929365
v  -503.33939 1343.0488 62.299183
v  -491.67853 1345.5104 78.251137
v  -448.13614 1343.7312 98.796028
v  -392.36304 1312.3812 95.391251
v  -374.37012 1295.537 82.789536
v  -368.78995 1283.7954 62.056393
v  -375.58887 1278.254 41.407143
v  -390.90814 1279.4156 22.266703
v  -448.16367 1298.0983 -4.327168
v  -491.51639 1314.5286 8.4266739
v  -436.10333 1218.9907 94.116791
v  -340.84283 1070.1682 160.13536
v  -317.41638 1024.0645 227.19946
v  -311.65451 1044.3271 218.91199
v  -335.9454 1033.6942 218.80421
v  -284.98035 1049.5286 206.93059
v  -286.70953 1034.3853 219.93832
v  -356.98242 1022.528 210.69717
v  -339.93188 1015.2472 229.27682
v  -285.52438 981.96283 246.26126
v  -255.7009 936.13391 240.31557
v  -263.32489 976.83331 246.46219
v  -270.40189 934.39862 253.64117
v  -311.20502 973.17377 243.36766
v  -282.75354 930.86786 247.81645
v  -294.11746 967.69385 253.24989
v  -306.66672 1083.0776 177.78943
v  -279.05695 1069.9598 165.12596
v  -251.62714 1023.2899 191.84622
v  -331.42114 1118.2487 146.30907
v  -319.7236 1098.38 138.14262
v  -332.0766 1111.6156 132.14076
v  -258.66977 967.88629 220.88162
v  -251.33087 985.20258 232.03198
v  -334.94302 960.15375 235.93718
v  -319.73535 921.72083 249.37236
v  -321.12592 961.02588 254.06581
v  -380.30716 1073.8872 154.71727
v  -368.96848 1059.9771 192.67249
v  -382.5571 1100.373 157.68777
v  -377.63089 1038.7288 167.42502
v  -381.03931 1094.1299 144.94444
v  -370.97461 1052.9756 146.0573
v  -360.61176 1024.7714 154.98605
v  -309.27414 1086.77 145.55334
v  -278.62106 1069.6504 138.98224
v  -312.54907 1074.6769 131.04558
v  -293.0148 1037.416 133.68462
v  -331.22369 1063.8765 128.70082
v  -319.0386 1032.0232 140.28966
v  -357.75549 1052.4008 136.67046
v  -341.51813 1027.8745 146.40718
v  -243.22824 1050.1819 149.83878
v  -253.57027 1040.7992 131.95708
v  -245.50917 1041.2029 172.62445
v  -261.96338 1022.6742 138.78197
v  -279.1015 1016.5997 160.26051
v  -263.08438 1021.468 156.34169
v  -252.87628 966.45636 191.05182
v  -256.04169 1008.7316 180.74838
v  -236.59888 970.72833 201.83136
v  -269.8266 980.42767 184.01295
v  -262.1394 961.64319 208.90076
v  -292.63901 969.99243 188.70041
v  -283.01288 924.78064 230.44553
v  -269.73181 923.11963 223.78537
v  -303.35492 917.40912 230.75117
v  -315.56055 965.6413 194.05435
v  -292.50684 919.10028 227.06973
v  -191.42546 986.66772 141.39285
v  -181.79073 999.10327 162.10254
v  -192.06987 985.55536 156.13629
v  -306.00842 877.67084 261.02188
v  -291.96866 875.74371 248.33096
v  -294.91995 880.3559 259.39026
v  -308.32111 924.28644 247.25046
v  -296.72223 929.34503 257.70279
v  -286.58994 863.91473 254.90396
v  -276.81219 865.4306 248.35048
v  -267.70776 926.99609 255.76944
v  -279.9679 922.20245 250.13785
v  -253.42526 927.99603 243.51773
v  -236.55429 945.77631 240.84827
v  -234.15701 938.02478 243.02121
v  -225.34447 944.09442 228.96678
v  -223.39459 937.73163 231.1774
v  -247.36748 931.38074 236.46686
v  -249.96896 938.72534 233.84515
v  -351.41727 1070.4697 197.31332
v  -327.98212 1080.6404 194.98657
v  -369.62592 1111.3219 166.39339
v  -346.36014 1120.0216 161.61096
v  -240.20105 986.81561 216.42778
v  -344.86407 948.7973 214.02509
v  -365.77744 997.04462 188.79665
v  -327.79593 913.63892 236.4901
v  -375.50912 1092.6448 131.24759
v  -372.73056 1067.8979 136.90466
v  -350.13351 997.53522 180.28918
v  -336.284 959.09363 198.82594
v  -318.5191 911.1076 226.03214
v  -364.04578 1094.3859 124.11488
v  -358.69995 1069.1865 128.89011
v  -349.0972 1099.923 121.92121
v  -337.60913 1076.5479 121.1823
v  -336.90146 1105.9287 125.23894
v  -324.47668 1089.4471 125.37563
v  -225.24977 939.50934 217.02708
v  -309.48502 1007.39 169.1463
v  -329.66226 1003.1611 174.44597
v  -226.68851 1024.4971 164.90092
v  -221.49196 1033.5033 151.091
v  -236.5106 1009.377 155.99139
v  -227.21605 1023.9139 136.97575
v  -234.63571 1010.4869 141.2762
v  -239.65097 934.0802 210.71321
v  -257.03485 929.151 228.10068
v  -250.29839 932.28577 220.09169
v  -214.27264 1028.931 151.21352
v  -180.70309 1007.6684 150.95602
v  -219.8945 1019.7181 137.37692
v  -184.96315 999.7359 138.59117
v  -218.21227 1019.7059 164.44827
v  -325.48932 907.18817 239.11218
v  -317.00925 912.97278 251.69081
v  -312.9231 872.04498 253.40816
v  -303.6051 870.27985 241.52396
v  -305.60614 915.38647 249.71303
v  -293.92902 921.33545 259.92514
v  -288.93906 867.91968 265.75055
v  -264.91306 870.59973 254.8497
v  -277.5231 874.29071 272.95303
v  -264.52185 874.1535 263.01392
v  -251.76285 868.51135 245.46935
v  -250.39185 879.41852 269.44513
v  -240.43707 875.12451 248.77722
v  -232.20308 888.56805 251.82278
v  -232.90665 883.42542 238.72893
v  -212.58893 888.06842 233.8987
v  -209.92386 893.7735 246.53885
v  -222.6553 883.60107 231.04158
v  -220.23976 893.02405 255.66942
v  -240.16528 880.57733 262.25748
v  21.342171 1808.5125 73.281548
v  13.825899 1829.6305 93.861061
v  7.1820003e-05 1819.8425 92.762497
v  2.7899998e-05 1899.9495 66.790512
v  4.9754999e-05 1848.6086 86.068649
v  34.148155 1896.8177 64.43383
v  32.85368 1860.293 78.622108
v  67.968353 1808.6667 65.064796
v  76.369659 1810.3248 73.753098
v  56.479244 1810.163 66.095146
v  66.640366 1825.526 83.706306
v  78.128067 1902.5156 7.7652345
v  91.985497 1848.7983 23.232252
v  99.624619 1853.5854 -28.419605
v  68.803406 1885.973 51.483238
v  83.214035 1897.3698 -28.412594
v  102.28717 1886.4469 -28.412611
v  111.70267 1854.0494 -28.412584
v  34.425171 1926.959 21.150904
v  57.163315 1924.6744 -28.412586
v  83.58149 1916.5133 -28.412592
v  33.647449 1936.0186 -28.430555
v  63.696419 1933.219 -28.412594
v  15.624287 1963.9724 -28.41424
v  5.7209996e-05 1941.4091 -28.46517
v  35.722317 1949.4243 -28.417658
v  8.0099991e-05 1970.5652 -28.412659
v  16.24511 1794.7815 73.616302
v  3.4049997e-05 1798.9437 97.416824
v  5.0070004e-05 1785.0864 104.00111
v  18.823832 1781.3944 72.247284
v  62.888729 1797.1422 63.87698
v  60.747517 1781.8315 63.342758
v  65.552589 1781.2687 66.658791
v  12.398391 1768.8582 95.336464
v  4.9964994e-05 1750.511 98.990005
v  25.610834 1773.2578 70.389275
v  35.526459 1757.2445 83.106392
v  40.353821 1768.949 66.909195
v  16.621162 1735.3563 91.83252
v  45.522751 1737.031 74.833672
v  58.004253 1762.9446 70.86792
v  98.934952 1804.2559 -28.412573
v  118.63222 1804.101 -28.412594
v  111.95185 1809.1543 -28.412596
v  45.926102 1706.4154 63.265968
v  71.057549 1737.6858 46.828197
v  85.283127 1735.0481 -28.412586
v  87.344994 1706.8108 -30.778444
v  100.85703 1754.29 -28.412563
v  76.353767 1703.7594 -28.412569
v  78.805733 1678.5594 -22.061037
v  83.936417 1695.3416 -22.251909
v  27.633905 1706.4154 77.379311
v  17.175594 1713.8844 87.75592
v  8.2905004e-05 1748.5253 95.617561
v  4.9964994e-05 1735.7174 93.468033
v  17.175533 1706.4154 80.496529
v  17.175606 1702.3365 83.354408
v  23.377726 1682.6096 75.335403
v  28.923145 1662.3965 58.947174
v  43.999283 1683.8572 57.08968
v  29.515308 1654.8693 38.66853
v  29.370564 1650.3682 15.567016
v  49.191822 1658.0264 22.258686
v  57.845634 1661.729 -5.0674381
v  5.7209996e-05 1965.8889 -54.222351
v  101.2063 1754.0581 -53.798412
v  87.190544 1710.0569 -45.457062
v  75.593613 1670.1437 -28.412567
v  68.720207 1677.3356 -28.412567
v  63.905399 1664.0123 -27.2264
v  69.780197 1674.1458 -47.051685
v  72.8125 1664.8733 -44.177071
v  73.964111 1667.3359 -59.222527
v  60.061008 1675.8301 -85.43277
v  71.369186 1682.5276 -64.930771
v  66.73629 1703.5912 -97.832832
v  84.978745 1708.8783 -58.841793
v  96.182213 1754.4603 -86.876755
v  89.799812 1692.4038 -69.899879
v  79.259445 1693.5907 -68.563957
v  93.213661 1704.8978 -61.13134
v  72.320244 1709.4712 -102.85188
v  81.103294 1754.8373 -118.03806
v  78.693741 1703.1189 -65.420624
v  76.394463 1676.1926 -68.719795
v  54.671745 1757.9706 -143.34106
v  84.658905 1758.1375 -122.45847
v  57.93631 1808.6071 -152.59514
v  86.871162 1810.7065 -125.13881
v  87.867142 1805.6057 -129.02798
v  81.838455 1848.1914 -133.22224
v  54.884834 1843.2834 -155.4919
v  29.659092 1826.3102 -170.57072
v  30.646154 1805.7781 -168.02208
v  67.210213 1923.4573 -93.684547
v  29.599365 1951.5466 -54.283142
v  73.318932 1925.1235 -53.939854
v  26.398108 1949.6372 -94.765495
v  2.2875e-05 1953.1395 -94.43782
v  90.649658 1886.5249 -94.010414
v  102.67756 1856.1011 -93.156151
v  66.030029 1885.174 -141.5755
v  24.096806 1934.5631 -120.83884
v  55.813534 1915.1445 -127.94839
v  13.183146 1880.09 -157.65016
v  13.564648 1895.7886 -149.24629
v  15.728909 1888.9707 -152.89218
v  4.6679997e-05 1809.3866 93.856819
v  32.444714 1834.6859 95.795181
v  33.445145 1815.9939 71.490471
v  56.186401 1855.386 72.863487
v  51.120178 1834.1852 92.358528
v  46.408741 1815.6315 68.721947
v  78.575073 1836.4452 61.240517
v  83.316498 1808.9691 54.118477
v  94.169197 1807.6145 21.592831
v  80.510468 1807.1575 51.324528
v  91.114273 1805.225 20.360657
v  6.1259998e-05 1932.6138 23.544395
v  76.956139 1778.5292 49.681465
v  51.560497 1772.1195 64.71698
v  87.214104 1777.7479 19.139565
v  94.629112 1776.3658 -28.412573
v  78.882423 1736.3052 14.937134
v  63.450825 1706.4154 42.638874
v  72.269997 1706.4154 11.609343
v  64.971695 1674.4792 6.7484417
v  57.311619 1668.4072 31.910606
v  4.9995004e-05 1713.8844 89.471306
v  6.1004994e-05 1702.3365 85.695442
v  4.9964994e-05 1681.5992 82.113907
v  4.9995004e-05 1659.7697 74.77536
v  2.7945001e-05 1651.428 52.340801
v  2.8125001e-05 1645.9513 23.418341
v  60.974949 1609.8768 -27.405806
v  54.785686 1609.8766 -4.7474422
v  29.185217 1609.8766 14.145371
v  2.8125001e-05 1609.8766 22.705114
v  110.87168 1854.1768 -53.683781
v  100.17462 1886.5088 -53.595428
v  112.39402 1809.0176 -54.374218
v  117.98774 1803.889 -54.914013
v  111.65465 1757.3391 -28.412556
v  111.5904 1757.229 -53.720676
v  95.653763 1704.0995 -31.043301
v  93.58477 1693.2444 -21.624126
v  95.429596 1708.5425 -45.67487
v  88.844353 1675.0499 -21.193951
v  86.029495 1666.3683 -27.782991
v  83.300003 1660.4905 -43.034142
v  61.227215 1664.9208 -51.56078
v  83.170143 1664.6975 -60.636715
v  52.028172 1667.2628 -78.456123
v  59.833736 1609.8768 -51.102615
v  45.887669 1609.8768 -77.636223
v  30.364952 1678.5719 -112.38171
v  25.218302 1669.413 -102.69099
v  25.757414 1609.8768 -101.58261
v  31.686481 1705.8052 -122.33878
v  8.0099991e-05 1680.1052 -117.19036
v  4.5765002e-05 1670.5586 -107.49014
v  5.7209996e-05 1706.8235 -128.20966
v  6.3000002e-06 1609.8768 -107.01675
v  106.00792 1757.6301 -86.686028
v  110.81215 1804.8306 -91.30497
v  85.417435 1675.1129 -69.93821
v  33.874443 1712.0969 -129.65744
v  4.5765002e-05 1713.1008 -134.94456
v  32.47546 1757.6763 -156.46317
v  2.2875e-05 1757.6885 -161.44179
v  105.26323 1809.9907 -90.263168
v  36.739597 1910.3208 -143.17021
v  44.871723 1888.366 -154.29254
v  37.0793 1868.8757 -164.70065
v  18.982349 1924.8715 -136.15936
v  8.6820374 1900.6874 -147.07037
v  21.449764 1854.7112 -172.27838
v  7.5919642 1876.0166 -159.71602
v  3.4319997e-05 1820.788 -176.26553
v  4.5765002e-05 1849.6083 -176.04204
v  8.0099991e-05 1874.0198 -161.37595
v  2.2875e-05 1804.9788 -174.54793
v  4.5765002e-05 1939.1346 -118.63857
v  9.1545e-05 1928.6757 -134.04079
v  1.1429999e-05 1903.3501 -145.28506
v  39.034058 1792.3861 68.608505
v  15.384774 1713.0518 78.820427
v  15.384774 1706.4154 76.025063
v  15.384764 1703.228 75.025337
v  6.0149991e-06 1713.0518 77.731621
v  2.8004999e-05 1703.228 74.979561
v  4.9980001e-05 1706.4154 76.025078
v  -13.825761 1829.6305 93.861061
v  -21.342056 1808.5125 73.281532
v  -34.147999 1896.8177 64.43383
v  -32.853565 1860.2932 78.622108
v  -67.968262 1808.6667 65.064804
v  -56.479191 1810.1633 66.095131
v  -76.369598 1810.3248 73.753098
v  -66.640266 1825.526 83.706284
v  -91.985405 1848.7983 23.232275
v  -78.127983 1902.5154 7.7652001
v  -99.624596 1853.5852 -28.419609
v  -68.803398 1885.973 51.483238
v  -83.213959 1897.37 -28.412609
v  -102.28704 1886.4468 -28.412601
v  -111.70256 1854.0494 -28.412584
v  -34.425095 1926.9592 21.150904
v  -57.163284 1924.6744 -28.412607
v  -83.581406 1916.5134 -28.412613
v  -33.647366 1936.0186 -28.430555
v  -63.696365 1933.219 -28.412588
v  -15.624229 1963.9724 -28.414261
v  -35.722195 1949.4242 -28.417664
v  -16.244961 1794.7815 73.616302
v  -18.823771 1781.3944 72.247284
v  -62.888588 1797.1422 63.877003
v  -60.747498 1781.8315 63.342751
v  -65.552544 1781.2686 66.658829
v  -12.398323 1768.8582 95.336464
v  -25.610775 1773.2578 70.389275
v  -35.526413 1757.2446 83.106392
v  -40.353722 1768.949 66.909187
v  -16.621075 1735.3563 91.83252
v  -58.004169 1762.9446 70.867935
v  -45.522709 1737.031 74.833656
v  -94.629013 1776.3658 -28.4126
v  -118.63219 1804.101 -28.412594
v  -111.6546 1757.3392 -28.412569
v  -98.934898 1804.2559 -28.412584
v  -111.95179 1809.1543 -28.412558
v  -71.057518 1737.6859 46.828175
v  -45.925987 1706.4154 63.265968
v  -100.8569 1754.29 -28.412544
v  -76.353294 1703.7594 -28.412577
v  -85.283112 1735.0481 -28.412588
v  -87.342918 1706.8105 -30.7785
v  -78.796974 1678.5594 -22.060993
v  -68.716446 1677.3356 -28.412525
v  -83.931717 1695.3416 -22.251888
v  -27.633846 1706.4154 77.379311
v  -17.175531 1713.8844 87.75592
v  -17.175556 1706.4154 80.496529
v  -17.175522 1702.3365 83.354408
v  -28.923008 1662.3962 58.947208
v  -23.377674 1682.6096 75.335403
v  -43.999187 1683.8569 57.08968
v  -29.370487 1650.3682 15.567076
v  -29.515182 1654.8695 38.66851
v  -49.191399 1658.0265 22.258669
v  -57.842308 1661.729 -5.0674286
v  -87.189255 1710.0569 -45.457027
v  -101.20625 1754.0581 -53.798389
v  -75.583679 1670.1437 -28.412579
v  -63.90023 1664.0123 -27.226418
v  -69.775116 1674.1458 -47.051731
v  -72.802719 1664.8733 -44.177074
v  -73.95372 1667.3359 -59.222492
v  -60.060108 1675.8301 -85.432739
v  -71.365417 1682.5276 -64.930756
v  -66.736237 1703.5912 -97.832779
v  -84.977455 1708.8783 -58.841805
v  -96.182182 1754.4603 -86.876701
v  -79.255898 1693.5907 -68.563919
v  -93.208656 1704.8978 -61.131313
v  -89.791039 1692.4038 -69.899925
v  -72.320145 1709.4712 -102.85191
v  -81.103165 1754.8373 -118.03812
v  -78.692665 1703.1189 -65.420486
v  -76.386177 1676.1926 -68.719757
v  -54.671688 1757.9706 -143.34119
v  -84.658844 1758.1375 -122.45857
v  -86.871101 1810.7065 -125.13877
v  -57.936256 1808.6069 -152.59509
v  -87.867081 1805.6057 -129.02795
v  -81.838356 1848.1914 -133.22224
v  -54.884754 1843.2833 -155.49185
v  -29.658989 1826.3102 -170.5708
v  -30.646042 1805.7783 -168.02217
v  -29.599274 1951.5466 -54.283165
v  -67.210144 1923.4573 -93.684608
v  -73.318848 1925.1235 -53.939835
v  -26.398035 1949.6372 -94.765472
v  -90.649567 1886.5248 -94.010391
v  -102.67741 1856.1011 -93.156105
v  -66.029915 1885.1738 -141.57553
v  -24.096657 1934.5631 -120.83878
v  -55.81345 1915.1445 -127.94844
v  -13.564499 1895.7883 -149.24619
v  -13.18301 1880.09 -157.65013
v  -15.728794 1888.9707 -152.8923
v  -33.445038 1815.9939 71.490471
v  -32.444569 1834.6859 95.795181
v  -51.120132 1834.1852 92.358528
v  -56.186371 1855.386 72.863487
v  -46.408691 1815.6315 68.721947
v  -78.575012 1836.4452 61.240543
v  -83.316414 1808.9691 54.118454
v  -94.169083 1807.6145 21.592787
v  -80.510422 1807.1577 51.324516
v  -91.114182 1805.225 20.360662
v  -76.956055 1778.5292 49.681477
v  -51.560432 1772.1194 64.71698
v  -87.214035 1777.7479 19.139555
v  -78.882309 1736.3054 14.93714
v  -72.27005 1706.4154 11.60928
v  -63.450718 1706.4154 42.638866
v  -64.968712 1674.4792 6.748476
v  -57.311111 1668.4072 31.910593
v  -54.774731 1609.8766 -4.7474594
v  -60.958469 1609.8768 -27.405817
v  -29.185116 1609.8766 14.145377
v  -100.17458 1886.5084 -53.595394
v  -110.87155 1854.1768 -53.683781
v  -112.39389 1809.0172 -54.374249
v  -117.98765 1803.889 -54.914017
v  -111.59028 1757.229 -53.720684
v  -93.574104 1693.2441 -21.624069
v  -95.647934 1704.0995 -31.043331
v  -95.425591 1708.5422 -45.67487
v  -88.826851 1675.0502 -21.193918
v  -86.009628 1666.3682 -27.782928
v  -83.280251 1660.4906 -43.034161
v  -61.223423 1664.9208 -51.56078
v  -83.151352 1664.6975 -60.63673
v  -52.027657 1667.2628 -78.456116
v  -48.589302 1609.8768 -77.636223
v  -60.232277 1609.8768 -51.102627
v  -25.218245 1669.413 -102.69095
v  -30.364853 1678.5719 -112.3817
v  -25.757334 1609.8768 -101.58257
v  -31.68639 1705.8052 -122.3387
v  -106.00785 1757.6301 -86.686043
v  -110.81204 1804.8306 -91.304947
v  -85.402542 1675.1127 -69.938164
v  -33.874352 1712.0969 -129.65741
v  -32.47538 1757.6763 -156.46312
v  -105.26312 1809.9907 -90.263168
v  -44.871613 1888.366 -154.29259
v  -36.739487 1910.3208 -143.17023
v  -37.079247 1868.8757 -164.70058
v  -18.982258 1924.8715 -136.15935
v  -8.6819563 1900.6874 -147.07031
v  -21.449671 1854.7112 -172.27844
v  -7.5918846 1876.0168 -159.71611
v  -39.033886 1792.3861 68.608505
v  -15.38469 1706.4154 76.025063
v  -15.3847 1713.0518 78.820435
v  -15.384666 1703.228 75.025337
v  439.69046 1383.7782 20.147707
v  282.08896 1552.7407 -57.22192
v  428.29556 1389.6598 55.317112
v  268.31915 1559.0741 -20.434914
v  427.10556 1382.3491 54.66375
v  438.05365 1377.0955 23.128799
v  270.95773 1530.3186 -87.116585
v  430.51523 1362.1746 -10.821147
v  429.33902 1357.7159 -5.336772
v  402.19965 1379.5159 84.574013
v  242.16643 1548.6013 6.7506847
v  403.97562 1372.9508 79.901543
v  380.71561 1362.9611 91.616013
v  221.35493 1532.3899 12.338267
v  384.7579 1358.3597 86.009598
v  199.5273 1505.5243 -0.57912356
v  355.21027 1336.3281 80.582397
v  361.77908 1333.5955 76.254074
v  249.11911 1504.6622 -100.07658
v  408.15067 1336.2043 -26.85354
v  409.39075 1334.3689 -19.599844
v  223.75746 1485.6475 -91.544739
v  380.46118 1313.9874 -18.83786
v  383.2605 1314.0872 -11.775825
v  202.27856 1478.2355 -62.569225
v  354.92517 1305.4254 12.19302
v  361.86877 1307.0031 15.376919
v  191.63799 1484.882 -26.874182
v  343.20898 1312.9349 52.757229
v  351.69342 1313.853 50.869751
v  485.28442 1322.6265 44.44471
v  475.96335 1302.8137 17.222044
v  456.94476 1279.6147 4.4511642
v  430.43185 1260.0725 11.989062
v  409.89636 1252.9558 37.711681
v  400.06293 1259.2006 72.696594
v  409.90729 1279.5945 98.516327
v  431.69131 1303.8184 109.62155
v  454.43167 1320.3014 101.99936
v  475.60873 1328.345 76.941727
v  -269.14197 1559.0741 -20.434914
v  -281.97037 1552.7407 -57.22192
v  -428.29556 1389.6598 55.317112
v  -439.69046 1383.7782 20.147707
v  -438.05365 1377.0955 23.128799
v  -427.10556 1382.3491 54.66375
v  -430.51523 1362.1746 -10.821147
v  -270.82581 1530.3186 -87.116585
v  -429.33902 1357.7159 -5.336772
v  -242.40358 1548.6013 6.7506847
v  -402.19965 1379.5159 84.574013
v  -403.97562 1372.9508 79.901543
v  -221.16859 1532.3899 12.338267
v  -380.71561 1362.9611 91.616013
v  -384.7579 1358.3597 86.009598
v  -355.21027 1336.3281 80.582397
v  -199.36333 1505.5243 -0.57912356
v  -361.77908 1333.5955 76.254074
v  -408.15067 1336.2043 -26.85354
v  -248.98592 1504.6622 -100.07658
v  -409.39075 1334.3689 -19.599844
v  -380.46118 1313.9874 -18.83786
v  -223.6279 1485.6475 -91.544739
v  -383.2605 1314.0872 -11.775825
v  -354.92517 1305.4254 12.19302
v  -202.1837 1478.2355 -62.569225
v  -361.86877 1307.0031 15.376919
v  -343.20898 1312.9349 52.757229
v  -191.51701 1484.882 -26.874182
v  -351.69342 1313.853 50.869751
v  -475.96335 1302.8137 17.222044
v  -485.28442 1322.6265 44.44471
v  -456.94476 1279.6147 4.4511642
v  -430.43185 1260.0725 11.989062
v  -409.89636 1252.9558 37.711681
v  -400.06293 1259.2006 72.696594
v  -409.90729 1279.5945 98.516327
v  -431.69131 1303.8184 109.62155
v  -454.43167 1320.3014 101.99936
v  -475.60873 1328.345 76.941727
v  88.402161 95.673965 30.030024
v  106.70283 66.605621 89.546455
v  121.8007 103.26494 35.302986
v  135.52728 66.743149 82.340187
v  161.27234 53.754471 75.067841
v  147.82883 89.130852 11.758625
v  191.76038 26.594284 68.017326
v  171.2852 27.235559 0.045086898
v  146.45317 90.368073 -12.910768
v  75.722191 92.575645 14.955894
v  77.019569 26.782404 27.710772
v  91.145859 26.596603 93.702217
v  180.39865 21.271706 170.16386
v  191.89592 21.271708 150.8511
v  177.68204 30.435247 155.32321
v  118.73162 21.271709 167.8618
v  136.67863 21.271711 181.37506
v  129.14574 35.304768 165.76346
v  169.8718 0.59864008 -2.4195898
v  193.3246 0.59868318 67.75206
v  149.54585 0.59866351 -53.063183
v  151.2318 27.235558 -52.348885
v  137.53336 88.430275 -47.03614
v  139.14906 121.77836 -17.044949
v  138.33005 124.53338 5.9859986
v  131.81151 113.82851 -44.305885
v  117.51345 125.8974 23.880848
v  128.7583 0.59866017 -85.120811
v  131.61777 27.235552 -84.508698
v  121.84788 88.702431 -77.135635
v  117.71355 114.09927 -71.500618
v  100.15486 89.190796 -88.861496
v  104.55263 27.23555 -97.365303
v  99.516747 114.90602 -81.071136
v  104.0394 0.59864181 -97.254768
v  76.053413 88.476852 -81.406036
v  70.362221 27.23555 -88.541817
v  80.998367 114.71134 -73.173637
v  71.900208 0.59865415 -88.643188
v  53.556763 0.59865689 -61.768944
v  51.328098 27.235556 -60.336384
v  57.592201 88.299431 -54.82354
v  63.110153 113.56516 -49.251968
v  53.942764 27.221453 -20.900866
v  56.82679 0.67266577 -19.970907
v  61.966003 88.898155 -15.343262
v  66.479095 122.46136 -14.107828
v  79.263596 121.97943 13.740872
v  79.309814 1.2979703 28.438354
v  90.62941 0.59867406 97.896416
v  95.64209 124.14793 25.695425
v  147.39194 43.648937 127.73568
v  171.96353 33.670261 121.79752
v  119.9875 42.589417 135.21884
v  197.29819 23.233376 114.29411
v  155.41748 37.303944 160.83534
v  160.43759 21.271711 178.90953
v  199.35051 0.59866357 113.29208
v  194.64029 0.59866732 149.7482
v  103.70456 23.233376 140.39801
v  102.33466 0.59865481 139.89288
v  117.95994 0.59866911 167.36877
v  135.29927 0.59868777 181.46358
v  180.00714 0.59866953 170.87694
v  161.15794 0.59868181 179.40672
v  129.78157 171.69002 -25.233398
v  127.38639 171.86087 -8.3044186
v  123.09052 171.68991 -38.250507
v  111.29401 171.69099 4.3121686
v  111.45503 171.6899 -57.16428
v  96.380089 171.72318 -63.918678
v  86.291367 171.72949 -61.626484
v  73.003868 171.68991 -43.926674
v  75.560738 171.68991 -23.322266
v  81.765656 172.06555 -2.6398492
v  96.286888 171.72264 5.2771459
v  -138.85059 66.743271 82.337593
v  -110.02613 66.605751 89.543861
v  -125.12413 103.17617 35.309269
v  -91.844063 95.620407 30.039381
v  -151.15225 89.142357 11.74131
v  -164.59563 54.093201 75.07254
v  -174.60858 27.235559 0.045069739
v  -196.90723 26.59428 68.017349
v  -149.7766 90.40139 -12.924614
v  -80.468491 26.782352 27.710672
v  -79.163254 92.575645 14.97575
v  -94.469276 26.596603 93.702248
v  -193.34317 21.271708 150.85114
v  -181.84615 21.271706 170.15236
v  -179.12949 32.546185 155.10971
v  -140.00212 21.271711 181.37509
v  -122.05511 21.271709 167.86191
v  -132.46918 35.304768 165.76349
v  -198.47148 0.59867889 67.75206
v  -173.19519 0.59864008 -2.4195898
v  -154.55519 27.235558 -52.345512
v  -152.86926 0.59865779 -53.06319
v  -140.99107 88.477165 -46.88446
v  -141.71738 124.51244 5.9682431
v  -142.63268 121.77493 -17.06144
v  -135.4695 113.84236 -44.303486
v  -121.01163 125.80836 23.898409
v  -134.94121 27.235552 -84.508675
v  -132.08171 0.59865445 -85.120804
v  -125.51554 88.702423 -77.134964
v  -121.43917 114.09927 -71.493713
v  -107.96026 27.23555 -97.36528
v  -103.80583 89.190781 -88.861488
v  -103.14603 114.90602 -81.060539
v  -107.36283 0.59864753 -97.254776
v  -73.951897 27.23555 -88.541817
v  -79.43869 88.476837 -81.406052
v  -84.336533 114.71134 -73.161751
v  -75.223946 0.59864843 -88.643196
v  -54.796146 27.235556 -60.336384
v  -56.87973 0.59865117 -61.768948
v  -60.812481 88.297752 -54.815308
v  -66.310684 113.56046 -49.225784
v  -60.151745 0.67267329 -19.970854
v  -57.446022 27.221148 -20.900301
v  -65.285568 88.898155 -15.321582
v  -69.782455 122.45691 -14.070256
v  -82.689163 121.97943 13.768985
v  -82.629005 1.2979703 28.43833
v  -93.952827 0.59866977 98.008728
v  -99.141701 124.08008 25.698891
v  -175.28691 35.781204 121.69651
v  -150.71539 43.648937 127.73569
v  -123.31103 42.589417 135.21889
v  -200.62149 23.233376 114.29411
v  -158.74091 37.303944 160.83531
v  -163.76108 21.271711 178.90958
v  -202.67389 0.59866357 113.29208
v  -196.08771 0.59866732 149.74826
v  -107.02808 23.233376 140.39806
v  -105.65816 0.59865487 140.14952
v  -121.28339 0.59867489 167.49692
v  -138.62267 0.59868205 181.49858
v  -164.48137 0.59867609 179.40677
v  -181.45459 0.59866953 170.87692
v  -131.14725 172.03917 -8.3046961
v  -133.49239 171.71313 -25.239979
v  -126.94363 171.68994 -38.240532
v  -115.14617 171.71899 4.3460202
v  -115.38503 171.68993 -57.133682
v  -100.14933 171.7117 -63.9123
v  -89.857483 171.7271 -61.596279
v  -76.449142 171.68994 -43.881741
v  -79.090508 171.68991 -23.269808
v  -85.331818 171.93195 -2.5959136
v  -100.04997 171.71381 5.281074
v  110.65416 341.07092 -113.34438
v  73.121849 340.79102 -107.37296
v  -110.65979 341.07092 -113.34538
v  -73.127449 340.79102 -107.37401
v  3.1499999e-07 1015.7742 140.06981

# 0 UV coordinates

# 3478 vertex normals
vn 75.604889 11.608195 -64.413902
vn 57.913803 64.744591 -49.539173
vn 30.614815 82.051308 -48.273354
vn 25.065565 -34.267509 -90.539803
vn 23.236687 20.363598 -95.107201
vn 62.700634 -62.932987 -45.913715
vn -0.0037636347 -42.466171 -90.535202
vn -0.0038232014 26.089361 -96.536758
vn 78.908798 -16.170549 -59.261414
vn 82.62072 -31.826902 -46.485115
vn 64.604988 -51.662758 -56.188564
vn 74.596558 -11.74896 -65.553917
vn 78.909676 -16.168184 -59.260876
vn 64.606552 -51.65855 -56.190639
vn 90.451515 -38.316559 -18.71801
vn 82.978981 -42.444756 -36.23439
vn 90.450821 -38.317101 -18.72032
vn 97.995163 -13.787201 14.382639
vn 94.383308 -32.899929 -3.0635037
vn 95.946983 -14.865011 23.941788
vn 62.644939 -1.8293759 77.924744
vn 73.818169 -7.978354 66.98674
vn 94.714424 -10.660059 30.257879
vn 83.165604 10.382546 54.549835
vn 28.181791 41.113277 86.691895
vn 36.741299 2.6440833 92.968201
vn 24.012081 27.140907 93.202957
vn 11.833393 12.707438 98.480927
vn 45.726006 -55.71323 69.319313
vn 27.020159 -81.063377 51.948429
vn 1.0434327e-05 -77.32209 63.413673
vn 28.118664 -71.312592 64.217247
vn 1.1674273e-05 4.4746947 99.899841
vn 4.9058235e-05 21.392143 97.685097
vn 65.493637 64.7743 -38.92136
vn 40.917683 80.224419 -43.471668
vn -6.4146318 99.770264 -2.179074
vn 83.086365 43.326729 -34.92062
vn 67.906212 62.463409 38.562527
vn -0.90879571 99.385979 11.027286
vn 46.297867 72.684799 50.72897
vn 85.910072 42.785053 28.087326
vn 1.1435881e-06 53.492519 84.489937
vn 4.2644679e-08 8.3700886 99.649094
vn 9.2055607 11.775989 98.876617
vn 89.666626 -8.5143356 43.444256
vn 89.118629 39.013748 23.147297
vn 64.226913 51.329788 56.922367
vn 98.761543 -7.317204 -13.878613
vn 88.683609 36.72295 -28.047138
vn 54.129047 0.32470968 -84.082954
vn -5.7831488 50.297436 -86.236427
vn 31.544596 59.362106 -74.034309
vn 17.554171 0.46174905 98.446114
vn 24.680962 -26.199484 93.297569
vn 37.932217 -25.301128 88.999992
vn -8.8365393 -99.055092 10.488278
vn 30.321009 -89.55825 32.55695
vn 50.190346 -83.906494 20.991173
vn 36.43055 33.655148 86.834015
vn 60.977192 -13.315885 78.131088
vn 21.905903 -29.430122 -93.026871
vn 48.787945 -21.056751 -84.713348
vn -2.2265744 -45.653358 -88.942749
vn 19.280361 1.3426021 -98.114555
vn 36.989086 46.127148 80.647957
vn 33.802895 64.678658 68.366928
vn 2.4611487e-05 39.34977 91.932564
vn -0.0031453557 63.275539 77.435173
vn 29.115427 79.522026 53.183998
vn 0 85.43718 51.966225
vn 57.673462 60.800434 54.562611
vn 63.029797 63.648975 44.45282
vn 11.443733 73.286911 67.067635
vn 13.754819 81.530251 56.246098
vn 78.207077 62.127125 4.886003
vn 68.234711 72.843719 6.1496081
vn 5.9440603 99.214485 11.006976
vn 65.824409 65.649765 -36.840961
vn 60.524601 68.535919 -40.491974
vn 7.3001256 97.289299 -21.943119
vn 36.483425 64.629471 -67.022316
vn 31.211462 40.778534 -85.807663
vn 0.0030285912 64.742256 -76.213135
vn -0.00015909351 26.795647 -96.343109
vn 30.614147 82.051437 -48.273563
vn -0.0026041642 89.27739 -45.050495
vn 31.481379 70.200813 63.880898
vn -0.0010054559 65.731033 75.362015
vn 3.0406818e-05 58.781475 80.899559
vn 17.139105 60.257053 77.944466
vn 11.443278 73.287277 67.067329
vn -0.00044554472 65.729454 75.36338
vn 15.886286 53.005638 83.294823
vn -0.0034220517 49.834232 86.698036
vn 42.783672 59.163509 68.331825
vn 24.547926 42.631104 87.063126
vn 0 40.323483 91.509644
vn 32.268009 82.308434 46.734333
vn -1.6117325e-07 90.752075 42.000744
vn 2.9668165e-08 67.24649 74.012901
vn 15.886611 53.005646 83.294762
vn 69.65889 62.658989 34.949814
vn 64.936508 74.495636 15.285638
vn 73.119255 34.360092 58.931824
vn 70.020935 54.180637 -46.492233
vn 65.630539 73.5158 -16.972342
vn 69.660683 62.657444 34.949013
vn 64.936958 74.495499 15.284385
vn 65.629997 73.516281 -16.972321
vn 70.021729 54.183304 -46.487904
vn 71.045593 20.979233 -67.174385
vn 75.60614 11.606702 -64.412704
vn 73.119301 34.364868 58.928982
vn 71.045044 20.977957 -67.175346
vn 0.00056922436 89.277519 -45.050243
vn 30.617323 82.051071 -48.272167
vn 7.7288823e-06 87.791473 -47.881714
vn -4.4717421e-05 -91.323929 -40.742374
vn 13.695776 -76.434586 -63.009357
vn 0.0028949231 -73.654938 -67.638382
vn 83.166298 10.381059 54.549049
vn 74.597527 -11.745043 -65.55352
vn 82.191978 -15.677781 -54.760254
vn 22.24473 -14.68187 -96.382652
vn 50.608425 -21.553596 -83.511856
vn 4.0355263 -84.064362 -54.008312
vn -1.9001149 -92.492287 -37.967964
vn 90.827606 -36.144806 -21.068922
vn 94.382118 -32.903118 -3.0660822
vn 95.015892 -8.0674601 -30.114708
vn -2.4287643e-05 -12.507228 -99.214767
vn 13.697078 -76.4347 -63.008957
vn -0.0030122697 -73.656059 -67.637154
vn 36.030415 -90.497192 -22.628906
vn 95.015869 -8.0674753 -30.114767
vn 55.757107 -81.930313 13.36295
vn 98.776443 -3.1123085 15.281629
vn 90.826958 -36.145405 -21.070702
vn 94.382439 -32.902336 -3.0642729
vn 97.995636 -13.784204 14.382317
vn 82.620132 -31.824627 -46.487713
vn 94.715759 -10.658693 30.254208
vn 41.632095 -75.043236 51.334999
vn 74.522606 2.564383 66.631866
vn 24.011648 27.141127 93.203003
vn -0.0023815781 39.166466 92.010811
vn 0.00036079437 39.168526 92.009933
vn -36.718605 -92.574417 -9.0399036
vn -48.523499 -87.155861 7.0233712
vn -66.337791 -73.335503 14.87287
vn -9.6100788 -95.65239 -27.536695
vn 31.593784 -94.44989 -9.0028133
vn 0 -99.112991 -13.28971
vn 36.032425 -90.496536 -22.628357
vn -66.338341 -73.334435 14.875626
vn 6.068696 -91.972023 -38.785545
vn -75.977692 -41.558727 50.002632
vn -51.61866 -54.760845 65.854111
vn -15.48382 -87.914627 45.069603
vn -1.1340391e-05 -84.925774 -52.797863
vn 0 -88.632797 46.305813
vn -2.1489945e-05 47.142471 -88.190636
vn 4.7253286e-07 97.420532 -22.56637
vn -12.204189 56.84074 -81.36454
vn -43.335594 86.130257 -26.525541
vn -16.041842 37.037434 -91.492561
vn -2.7801456e-05 39.347775 -91.933411
vn 14.750998 69.305916 -70.562714
vn -29.513395 94.114456 -16.475124
vn 25.987932 61.820572 -74.181145
vn 0.32740995 39.97168 -91.663292
vn -4.5356946 99.845627 -3.2059109
vn 44.287796 71.943558 -53.50436
vn 52.969212 55.746532 -63.926426
vn 0.93630415 91.484985 40.36858
vn 57.593178 54.635746 60.810867
vn 66.787514 42.155552 61.337887
vn -33.723457 86.414246 37.353821
vn 13.770514 55.371727 82.12397
vn 31.726397 30.14929 89.913597
vn -3.921109 52.608082 84.953011
vn -2.2411054e-07 95.583992 29.388815
vn -27.562702 90.460968 32.513222
vn 7.0178075 -3.8717864 99.678291
vn 58.558285 51.233006 -62.818039
vn -13.400546 35.73101 -92.432251
vn 0 30.131054 -95.352608
vn 1.6850732e-05 -27.388176 96.176346
vn 80.537781 -1.4157676 -59.25927
vn 80.064545 -8.7257671 -59.275036
vn 98.709862 -6.5711775 -14.600748
vn 93.199768 -8.2007513 35.306549
vn 62.807171 -13.044792 76.714355
vn 31.295187 -57.576962 75.53479
vn 0.00014267657 -92.009163 39.170326
vn 7.0868125e-05 -53.064117 84.759651
vn 26.955942 -62.630577 73.149086
vn -2.2165477e-05 -99.986313 1.6541708
vn -9.8755118e-05 -99.986252 1.658355
vn -0.00010060645 -98.63858 -16.444767
vn -8.836339 -99.054924 10.489984
vn -4.432683 -98.116638 -18.801001
vn -77.749367 -56.384293 -27.854029
vn -87.473221 -46.308178 14.282428
vn -68.825043 -41.203678 59.71072
vn -87.473801 -46.307011 14.282648
vn 0 -73.630699 -67.664757
vn -0.57190382 -73.837494 -67.4366
vn -47.548016 -60.572601 -63.797695
vn -31.904284 -39.304848 86.239464
vn 16.032406 -24.560844 95.601929
vn 6.1187023e-08 -32.869144 -94.443733
vn -1.13863e-06 1.0910156 -99.994049
vn -63.681648 -10.572809 -76.373192
vn -94.059441 -6.5616803 -33.313164
vn -98.312386 -7.0584893 16.877567
vn -16.626455 -19.328728 -96.695206
vn 33.025425 -13.95385 -93.352081
vn 7.2438688 -9.2501411 99.307404
vn -42.931526 -11.776733 89.544365
vn -80.449745 -10.141621 58.523376
vn 62.274117 -3.6183789 78.159081
vn 93.530396 -1.1637623 35.365387
vn 99.200027 -2.6140289 -12.349939
vn 77.37854 -5.378191 -63.116055
vn -98.312523 -7.0566945 16.87752
vn 33.807869 64.677269 68.365768
vn -5.4738906e-05 99.999855 -0.16897798
vn 0.0042825937 63.273598 77.436775
vn 63.031738 63.650772 44.447475
vn 78.208611 62.12492 4.8896198
vn 65.82209 65.649582 -36.845413
vn 36.480537 64.629463 -67.023918
vn -0.0041142106 64.740723 -76.214417
vn -57.945587 64.745529 -49.500763
vn -75.698982 11.64138 -64.297295
vn -30.628876 82.056061 -48.256344
vn -25.071711 -34.256123 -90.542404
vn -62.727673 -62.911404 -45.906361
vn -23.244364 20.3645 -95.105133
vn -79.035423 -16.159391 -59.095474
vn -65.742859 -50.892231 -55.568485
vn -82.306671 -32.652176 -46.469864
vn -79.036095 -16.155157 -59.095753
vn -74.567726 -11.838176 -65.570679
vn -65.742584 -50.889732 -55.571102
vn -89.329277 -39.619331 -21.227066
vn -83.167442 -40.456089 -38.032639
vn -98.008553 -13.676416 14.397176
vn -89.328217 -39.622246 -21.226093
vn -94.4067 -32.832806 -3.0626574
vn -62.667362 -1.772754 77.908012
vn -95.953598 -14.823316 23.941122
vn -73.824852 -7.9442921 66.983429
vn -94.732307 -10.532619 30.246534
vn -83.165283 10.478585 54.531975
vn -28.203815 41.132706 86.675522
vn -36.745235 2.6481779 92.96653
vn -24.025955 27.148378 93.197212
vn -11.833517 12.707494 98.480896
vn -74.522697 2.5648513 66.631752
vn -41.632023 -75.043289 51.334965
vn -27.020222 -81.063339 51.948471
vn -28.118616 -71.312592 64.21727
vn -45.726048 -55.713207 69.319313
vn -40.918407 80.224152 -43.471493
vn -65.493652 64.7743 -38.921341
vn 6.4145932 99.770264 -2.1790714
vn -83.086487 43.326519 -34.920612
vn 0.90817958 99.385979 11.027291
vn -67.906578 62.463123 38.562347
vn -46.298309 72.684593 50.728851
vn -85.910019 42.785172 28.087328
vn -9.2055521 11.77597 98.876617
vn -89.118553 39.013927 23.147314
vn -89.666618 -8.5143356 43.444279
vn -64.226929 51.329788 56.922363
vn -88.683662 36.722839 -28.047127
vn -98.761543 -7.3171916 -13.878605
vn 5.7831416 50.297485 -86.236404
vn -54.12904 0.32471839 -84.082947
vn -31.544579 59.362095 -74.034317
vn -24.680937 -26.199472 93.297585
vn -17.554148 0.4616881 98.446121
vn -37.932224 -25.301119 89
vn -30.321049 -89.55825 32.5569
vn 8.8363838 -99.055115 10.488324
vn -50.190247 -83.906555 20.991184
vn -36.430603 33.655136 86.834
vn -60.977165 -13.315888 78.131111
vn -48.789722 -21.06052 -84.711372
vn -21.905903 -29.430109 -93.026878
vn 2.2256908 -45.652119 -88.943405
vn -19.280367 1.3426087 -98.114555
vn -33.808651 64.676399 68.366211
vn -36.998577 46.127129 80.643616
vn -29.115423 79.522026 53.183998
vn -63.043392 63.644299 44.440243
vn -57.692738 60.795536 54.547703
vn -11.452821 73.285751 67.06736
vn -13.769566 81.529312 56.243851
vn -68.257759 72.822395 6.14642
vn -78.210182 62.123562 4.8816876
vn -5.9526334 99.214035 11.006341
vn -60.549461 68.516869 -40.487064
vn -65.839142 65.644112 -36.824699
vn -7.3104515 97.288582 -21.942837
vn -31.225655 40.77861 -85.802467
vn -36.493217 64.627083 -67.019295
vn -30.630451 82.053215 -48.260181
vn -17.138922 60.257236 77.944359
vn 0.0012665987 49.834274 86.698013
vn -15.901905 53.006939 83.291031
vn -24.54793 42.631104 87.063133
vn -42.783672 59.163506 68.331818
vn -31.481453 70.200874 63.880783
vn -32.268013 82.308426 46.734333
vn -64.933144 74.498245 15.287238
vn -69.663124 62.65836 34.942497
vn -73.112473 34.391521 58.921898
vn -64.933311 74.49855 15.284979
vn -65.630539 73.515808 -16.972319
vn -69.664124 62.658398 34.940456
vn -70.027779 54.180756 -46.481781
vn -65.630219 73.515198 -16.976242
vn -70.027992 54.180798 -46.481419
vn -71.037468 21.005564 -67.174736
vn -75.700851 11.642442 -64.294914
vn -71.036087 21.004475 -67.176521
vn -73.113419 34.390507 58.921314
vn -30.629522 82.053818 -48.259758
vn -13.695693 -76.434601 -63.009357
vn -74.566338 -11.839236 -65.572067
vn -83.165665 10.479678 54.53117
vn -82.191978 -15.677776 -54.76025
vn -22.244722 -14.681816 -96.382675
vn -50.60849 -21.553543 -83.511826
vn -13.697046 -76.434654 -63.008995
vn -94.405479 -32.836464 -3.0614595
vn -90.834602 -36.127144 -21.069071
vn -95.015884 -8.0674429 -30.114748
vn -4.0354438 -84.064339 -54.008343
vn -95.015884 -8.067421 -30.114767
vn -98.776443 -3.1117606 15.281757
vn -90.834518 -36.127537 -21.068752
vn -98.008286 -13.677338 14.398078
vn -94.406166 -32.834427 -3.0621059
vn -94.731483 -10.531515 30.249498
vn -82.306511 -32.65313 -46.469482
vn 48.523449 -87.155884 7.0233688
vn 36.718758 -92.574364 -9.0399008
vn -55.75708 -81.930351 13.362882
vn 66.33847 -73.334694 14.873858
vn -36.029808 -90.497574 -22.628321
vn 9.6100178 -95.652405 -27.536625
vn -31.593719 -94.449913 -9.0027971
vn 75.977547 -41.558891 50.002708
vn 66.338356 -73.334488 14.875256
vn -6.0691648 -91.972183 -38.785084
vn -36.029549 -90.496948 -22.631226
vn 51.618977 -54.760742 65.853958
vn 1.9003712 -92.492226 -37.968117
vn 15.483828 -87.914627 45.069618
vn 43.335579 86.130264 -26.525541
vn 12.204189 56.840729 -81.364548
vn 16.041719 37.037144 -91.492699
vn 29.513121 94.11454 -16.475124
vn -14.751116 69.305939 -70.562683
vn -0.32738832 39.971752 -91.663254
vn -25.987934 61.82058 -74.18116
vn -44.287762 71.943542 -53.504391
vn 4.5355859 99.845627 -3.2059109
vn -52.969158 55.746525 -63.926468
vn -57.593174 54.635738 60.810879
vn -0.93640339 91.48497 40.368587
vn -66.787498 42.155544 61.337921
vn -13.770541 55.371746 82.123947
vn 33.723457 86.414246 37.353821
vn -31.726414 30.149281 89.913597
vn 27.562704 90.460968 32.513226
vn 3.9211121 52.608082 84.953026
vn -7.0178046 -3.8717871 99.678284
vn -58.558285 51.233006 -62.818039
vn 13.400441 35.730804 -92.432343
vn -80.537788 -1.4157645 -59.25927
vn -80.0644 -8.7333422 -59.274113
vn -98.709198 -6.5733414 -14.604293
vn -93.199829 -8.1983919 35.306911
vn -62.806831 -13.043333 76.714874
vn -31.295088 -57.576973 75.534821
vn -26.955927 -62.630611 73.149055
vn 4.4323931 -98.116631 -18.80106
vn 8.8363333 -99.054924 10.489994
vn 87.473244 -46.308121 14.282488
vn 77.750053 -56.383614 -27.853456
vn 87.473892 -46.306835 14.282682
vn 68.824738 -41.203999 59.710846
vn 0.57181084 -73.837547 -67.436569
vn 47.551395 -60.570381 -63.797291
vn 31.904026 -39.305351 86.239334
vn -16.031927 -24.560596 95.602074
vn 94.060425 -6.5616088 -33.310398
vn 63.687782 -10.571161 -76.368301
vn 98.31234 -7.0584426 16.877806
vn 16.631763 -19.327353 -96.694557
vn -33.020992 -13.961192 -93.352554
vn 42.930202 -11.777075 89.544952
vn -7.2439475 -9.2498455 99.307426
vn 80.449097 -10.141736 58.524246
vn -62.2738 -3.61555 78.159454
vn -93.530334 -1.1590077 35.365711
vn -99.196487 -2.6095967 -12.379276
vn -77.360634 -5.384254 -63.137478
vn 98.312454 -7.0566754 16.87792
vn -33.812881 64.677238 68.363312
vn -63.043575 63.646778 44.436424
vn -78.211777 62.121105 4.8873787
vn -65.837708 65.645523 -36.824749
vn -36.488907 64.629478 -67.019325
vn 5.4948981e-07 -13.605226 99.070168
vn 17.88163 -13.88451 97.403625
vn 2.1555276e-07 -13.946454 99.022697
vn 23.705866 -13.376316 96.224251
vn -17.881628 -13.88451 97.403625
vn -23.705862 -13.376324 96.224243
vn 43.770351 -12.653895 89.017052
vn 48.848495 -12.256977 86.392075
vn -43.770359 -12.653903 89.017052
vn -48.848534 -12.256985 86.392044
vn 78.198952 -9.6959639 61.570389
vn 76.848755 -11.026028 63.029324
vn -78.19899 -9.695961 61.570347
vn -76.848831 -11.026017 63.029224
vn 98.7677 -4.9822402 14.836453
vn 99.005508 -4.2919102 13.397343
vn -98.7677 -4.9822383 14.836418
vn -99.005501 -4.2919092 13.397349
vn 95.961693 -2.518122 -28.018057
vn 96.000328 -3.4191892 -27.789343
vn -95.963043 -2.5181539 -28.013468
vn -96.000328 -3.4191768 -27.789318
vn 74.821716 -7.0588646 -65.968796
vn 75.266739 -5.2491469 -65.630516
vn 96.000443 -3.4191206 -27.788931
vn 95.962479 -2.5162215 -28.015566
vn -74.821747 -7.058867 -65.968781
vn -96.00042 -3.4191377 -27.788988
vn -75.2668 -5.2491236 -65.63044
vn -95.962433 -2.5162258 -28.015709
vn 42.305119 -6.5225244 -90.375519
vn 43.387146 -6.8736382 -89.834908
vn -42.305138 -6.5225382 -90.375504
vn -43.387154 -6.8736405 -89.8349
vn 17.776213 -3.171979 -98.356224
vn 18.993444 -4.5037837 -98.076324
vn 0 -2.3341076 -99.972755
vn 0 -2.9185066 -99.957397
vn -17.776232 -3.1719811 -98.356216
vn -18.993422 -4.5037894 -98.076324
vn 85.528648 -42.137863 -30.153776
vn 87.395027 0.075956158 48.601471
vn 25.435007 -85.354553 45.471535
vn 9.3345823 -80.095116 -59.140839
vn -65.136909 -75.372925 -8.723834
vn -63.179363 -33.046185 70.11647
vn 13.109249 4.7164068 99.024757
vn 67.124893 73.34697 10.699244
vn 88.211555 24.631195 40.150059
vn 65.138733 30.261356 -69.578705
vn 86.100151 -21.354086 -46.160221
vn -12.194156 -8.087142 -98.923721
vn 2.8590708 -62.782848 -77.782646
vn -12.196314 -8.0908298 -98.923149
vn 2.8573751 -62.784351 -77.781502
vn -87.7202 -3.4698417 -47.886612
vn -78.410667 -57.79575 -22.614599
vn -85.888474 39.595028 32.486969
vn -76.189903 -11.712312 63.701805
vn -8.4242268 78.097435 61.885559
vn 7.0954843 29.498005 95.286522
vn 76.89592 60.56041 20.480602
vn 78.127457 58.372025 22.108992
vn 74.599075 15.065423 -64.869179
vn 75.900162 12.433379 -63.91069
vn -8.0432568 -25.414703 -96.381523
vn -7.2576046 -28.451862 -95.591942
vn -88.481659 -20.607079 -41.789291
vn -8.0420942 -25.415583 -96.381386
vn -88.285271 -23.51376 -40.654816
vn -7.2605343 -28.450773 -95.592041
vn -86.490494 24.789375 43.644955
vn -86.237053 22.360008 45.422474
vn -3.8405805 65.846039 75.16349
vn -3.0455055 63.632957 77.081581
vn 88.449059 21.993715 41.146587
vn 86.39003 -23.525412 -44.534458
vn 3.5615234 -64.743629 -76.1287
vn -77.372284 -59.694439 -21.215662
vn 3.5621672 -64.742989 -76.129211
vn -75.067429 -13.979059 64.571411
vn 7.8109846 26.835669 96.014763
vn -25.261984 85.417191 -45.450352
vn 67.12204 73.349312 10.700982
vn 65.138184 30.262506 -69.57872
vn -12.194798 -8.0875559 -98.923615
vn -87.721405 -3.4688671 -47.884453
vn -85.889221 39.592133 32.48856
vn -8.4255877 78.098846 61.883595
vn 87.395737 0.0749548 48.60022
vn 85.530014 -42.134945 -30.153994
vn 9.3330116 -80.096481 -59.139229
vn -65.139854 -75.370338 -8.7241631
vn 9.3349886 -80.094711 -59.141315
vn -63.177372 -33.045696 70.118492
vn 13.107458 4.7172022 99.024963
vn 43.827755 -42.62075 -79.136581
vn 90.639854 -42.208481 -1.6915491
vn 0.22187683 -99.999588 0.18277773
vn -46.914593 -42.737873 -77.281921
vn -90.585876 -42.315369 1.8998156
vn -44.210423 -41.948956 79.282562
vn 46.687267 -41.960533 77.843521
vn 90.158173 43.224083 -1.7840217
vn 98.927345 -14.487208 -1.8712546
vn 44.009411 42.821934 -78.926895
vn 48.078995 -14.960263 -86.397919
vn -46.307354 43.212776 -77.384003
vn -51.153511 -14.890505 -84.626183
vn -89.850304 43.860474 1.7844341
vn -98.966965 -14.185407 2.0768042
vn -89.849731 43.86179 1.7799455
vn -98.967537 -14.181707 2.0747805
vn -43.353443 44.209469 78.523888
vn -48.199493 -13.777729 86.527344
vn 46.448853 43.949524 76.882652
vn 51.016842 -14.015248 84.857849
vn 98.39534 17.727571 -2.0225768
vn 98.690216 16.009464 -1.9845929
vn 48.087814 17.154093 -85.984299
vn 48.068573 15.405281 -86.325478
vn -50.721855 17.392864 -84.408417
vn -50.955807 15.483742 -84.638985
vn -98.355446 17.952175 1.981464
vn -98.687157 16.035494 1.9260917
vn -47.799431 18.60174 85.843987
vn -98.354996 17.954662 1.9813448
vn -47.929539 16.725185 86.156998
vn -98.687187 16.035765 1.9222203
vn 50.815998 18.614204 84.090706
vn 50.931995 16.774378 84.407059
vn 98.711868 -15.869909 -2.0279343
vn 47.984745 -16.395607 -86.189613
vn -51.011433 -16.398275 -84.432999
vn -98.746277 -15.658792 1.9938613
vn -48.248676 -15.26519 86.24987
vn -98.746262 -15.658861 1.9939895
vn 50.949364 -15.479972 84.64357
vn 0.52264553 99.994591 -0.89831656
vn 90.159851 43.220676 -1.781794
vn 44.007378 42.822605 -78.927666
vn -46.304695 43.215752 -77.383934
vn -89.850143 43.860924 1.781224
vn -43.350487 44.20985 78.525307
vn 46.446354 43.951515 76.883026
vn 90.639938 -42.208324 -1.6906818
vn 43.826691 -42.619419 -79.137894
vn -46.914047 -42.738499 -77.281906
vn -90.585464 -42.316315 1.8983642
vn -44.212231 -41.945538 79.283363
vn -90.587326 -42.312374 1.8975759
vn 46.687489 -41.961407 77.842926
vn -87.409416 0.069483086 48.5756
vn -85.532837 -42.129948 -30.152981
vn -25.44623 -85.353638 45.466969
vn -9.3311548 -80.093651 -59.143353
vn 65.163399 -75.351364 -8.7123003
vn 63.192455 -33.037342 70.108826
vn -13.118755 4.7207546 99.023293
vn -86.101517 -21.352894 -46.158249
vn -88.226357 24.617542 40.125889
vn -65.14727 30.25202 -69.574783
vn -67.13784 73.336098 10.69233
vn -2.855864 -62.78162 -77.783752
vn 12.195558 -8.0896349 -98.923332
vn 78.428314 -57.776379 -22.602839
vn -2.8562367 -62.782757 -77.782829
vn 87.72467 -3.462847 -47.878937
vn 12.197044 -8.0852222 -98.923508
vn 76.198555 -11.699409 63.693832
vn 85.888306 39.596222 32.485973
vn -7.1056962 29.498211 95.285698
vn 8.4193859 78.098724 61.884594
vn -75.920952 12.404072 -63.891682
vn -78.156715 58.334206 22.105352
vn -74.628815 15.031123 -64.842926
vn -76.933044 60.514465 20.476933
vn 7.2641373 -28.451721 -95.591476
vn 8.0498905 -25.410828 -96.381989
vn 7.2646914 -28.454876 -95.5905
vn 8.0498371 -25.41116 -96.38192
vn 88.29837 -23.492401 -40.638721
vn 88.498444 -20.580137 -41.767002
vn 86.242111 22.365587 45.41013
vn 86.499046 24.794086 43.625317
vn 3.0387287 63.633389 77.081512
vn 3.8394723 65.848343 75.16153
vn -86.397377 -23.522264 -44.521881
vn -88.469887 21.971113 41.113853
vn -3.5655797 -64.743294 -76.128799
vn -3.5669386 -64.745972 -76.126472
vn 77.399078 -59.662529 -21.207687
vn 75.084801 -13.954017 64.556625
vn -7.8267598 26.83621 96.013329
vn -67.136337 73.336998 10.695683
vn 25.258276 85.41864 -45.449688
vn -65.148453 30.253059 -69.573219
vn 12.194887 -8.0904799 -98.923347
vn 87.723648 -3.4629304 -47.880791
vn 85.889595 39.596077 32.482742
vn 8.4178038 78.096703 61.88736
vn -85.53392 -42.128464 -30.151968
vn -87.409576 0.065441892 48.575306
vn -9.3295507 -80.094933 -59.141888
vn -9.3329105 -80.094627 -59.141754
vn 65.161049 -75.353432 -8.7118979
vn 63.191177 -33.03788 70.109726
vn -13.116723 4.7168565 99.02375
vn -90.639915 -42.208359 -1.691339
vn -43.827717 -42.620903 -79.136528
vn -0.22193082 -99.99958 0.18282722
vn 46.914791 -42.738098 -77.281654
vn 90.585876 -42.315376 1.8998141
vn 44.210537 -41.949158 79.282387
vn -46.687443 -41.960438 77.843468
vn -48.07951 -14.959509 -86.397774
vn -98.927391 -14.486798 -1.8719008
vn -43.986198 42.823521 -78.938965
vn -90.159866 43.219654 -1.8054572
vn 51.153435 -14.890812 -84.626175
vn 46.321453 43.218174 -77.372559
vn 98.966896 -14.185807 2.0770514
vn 89.848137 43.863869 1.8096286
vn 48.199699 -13.777285 86.527313
vn 98.96759 -14.18118 2.0757759
vn 43.341347 44.212669 78.528763
vn 89.846161 43.867874 1.8107852
vn -51.016521 -14.015595 84.857979
vn -46.450546 43.953972 76.879097
vn -48.068611 15.405237 -86.32547
vn -98.690208 16.009512 -1.9842668
vn -48.087883 17.154224 -85.98423
vn -98.395317 17.727652 -2.0224833
vn 50.955677 15.483615 -84.639099
vn 50.722176 17.392893 -84.408226
vn 98.687172 16.035357 1.9260708
vn 98.355423 17.952168 1.9822985
vn 98.687218 16.035578 1.9214783
vn 98.355011 17.954636 1.9807965
vn 47.929844 16.725172 86.15683
vn 47.799435 18.60186 85.843956
vn -50.931652 16.77433 84.407288
vn -50.816185 18.61405 84.09063
vn -47.984577 -16.395817 -86.189667
vn -98.711845 -15.870045 -2.0280714
vn 51.011486 -16.39834 -84.432961
vn 98.746254 -15.658871 1.9941802
vn 98.746231 -15.659051 1.9939299
vn 48.248581 -15.265262 86.249901
vn -50.949413 -15.48005 84.643517
vn -90.160225 43.218948 -1.8048044
vn -0.52714795 99.994576 -0.89791417
vn -43.987492 42.819363 -78.940506
vn 46.320786 43.217796 -77.373169
vn 89.848518 43.863136 1.8081683
vn 43.338829 44.212025 78.530518
vn -46.449574 43.950535 76.881645
vn -43.829681 -42.619518 -79.136192
vn -90.639893 -42.20842 -1.6910741
vn 46.914288 -42.738468 -77.281776
vn 90.585533 -42.316158 1.8987126
vn 90.584221 -42.318802 1.9021163
vn 44.209965 -41.945572 79.284599
vn -46.687756 -41.961464 77.842712
vn 60.798508 68.459755 40.209503
vn 91.595695 -0.24580024 40.126888
vn 66.467262 74.712181 0.43989959
vn 99.999939 -0.098965734 -0.052468084
vn 3.1722816e-06 92.268448 38.555576
vn -0.00011490897 99.99823 0.59582025
vn 60.864594 -68.595497 39.876797
vn 66.379967 -74.788788 -0.58184141
vn 87.233582 -0.36957565 48.88929
vn 62.684166 61.842186 47.39452
vn -0.00046789646 -90.43119 42.687206
vn 0.00017285347 -92.522552 37.941761
vn 63.041477 -61.674725 47.138096
vn 86.409492 0.0010811315 50.332893
vn 92.545662 0.1262351 -37.885166
vn 57.359253 64.629745 50.328033
vn 61.471947 69.176735 -37.891685
vn -0.0032305717 -85.703362 51.526062
vn 0.0019580126 -93.333824 -35.899826
vn 57.362251 -64.626488 50.328815
vn 61.41441 -69.296951 -37.765125
vn 88.935577 0.35105261 -45.720242
vn 64.196709 62.876747 -43.878227
vn 0.0016063452 -91.956154 -39.294624
vn 63.844143 -63.05584 -44.134857
vn 57.358467 64.629906 50.328732
vn 5.5169647e-05 -0.00044791316 100
vn 86.407433 0.0024132482 50.336445
vn -0.0033661723 85.702057 51.528217
vn 57.361214 -64.627853 50.328255
vn 0.0010674198 -99.997009 -0.77260745
vn -4.7306748e-05 90.435211 42.678734
vn 0 93.335045 -35.896637
vn -0.00022953605 85.701263 51.529533
vn -3.0115777e-06 91.958954 -39.288044
vn 0.0033646822 -85.702217 51.527962
vn -99.999931 -0.09914998 -0.052464563
vn -91.595451 -0.24656484 40.127449
vn -66.467453 74.712006 0.43994552
vn -60.798218 68.459831 40.209824
vn -66.377899 -74.790619 -0.58191353
vn -60.866154 -68.594566 39.876019
vn -62.683826 61.842323 47.394772
vn -87.233658 -0.36880296 48.889198
vn 0.0021338463 -92.523567 37.939259
vn -63.042999 -61.673817 47.137253
vn 0.00049173832 -90.431229 42.687153
vn -61.471825 69.176857 -37.891628
vn -92.545563 0.12630047 -37.88538
vn -57.359238 64.629768 50.328033
vn -86.409492 0.0010588313 50.332893
vn -61.41441 -69.296944 -37.765125
vn -0.001963973 -93.333824 -35.899837
vn -57.360275 -64.62825 50.328808
vn 0.0032305717 -85.703362 51.526062
vn -64.196533 62.877254 -43.877758
vn -88.935562 0.35335243 -45.720257
vn -63.84433 -63.055618 -44.134899
vn -0.0016242266 -91.956146 -39.294628
vn -57.358326 64.629929 50.328869
vn -86.407303 -0.0049181231 50.336658
vn -57.361221 -64.627853 50.328243
vn 0.0011026859 -99.99707 -0.76431894
vn 44.155777 76.616562 46.69228
vn 89.517067 -4.0438733 44.388535
vn 99.758362 -5.8262053 3.7847707
vn 63.79549 75.74884 13.865405
vn 83.91082 -4.1338844 -54.239166
vn 30.295048 46.197102 -83.354889
vn 54.549789 76.615776 -33.975616
vn 90.074875 -9.8291245 42.307251
vn 87.216438 -20.69606 44.327938
vn 99.752876 -6.4205303 -2.8536029
vn 99.121628 -13.015676 2.3440852
vn 84.368393 -4.1619978 -53.522449
vn 84.53627 -1.370277 -53.401726
vn -10.419162 26.948463 -95.735168
vn 89.811638 -14.007544 41.685253
vn 98.971382 -10.291839 -9.9369869
vn 77.500305 -56.991947 27.306046
vn 67.617867 8.5513124 73.175797
vn 46.95713 -66.621155 57.936615
vn 89.488235 12.75441 42.768917
vn -38.175594 4.0246291 92.338654
vn -65.457359 -57.299545 49.316292
vn -10.926029 -65.584221 74.694923
vn 87.964592 -47.553318 -0.95495105
vn 11.496832 19.03463 -97.49617
vn 76.378677 23.104719 -60.269978
vn 94.042862 -20.983942 -26.750973
vn 98.247749 0.16453856 -18.637402
vn 88.196632 -28.729372 -37.362793
vn 43.382599 -63.636444 -63.783634
vn -5.3765273 -77.546341 -62.909924
vn -46.097706 19.110991 -86.658943
vn -20.694805 -76.133057 -61.444962
vn -71.430794 -55.705235 -42.362366
vn -94.527252 -32.514687 2.7195373
vn -93.820938 16.661266 -30.332052
vn -98.124405 0.21929757 19.275778
vn -96.975433 -24.338547 1.8446515
vn 27.591335 65.971581 69.903275
vn -14.725118 56.605511 81.110954
vn 72.762093 -3.9715846 68.482872
vn 27.828173 -6.0881619 95.856812
vn -65.376595 49.26524 57.435505
vn -36.41975 -10.750316 92.509636
vn 68.532173 -13.845363 71.495781
vn 25.926718 -16.833954 95.102158
vn 68.132172 -22.795403 69.558426
vn 70.91449 -15.260944 68.834869
vn 24.85088 -24.870363 93.615707
vn -3.9890025 51.0116 -85.918015
vn 39.812836 8.4267054 -91.3451
vn 40.412922 -1.3407394 -91.460373
vn 79.918739 -2.0695388 -60.072563
vn 36.435707 -4.9643369 -92.993523
vn 28.992006 -2.4730287 -95.673119
vn -30.356703 67.741829 -67.003845
vn -14.662716 7.5659628 -98.62941
vn -15.789091 -2.8875093 -98.703445
vn -17.477402 -4.7868772 -98.344429
vn -18.283079 -7.8254476 -98.00251
vn -66.388283 -4.341897 -74.657516
vn -59.219257 65.20694 -47.34063
vn -66.822746 -7.8239188 -73.983154
vn -71.455231 67.956978 -16.613232
vn -95.328148 -14.003541 -26.766466
vn -94.985184 -13.59149 -28.161779
vn -98.063324 -11.979868 15.494123
vn -72.753052 68.490997 3.9971671
vn -97.798798 -15.532018 13.933805
vn -85.803314 45.854111 23.134235
vn -72.752548 68.491295 4.0009985
vn -82.266464 -15.530048 54.690472
vn -98.062912 -11.981229 15.495583
vn -80.73703 -17.886629 56.228123
vn -97.798965 -15.53113 13.933638
vn -67.431549 -8.8463058 -73.312538
vn -60.838692 -5.8091435 -79.151169
vn -95.497879 -5.7362003 -29.107609
vn -95.133728 -11.478901 -28.597374
vn -97.640457 -16.073219 14.421937
vn -97.640266 -16.073526 14.42288
vn -78.621811 -22.225124 57.659813
vn -40.094627 -19.925875 89.416885
vn -40.305183 -25.068373 88.017433
vn 27.16466 -18.622141 94.420845
vn 24.406322 1.4112765 96.96566
vn -44.772728 -18.35301 87.51326
vn 99.118355 8.0681543 -10.509778
vn -18.1446 8.3517027 -97.984802
vn -97.257957 -11.744491 20.07374
vn -95.263489 1.6114838 30.368938
vn -97.258644 -11.744106 20.070641
vn -95.262505 1.6110694 30.372042
vn -77.330795 -19.17066 60.435387
vn -77.048424 14.035502 62.181557
vn 11.063069 -73.087372 67.348694
vn 88.960526 -42.814602 -15.903945
vn -11.907162 -75.719284 -64.22467
vn -84.003159 -49.040867 23.204817
vn -88.843834 -33.160877 31.735308
vn -84.004211 -49.037636 23.207857
vn 70.266632 68.791862 18.173626
vn 24.115219 76.530205 59.679001
vn 75.204483 48.247818 44.90472
vn 78.241791 21.82163 58.327003
vn 98.505852 -0.19390845 -17.220947
vn 75.203308 48.247761 44.906761
vn 70.265717 68.794067 18.168781
vn 71.090248 63.08382 31.090351
vn 80.655792 21.326286 55.134666
vn 24.116442 76.524597 59.685707
vn 96.286293 7.7617555 25.859343
vn 79.216766 -2.8997395 60.96143
vn -55.506359 48.881256 67.302803
vn -98.511345 0.28040183 17.188251
vn -54.199348 23.593597 80.658371
vn -53.443306 -1.8721414 84.500343
vn 77.582535 4.4040365 62.940884
vn 30.850288 -47.007294 82.695663
vn 81.911018 -21.818953 53.052036
vn 78.615196 -25.474884 56.308811
vn 82.8022 0.018209701 56.069546
vn 67.355972 1.1459601 73.904381
vn 77.580849 4.4030457 62.943035
vn 30.852859 -47.006859 82.694969
vn 52.301758 -17.503784 83.415489
vn 78.615936 -25.476202 56.307178
vn 77.199486 -46.054989 43.808426
vn 77.199272 -46.056515 43.807182
vn 79.323174 -56.964634 21.514339
vn -60.258476 -22.688402 76.512421
vn -1.4759095 -48.548157 87.412231
vn -51.262684 11.776043 85.049782
vn -51.264423 11.772611 85.049187
vn -43.132923 12.981048 89.280708
vn -66.231026 -1.1593223 74.914009
vn -1.4747798 -48.546371 87.413239
vn -28.503376 -17.912342 94.163185
vn -58.344849 -45.893898 67.0047
vn -54.015839 -26.728239 79.799072
vn -54.016037 -26.733332 79.797234
vn -58.345711 -45.891342 67.005692
vn -68.602196 -58.329945 43.489731
vn -75.245407 -59.403137 28.449875
vn -81.004646 -56.58223 -15.385144
vn -50.905861 -49.237709 70.599159
vn 73.110092 -46.456985 49.966637
vn 81.643936 -57.743038 -0.097371913
vn 74.189171 -52.756691 -41.384743
vn 26.990873 -23.900257 93.275238
vn 48.600887 -15.235575 86.057137
vn -16.894377 -15.93937 97.26519
vn 6.7677193 -24.891109 96.615898
vn -68.572151 -11.205084 71.918747
vn 86.947342 -7.1877055 48.872246
vn 94.671783 -28.443842 15.106273
vn 97.019867 -11.094432 21.542009
vn 92.05809 -35.808422 -15.590588
vn 85.694733 -26.914717 -43.954659
vn 90.26593 -3.756644 -42.871307
vn 65.355194 -44.243504 -61.410194
vn 63.320427 -33.307762 -69.864975
vn 90.264343 -3.7597296 -42.874367
vn 70.638031 9.421586 -70.153412
vn 33.493011 -36.466805 -86.881477
vn 88.510773 -8.1230545 45.824223
vn 97.020638 -11.092376 21.539654
vn 80.803276 -2.638201 -58.854675
vn 74.583664 2.1587276 -66.577896
vn -47.026226 11.607502 -87.485992
vn -20.022293 7.9561567 -97.651451
vn 11.789198 14.983261 -98.165756
vn -36.857998 -3.9720387 -92.874702
vn -0.69181991 -2.6034369 -99.963722
vn -20.021618 7.9601326 -97.651276
vn -17.543419 8.4252586 -98.087929
vn -0.69078529 -2.6025436 -99.963737
vn -36.855873 -3.9744215 -92.87545
vn 33.492451 -36.46851 -86.880981
vn 61.550964 -26.49016 -74.227692
vn 65.358429 -44.240063 -61.409214
vn -96.125839 -1.0805992 -27.543673
vn -99.311722 -8.4545069 8.1058464
vn -94.544128 4.8461051 -32.216812
vn -97.039322 -7.7513585 -22.875505
vn -67.718796 -39.144764 -62.304512
vn -82.64344 -32.202721 -46.184925
vn -83.608116 -25.583694 -48.529968
vn -67.718529 -39.145916 -62.304073
vn -83.099556 -44.97377 -32.738739
vn -83.119492 -17.078051 52.910202
vn -73.716873 -10.302139 66.780899
vn -99.311569 -8.4563808 8.1055946
vn -89.829109 -37.619598 22.704527
vn -95.604752 -23.520393 -17.507759
vn -78.835548 -30.874868 53.213703
vn -83.120728 -17.0746 52.909386
vn -83.099686 -44.974499 -32.737404
vn -83.608833 -25.583572 -48.528816
vn 61.554192 -26.487255 -74.226051
vn -79.374969 0.74966294 -60.819836
vn -75.333649 35.54517 -55.329777
vn -79.375031 0.74934268 -60.819756
vn -75.334084 35.546421 -55.328369
vn 53.930737 0.84830326 -84.206627
vn 52.06144 35.568619 -77.617531
vn 53.932293 0.8510229 -84.205605
vn 52.061092 35.567589 -77.61824
vn 58.06889 63.869324 -50.484776
vn -71.735092 63.657124 -28.316906
vn 64.026657 74.856361 -17.236992
vn -64.56649 76.122711 6.0417199
vn -59.661865 68.380402 42.006966
vn -55.507393 48.88155 67.301735
vn -2.4277506 77.466949 63.190006
vn -59.661644 68.377464 42.012058
vn 80.655167 21.324789 55.136177
vn 78.243332 21.821123 58.325119
vn -56.913448 63.482769 52.257019
vn -2.4309053 77.467972 63.188637
vn 24.11108 76.530334 59.680527
vn 79.216812 -2.8995256 60.961384
vn 79.659286 -2.3545694 60.40575
vn 79.658897 -2.3536882 60.406284
vn 96.673447 0.79438967 25.565866
vn -18.76833 55.34203 81.148071
vn 44.520153 56.613056 69.375198
vn 55.426258 16.850536 81.510674
vn -26.042303 17.870611 94.881187
vn -79.647797 8.2459555 59.901855
vn -51.842041 20.274136 83.07444
vn -2.43223 77.470451 63.185562
vn 57.570595 3.4265931 81.693855
vn -27.1572 2.6275456 96.205925
vn -79.254982 -0.14230287 60.980541
vn -44.266624 -4.8126893 89.539398
vn -54.195286 23.593422 80.661156
vn -51.839375 20.276989 83.075409
vn -44.267998 -4.8143783 89.538628
vn -53.443981 -1.875759 84.49984
vn 81.910194 -21.819784 53.052959
vn 96.414131 -7.7892342 25.370123
vn 54.2616 -15.944449 82.470917
vn 50.940823 -29.34659 80.893829
vn 79.324005 -56.962833 21.515961
vn 73.108826 -46.458469 49.967087
vn -60.256969 -22.685015 76.514626
vn -81.673653 -5.4015398 57.447701
vn -22.043171 -15.734757 96.262741
vn -18.445499 -29.192755 93.848526
vn -68.603134 -58.332596 43.484695
vn -50.906433 -49.238865 70.597946
vn -75.246803 -59.402981 28.446547
vn -56.195873 -45.538635 69.052574
vn -49.569393 -49.145325 71.607346
vn -56.196987 -45.539612 69.051003
vn -69.82637 -37.538158 -60.952148
vn 80.53685 -42.514011 41.308285
vn 81.642212 -57.745487 -0.097374149
vn 80.537468 -42.51265 41.308479
vn 82.184692 -51.365322 24.643024
vn 80.536064 -42.514404 41.30941
vn 68.221375 -39.420372 -61.578224
vn -23.199986 -11.500317 96.589348
vn 49.322346 -10.496924 86.354622
vn 89.830948 -6.4549756 43.459583
vn 51.782383 -0.90453357 85.543953
vn 63.320572 -33.309948 -69.863815
vn 99.350449 -0.43238494 -11.371077
vn 92.058578 -35.806404 -15.592288
vn 98.012283 3.8417006 -19.4636
vn 98.143318 -11.203108 -15.568562
vn 95.601013 9.900732 27.611958
vn 71.698761 -8.4051762 -69.200005
vn 77.357086 -5.0748091 -63.167458
vn 99.30394 -7.2950034 -9.2472563
vn 56.346615 13.067741 81.57386
vn -27.862608 12.23873 95.256958
vn -23.846361 -0.83861297 97.111526
vn -76.861229 -4.6230297 63.804222
vn -79.753922 9.724412 59.537792
vn -14.700702 -43.325569 88.920097
vn 47.046215 -41.282879 77.989601
vn -34.170525 -52.792801 77.751503
vn 64.200447 -44.97337 62.094273
vn 65.853249 -63.281425 40.728504
vn 65.555084 -73.853874 -15.752336
vn 71.623497 7.2131839 -69.41214
vn 40.185459 -61.274689 -68.04808
vn 17.956947 3.9701843 -98.294388
vn 4.2543001 -46.013554 -88.682884
vn 27.37528 -9.9466496 -95.664307
vn -56.375549 4.5354238 -82.469551
vn -36.889267 -46.74881 -80.335114
vn -55.908066 -10.062168 -82.298485
vn -91.931625 10.264229 -37.98978
vn -60.703171 -64.396538 -46.564045
vn -93.786049 -7.5525179 -33.869423
vn 27.272177 -8.2539768 -95.854584
vn -54.258102 -9.538723 -83.457008
vn -95.685127 -11.924967 -26.498125
vn 16.954245 11.470341 -97.882507
vn -49.760731 10.165738 -86.142479
vn -82.644043 -32.200764 -46.185223
vn -81.00325 -56.584393 -15.384438
vn -94.537041 -9.6753092 31.130919
vn -89.827927 -37.621407 22.706301
vn -98.600792 -6.9076762 15.171306
vn -94.537361 -9.6748505 31.130146
vn -53.656685 -64.262268 54.692978
vn -98.61882 9.4941626 13.571618
vn -73.390305 -66.538467 13.65637
vn -98.618637 9.4942198 13.572927
vn -73.390427 -66.538139 13.657292
vn 58.068924 63.868568 -50.485706
vn -71.735672 63.656525 -28.316811
vn -64.56572 76.123085 6.0453024
vn 64.025459 74.857201 -17.237761
vn 63.320862 -33.306793 -69.865067
vn 74.189606 -52.757904 -41.382462
vn -82.643631 -32.201523 -46.185425
vn -98.600929 -6.9066277 15.170882
vn 46.962578 -66.61898 57.934685
vn -0.082618557 -99.574608 9.2136068
vn 77.49752 -56.993637 27.310465
vn -65.456642 -57.298546 49.318405
vn -10.927993 -65.586937 74.692245
vn 87.964722 -47.553043 -0.95692098
vn 94.041473 -20.985321 -26.754793
vn 98.247314 0.16792411 -18.639719
vn 88.194977 -28.734346 -37.36285
vn 43.382042 -63.635849 -63.784607
vn -5.370575 -77.544266 -62.912991
vn -20.702349 -76.131355 -61.444534
vn -71.434021 -55.702671 -42.360291
vn -98.123886 0.22139715 19.278336
vn -94.527008 -32.515793 2.7144525
vn -96.974792 -24.341118 1.8434296
vn 11.062595 -73.08474 67.351624
vn 88.958382 -42.818497 -15.905451
vn -11.910829 -75.720322 -64.222778
vn -84.003616 -49.039913 23.205141
vn -88.84156 -33.160198 31.742397
vn -14.701772 -43.3228 88.921272
vn 19.201561 -97.988495 -5.4362998
vn 47.047211 -41.284012 77.988403
vn -22.419474 -97.371826 4.0117207
vn -34.166027 -52.791809 77.75415
vn 53.726654 -84.329865 -1.3858302
vn 64.201675 -44.974556 62.092152
vn -51.692436 -80.357559 29.505129
vn 65.851196 -63.283733 40.728233
vn -47.217297 -81.216515 34.269596
vn 65.553566 -73.85508 -15.752995
vn -48.634914 -86.213593 14.207822
vn 40.188988 -61.274929 -68.045807
vn -45.064987 -89.087845 5.7011819
vn 4.2563019 -46.012547 -88.683319
vn -29.789963 -94.265358 15.053324
vn -36.892757 -46.749325 -80.333214
vn 31.863243 -94.699493 4.0913115
vn -60.701633 -64.397873 -46.564205
vn 41.384953 -90.93087 -4.3429246
vn -53.660847 -64.263496 54.68745
vn 50.738865 -85.846115 7.4840264
vn -73.391197 -66.53801 13.653792
vn 42.990463 -90.041374 6.6612735
vn 1.6499841 -99.414879 10.675267
vn -39.94495 91.549904 4.7975516
vn -41.320358 90.962753 4.2901115
vn -40.699524 75.701576 -51.115768
vn -31.296045 94.576111 -8.713048
vn -70.331413 44.952892 -55.070229
vn -43.05862 89.123779 14.244572
vn -61.60323 78.72261 2.7914255
vn -60.80336 72.826836 -31.610178
vn -74.740997 63.672832 -18.96187
vn -36.083843 91.956482 15.555123
vn 4.3632464 97.841263 20.200212
vn 20.180676 97.696594 6.9365926
vn 18.49165 97.477676 -12.496564
vn -12.937917 91.81797 -37.444256
vn 18.491653 97.478134 -12.492898
vn -92.069801 38.103176 -8.4439211
vn -33.235538 94.014793 -7.5244861
vn -82.97113 38.559418 -40.360416
vn -90.590263 35.601124 22.933949
vn -91.893959 34.857471 18.451464
vn -85.228043 36.395706 37.570381
vn -76.628456 40.58054 -49.81263
vn -60.785179 46.119793 -64.638428
vn -30.548508 54.97213 -77.748657
vn -86.949036 41.60693 26.621981
vn -25.776459 71.734039 64.728661
vn 27.22506 84.846893 45.385025
vn 48.368935 86.590034 12.751973
vn 48.582378 85.629822 -17.529612
vn 15.201304 74.789856 -64.617325
vn -89.516777 -4.0394583 44.389519
vn -44.156105 76.616501 46.692078
vn -99.758598 -5.8219604 3.7852759
vn -63.795586 75.748772 13.865334
vn -30.29479 46.19735 -83.354851
vn -83.909195 -4.1379943 -54.241348
vn -54.550415 76.615479 -33.975304
vn -99.123238 -13.011353 2.2997913
vn -87.215462 -20.696104 44.329849
vn -99.752472 -6.4151163 -2.8791378
vn -90.074631 -9.8202724 42.309837
vn -84.332504 -4.1566854 -53.579365
vn -84.513641 -1.3864422 -53.437084
vn 10.419159 26.948399 -95.735184
vn -89.809738 -14.019971 41.685143
vn -98.965248 -10.292575 -9.9971657
vn -67.616562 8.5441904 73.177841
vn -77.496101 -56.998066 27.305227
vn -46.956676 -66.620148 57.938141
vn -89.489807 12.742841 42.76907
vn 65.457932 -57.29845 49.316795
vn 38.175877 4.0264068 92.338455
vn 10.926318 -65.584122 74.694977
vn -87.961563 -47.558887 -0.95585555
vn -76.352982 23.124987 -60.294762
vn -11.500162 19.040518 -97.494637
vn -94.040955 -20.974909 -26.764791
vn -98.253036 0.21007653 -18.609077
vn -88.211197 -28.704863 -37.347214
vn -43.392487 -63.633709 -63.779648
vn 5.3759308 -77.54715 -62.908966
vn 20.695101 -76.130142 -61.448467
vn 46.098907 19.10718 -86.659142
vn 71.431 -55.705173 -42.362076
vn 94.527191 -32.514832 2.7196877
vn 93.821678 16.65983 -30.330549
vn 98.124352 0.21896081 19.276009
vn 96.975349 -24.338818 1.8450001
vn -27.827099 -6.0867276 95.857201
vn 14.725251 56.605606 81.110878
vn -72.761299 -3.9684091 68.483902
vn -27.591572 65.971687 69.903084
vn 36.419941 -10.750795 92.509499
vn 65.376602 49.265385 57.435379
vn -25.924088 -16.831984 95.103233
vn -68.529495 -13.839612 71.499466
vn -70.910957 -15.269347 68.836639
vn -68.127457 -22.795958 69.562881
vn -24.84798 -24.870007 93.61657
vn -39.818268 8.4125729 -91.34404
vn 3.9858959 51.008095 -85.920242
vn -40.405262 -1.3583411 -91.463493
vn -36.423485 -4.9646721 -92.998291
vn -79.884857 -2.0479062 -60.118347
vn -28.98299 -2.46123 -95.676163
vn 14.660047 7.5678678 -98.629654
vn 30.355824 67.742622 -67.003441
vn 15.793014 -2.8846564 -98.702888
vn 18.293743 -7.8251481 -98.000549
vn 17.483873 -4.7910509 -98.343071
vn 59.219246 65.207367 -47.340042
vn 66.39035 -4.3394251 -74.655823
vn 66.829124 -7.8201032 -73.977798
vn 95.328278 -14.003279 -26.766159
vn 71.455551 67.95668 -16.61311
vn 94.986023 -13.590327 -28.159515
vn 72.753021 68.491035 3.9971635
vn 98.063324 -11.979915 15.494092
vn 97.798759 -15.532242 13.933805
vn 98.06295 -11.980934 15.495654
vn 72.752281 68.4916 4.0009241
vn 82.26622 -15.53035 54.690735
vn 85.803261 45.854279 23.134098
vn 97.798721 -15.53221 13.934096
vn 80.736183 -17.887768 56.228958
vn 67.443893 -8.8467941 -73.30114
vn 60.845375 -5.8140621 -79.145676
vn 95.13546 -11.47962 -28.59128
vn 95.499084 -5.7367463 -29.103487
vn 97.640297 -16.073061 14.423256
vn 78.619835 -22.225674 57.662308
vn 97.640648 -16.073374 14.420465
vn 40.093971 -19.927427 89.41684
vn 40.302803 -25.068792 88.01841
vn -24.404734 1.4088162 96.966103
vn -27.162434 -18.624943 94.420929
vn 44.77137 -18.350964 87.514374
vn -99.113808 8.0619059 -10.557344
vn 18.147625 8.3474188 -97.984612
vn 95.263428 1.6113153 30.369101
vn 97.25779 -11.7447 20.074482
vn 77.047897 14.036511 62.181976
vn 95.262299 1.6113914 30.372684
vn 77.329483 -19.169937 60.437267
vn 97.258308 -11.743991 20.072418
vn -11.063926 -73.084618 67.351532
vn -88.955116 -42.813129 -15.938132
vn 11.915014 -75.721001 -64.221199
vn 84.003151 -49.040874 23.204828
vn 84.004173 -49.03759 23.208075
vn 88.843933 -33.160511 31.73539
vn -24.11541 76.529678 59.679604
vn -70.269287 68.79113 18.166132
vn -75.204483 48.247135 44.905457
vn -98.503632 -0.26547918 -17.232628
vn -78.242065 21.820734 58.326969
vn -75.201714 48.246773 44.910492
vn -70.268852 68.790512 18.170116
vn -80.655731 21.326023 55.134865
vn -71.09021 63.083565 31.090921
vn -24.11635 76.524429 59.685959
vn -96.286255 7.7616057 25.859528
vn -79.216797 -2.8996613 60.961388
vn 98.511101 0.29098365 17.189486
vn 55.506371 48.881195 67.302841
vn 54.199356 23.593546 80.658379
vn 53.443317 -1.8721548 84.500343
vn -30.85013 -47.007309 82.695724
vn -77.582466 4.4039874 62.940987
vn -81.910919 -21.819254 53.052048
vn -78.615082 -25.474846 56.308987
vn -67.355865 1.1459972 73.904488
vn -82.802216 0.018234381 56.069546
vn -77.580742 4.4031277 62.943172
vn -30.852673 -47.006886 82.695023
vn -52.30183 -17.503769 83.415451
vn -78.615929 -25.476097 56.307236
vn -77.199417 -46.054916 43.808628
vn -77.199265 -46.056511 43.807209
vn -79.368294 -57.005341 21.238289
vn 1.4758303 -48.548092 87.412262
vn 60.25845 -22.688448 76.512451
vn 51.262569 11.775996 85.049843
vn 43.132862 12.981067 89.280724
vn 51.264393 11.772674 85.04921
vn 66.231117 -1.1593072 74.913925
vn 1.4748321 -48.546299 87.413284
vn 28.50346 -17.912306 94.163155
vn 58.344902 -45.893749 67.004753
vn 54.01609 -26.731361 79.797844
vn 54.01601 -26.733311 79.797249
vn 58.345688 -45.891335 67.005714
vn 68.585083 -58.327423 43.5201
vn 75.248848 -59.379719 28.489622
vn 81.016815 -56.559162 -15.405793
vn 50.905788 -49.237686 70.59922
vn -73.110077 -46.456982 49.966644
vn -81.666916 -57.709843 -0.29815689
vn -74.280571 -52.721691 -41.265282
vn -48.600727 -15.235632 86.057228
vn -26.991013 -23.90028 93.275192
vn 16.894398 -15.939334 97.26519
vn -6.7675896 -24.891108 96.615913
vn 68.572159 -11.205102 71.918747
vn -86.947296 -7.1878242 48.872284
vn -97.019783 -11.094571 21.54233
vn -94.705055 -28.355665 15.063436
vn -92.05809 -35.808498 -15.590391
vn -85.736023 -26.837288 -43.921459
vn -90.265808 -3.7568519 -42.871552
vn -65.461716 -44.329346 -61.234573
vn -90.26442 -3.7598321 -42.87421
vn -63.51701 -33.311779 -69.684387
vn -70.6381 9.4215288 -70.153366
vn -33.493034 -36.466805 -86.881454
vn -88.508453 -8.1417742 45.825382
vn -97.020615 -11.092481 21.539688
vn -80.803314 -2.6382017 -58.854599
vn -74.58374 2.1586161 -66.577812
vn 20.022398 7.9561644 -97.651428
vn 47.026291 11.607576 -87.485954
vn -11.789184 14.983268 -98.165756
vn 36.858059 -3.9719911 -92.87468
vn 0.69185662 -2.6034427 -99.963707
vn 17.543417 8.4252806 -98.087936
vn 20.021702 7.9601617 -97.651253
vn 0.69079846 -2.6025026 -99.963753
vn 36.855907 -3.9744349 -92.875443
vn -33.492493 -36.468437 -86.880989
vn -61.55098 -26.490158 -74.227676
vn -65.463127 -44.325489 -61.235863
vn 99.311722 -8.4544125 8.1058416
vn 96.125839 -1.08046 -27.543703
vn 94.544121 4.8462081 -32.216812
vn 97.03933 -7.7511935 -22.87546
vn 67.718819 -39.14476 -62.304489
vn 82.630875 -32.200161 -46.209206
vn 83.608139 -25.583565 -48.530003
vn 67.718628 -39.145847 -62.304005
vn 83.093956 -44.965862 -32.763783
vn 73.722343 -10.332286 66.770203
vn 83.119476 -17.078108 52.910217
vn 89.829155 -37.619595 22.704384
vn 99.3116 -8.4561596 8.1055365
vn 95.597664 -23.540234 -17.519842
vn 78.822029 -30.898518 53.220013
vn 83.120628 -17.074858 52.909451
vn 83.095863 -44.96101 -32.765617
vn 83.608803 -25.583549 -48.52887
vn -61.554188 -26.48727 -74.226051
vn 79.374962 0.74943477 -60.819851
vn 75.33403 35.545044 -55.329319
vn 79.375038 0.74936801 -60.819763
vn 75.334099 35.546413 -55.328358
vn -53.930717 0.84817988 -84.206635
vn -52.070438 35.572086 -77.609901
vn -53.932327 0.85103631 -84.205582
vn -52.067219 35.576492 -77.610039
vn -58.048851 63.885128 -50.487835
vn 71.735115 63.657108 -28.316919
vn -64.023849 74.854828 -17.254061
vn 64.566498 76.122704 6.0417118
vn 59.661865 68.380379 42.006958
vn 2.4278059 77.466766 63.190235
vn 55.507427 48.882191 67.301239
vn 59.661709 68.377518 42.011852
vn -78.243279 21.819883 58.325657
vn -80.655098 21.324413 55.136414
vn -24.118137 76.527763 59.680969
vn 2.4309382 77.467957 63.188648
vn 56.913506 63.482697 52.257061
vn -79.659225 -2.354495 60.405838
vn -79.216782 -2.8947258 60.961651
vn -96.673447 0.79440445 25.565866
vn -79.658699 -2.3536785 60.40654
vn -44.520275 56.613045 69.37513
vn 18.768126 55.34201 81.148125
vn -55.426346 16.850595 81.510605
vn 26.042267 17.870584 94.881203
vn 79.647865 8.2458363 59.901791
vn 2.4325073 77.470428 63.185574
vn 51.842205 20.273968 83.074379
vn 27.157322 2.6275437 96.20591
vn -57.570732 3.4266388 81.693756
vn 79.255173 -0.14233235 60.980309
vn 44.266788 -4.8127036 89.539314
vn 51.839363 20.27689 83.075439
vn 54.195404 23.595465 80.660469
vn 53.44397 -1.8746364 84.499863
vn 44.267948 -4.8143263 89.538658
vn -96.414177 -7.7891998 25.369938
vn -81.910179 -21.81975 53.053001
vn -54.261822 -15.944442 82.470772
vn -50.940918 -29.346592 80.893753
vn -73.108917 -46.458435 49.967007
vn -79.367325 -57.007858 21.235144
vn 81.673668 -5.4015584 57.44767
vn 60.256977 -22.685041 76.514603
vn 22.043211 -15.734805 96.262726
vn 18.445673 -29.192781 93.848495
vn 50.906353 -49.238853 70.598007
vn 68.583 -58.327625 43.523106
vn 56.170761 -45.539932 69.072136
vn 75.251884 -59.375759 28.489868
vn 56.17062 -45.540031 69.072197
vn 49.514397 -49.162056 71.633911
vn 69.787369 -37.561832 -60.982239
vn -81.666565 -57.710361 -0.29445469
vn -80.684853 -42.486336 41.047108
vn -80.684616 -42.484844 41.049141
vn -80.684784 -42.485519 41.0481
vn -82.606544 -50.854053 24.290411
vn -68.769531 -38.95039 -61.266788
vn 23.375225 -11.240515 96.577682
vn -49.49036 -10.248189 86.288345
vn -89.86055 -6.4367738 43.401024
vn -52.004059 -1.0179467 85.408089
vn -63.517673 -33.312504 -69.683434
vn -92.058998 -35.806614 -15.589338
vn -99.350471 -0.43244147 -11.370897
vn -98.14193 -11.246205 -15.546298
vn -95.554489 9.179925 28.019066
vn -98.032501 3.7915258 -19.371479
vn -99.302361 -7.3291225 -9.237113
vn -77.361092 -5.0917816 -63.16119
vn -71.724625 -8.4077263 -69.172882
vn 24.090101 -0.99567479 97.049866
vn 28.354382 11.98639 95.143875
vn -56.022366 12.98878 81.809456
vn 80.012634 10.190112 59.111256
vn 76.922943 -4.6147151 63.730408
vn -46.685181 -41.695934 77.986809
vn 15.190586 -43.541821 88.731934
vn 34.469845 -52.231228 77.99826
vn -63.849812 -45.671791 61.945862
vn -65.735123 -63.481178 40.608322
vn -65.526184 -73.876389 -15.767056
vn -40.17659 -61.283051 -68.045784
vn -71.664009 7.2688532 -69.364487
vn -4.2581501 -46.012562 -88.68322
vn -17.968943 3.9774399 -98.291893
vn -27.396402 -9.9521189 -95.657692
vn 36.918545 -46.739559 -80.327049
vn 56.402542 4.5617232 -82.449646
vn 55.956615 -10.090125 -82.262054
vn 60.667274 -64.030472 -47.112423
vn 91.992851 10.209855 -37.855972
vn 93.816818 -7.5906863 -33.775505
vn -27.38114 -8.3827953 -95.812325
vn 54.353069 -9.6831026 -83.378548
vn 95.688286 -11.983238 -26.460424
vn -17.051476 11.579694 -97.85273
vn 49.842354 10.266281 -86.083344
vn 81.017387 -56.557785 -15.407786
vn 82.630966 -32.200432 -46.20882
vn 94.531647 -9.7143888 31.135168
vn 94.531433 -9.7159967 31.135305
vn 98.597298 -6.9385991 15.179915
vn 53.817719 -63.634418 55.26585
vn 71.901779 -68.162071 13.567067
vn 98.61721 9.704154 13.434212
vn 71.899452 -68.164375 13.567938
vn 98.616997 9.7041779 13.435761
vn 71.736237 63.656052 -28.316418
vn -58.048813 63.884094 -50.489182
vn -64.022194 74.856033 -17.254992
vn 64.566727 76.122643 6.0401015
vn -74.281052 -52.722485 -41.263371
vn -63.516785 -33.314449 -69.683327
vn 82.632507 -32.198078 -46.20771
vn 98.597557 -6.938807 15.178061
vn 0.081954904 -99.574669 9.2130318
vn -46.954079 -66.6203 57.940071
vn -77.494164 -56.998577 27.309656
vn 65.456924 -57.298248 49.318371
vn 10.928115 -65.586823 74.692329
vn -87.962234 -47.557617 -0.95806015
vn -94.041252 -20.974506 -26.764034
vn -98.252884 0.20616497 -18.609911
vn -88.209251 -28.709059 -37.348614
vn -43.401001 -63.627285 -63.780254
vn 5.3693457 -77.547485 -62.909126
vn 20.702061 -76.13131 -61.444683
vn 71.43428 -55.702278 -42.360382
vn 98.123932 0.22180395 19.278097
vn 94.527107 -32.515491 2.7143731
vn 96.974876 -24.340828 1.8432217
vn -11.06288 -73.084709 67.351608
vn -88.953621 -42.81673 -15.936765
vn 11.909421 -75.720345 -64.223007
vn 84.003777 -49.039581 23.205284
vn 88.841675 -33.159889 31.742371
vn 22.424168 -97.371254 3.9995148
vn -19.211992 -97.986549 -5.4345765
vn -46.68528 -41.696907 77.986237
vn 15.191643 -43.543232 88.731056
vn -53.749485 -84.315681 -1.3635174
vn 34.4711 -52.229549 77.998833
vn 51.707458 -80.352394 29.492905
vn -63.849281 -45.670681 61.947212
vn 47.231003 -81.210266 34.265518
vn -65.733002 -63.482372 40.609859
vn 48.648064 -86.205849 14.20974
vn -65.527412 -73.875397 -15.766539
vn 45.07967 -89.080032 5.7072043
vn -40.17292 -61.282394 -68.048553
vn 29.806816 -94.258347 15.06382
vn -4.2535105 -46.013729 -88.682831
vn -31.877914 -94.694534 4.0918708
vn 36.91544 -46.736118 -80.330475
vn -42.206665 -90.502174 -5.2872109
vn 60.665619 -64.029388 -47.116005
vn -51.122223 -85.554047 8.1869516
vn 53.818451 -63.632446 55.267418
vn -44.652195 -89.215652 6.8372087
vn 71.899887 -68.164497 13.56498
vn -1.7194997 -99.412079 10.690206
vn 41.319801 90.963005 4.2901206
vn 39.944748 91.549995 4.7974753
vn 31.294903 94.576485 -8.7130747
vn 40.700104 75.7015 -51.115406
vn 70.331413 44.952827 -55.07029
vn 61.603523 78.722404 2.7909522
vn 43.058495 89.123856 14.244393
vn 60.803062 72.826912 -31.610569
vn 74.741165 63.672802 -18.961313
vn 36.084202 91.956299 15.555356
vn -4.3644466 97.841103 20.200727
vn -20.179581 97.6968 6.936697
vn -18.492104 97.477554 -12.496746
vn -18.492422 97.477966 -12.493025
vn 12.937194 91.81797 -37.4445
vn 33.237644 94.014069 -7.5242076
vn 92.070473 38.101463 -8.4443512
vn 82.971535 38.557877 -40.361053
vn 90.590477 35.599514 22.935547
vn 91.894569 34.855728 18.45174
vn 85.226967 36.394333 37.574154
vn 76.62851 40.579205 -49.813644
vn 60.784687 46.118862 -64.639557
vn 30.547773 54.971725 -77.749229
vn 86.948296 41.605782 26.626156
vn 25.775354 71.733658 64.729523
vn -27.224648 84.847595 45.383965
vn -48.367237 86.591049 12.751456
vn -48.580566 85.63089 -17.529402
vn -15.201148 74.790382 -64.616753
vn -65.442261 75.085823 8.912344
vn -65.652229 69.88063 -28.398603
vn -65.390678 46.390629 -59.765942
vn -19.963043 47.551868 85.675545
vn 34.84235 75.061035 56.141346
vn -17.6908 83.216331 52.55547
vn 22.871035 35.635574 90.592606
vn 42.58609 68.709564 58.867805
vn 52.888477 -1.3839885 84.858078
vn 75.286896 22.170816 61.970463
vn -20.63323 -42.897465 -87.943604
vn -19.528847 13.424367 -97.151482
vn 34.921776 9.116888 -93.259598
vn 48.610992 -66.972389 -56.139744
vn 43.616436 4.4128995 -89.878433
vn 75.859604 -27.521297 -59.058449
vn 19.783133 -49.698997 -84.490456
vn -24.150549 -97.002548 -2.6936188
vn -18.968494 -84.969566 -49.197247
vn 3.3654532 -84.791687 -52.905979
vn 15.160463 -98.532181 7.846683
vn 23.150644 -91.893188 -31.932573
vn -22.328426 -49.196537 84.149521
vn 9.4114752 -7.8481193 99.246315
vn -17.651108 -3.0570703 98.382378
vn 18.545467 -64.581818 74.062492
vn 29.131714 -29.483229 91.005943
vn 79.703789 -54.878551 25.212107
vn 77.359161 -57.916363 25.714899
vn 75.471703 -59.184845 28.30508
vn 75.644196 -58.614155 29.023043
vn 75.260994 -60.495754 26.000885
vn 76.259399 -60.221828 23.61854
vn 78.489494 -57.378574 23.390129
vn 80.689148 -54.710735 22.271013
vn 82.296669 -51.402805 24.18697
vn 80.700592 -51.835377 28.29323
vn 78.321663 -55.039219 28.920588
vn 77.286514 -57.544506 26.747417
vn 75.600449 -60.104748 25.922808
vn -9.0395212 92.378319 -37.209301
vn -10.102959 99.14476 8.2611761
vn 44.51828 82.913895 -33.814331
vn 43.038128 89.283714 13.271626
vn -9.4038668 62.771793 -77.273987
vn 43.978699 55.16814 -70.868538
vn -30.004135 88.150047 -36.459854
vn -30.829155 94.365814 12.027308
vn -31.448673 57.858253 -75.255577
vn 60.389877 74.768669 -27.617186
vn 54.176052 81.74691 19.554983
vn 88.464073 33.967281 31.942627
vn 96.300285 26.325249 -5.7652454
vn 55.393177 48.875927 -67.399841
vn 91.066246 9.0527802 -40.311104
vn -35.587727 77.134346 52.761799
vn -65.650108 69.8815 -28.401392
vn -65.444954 75.084267 8.9056787
vn -65.390816 46.395081 -59.762356
vn -65.910126 62.633904 41.627514
vn -65.493828 7.901803 -75.153976
vn -65.90966 62.634731 41.627003
vn -65.835777 34.952477 66.663147
vn -34.112289 44.052391 83.040588
vn -65.37487 -33.643105 -67.781036
vn -65.837799 34.952927 66.660912
vn -30.477596 -1.0066689 95.237083
vn -65.739151 -2.3344486 75.318733
vn -64.744934 -64.091209 -41.236038
vn -65.739395 -2.3353322 75.318512
vn 75.262169 -60.493431 26.002911
vn 76.258957 -60.220966 23.622173
vn 75.64283 -58.61689 29.021051
vn 78.490829 -57.376942 23.389673
vn 75.471382 -59.186096 28.303303
vn 77.356323 -57.919254 25.716864
vn -37.830437 7.6731915 -92.249557
vn -65.494637 7.9065304 -75.152771
vn 75.599525 -60.10548 25.923811
vn -35.750706 -44.220695 -82.258232
vn -65.375671 -33.64011 -67.781738
vn 77.286842 -57.544895 26.745611
vn 78.321877 -55.04039 28.91781
vn -32.042618 -80.30188 -50.248169
vn -64.743935 -64.092644 -41.235382
vn -16.777916 -98.568329 -1.6689614
vn 80.699814 -51.835903 28.294497
vn -20.042894 -47.874554 85.476952
vn -63.689156 -40.101814 65.844803
vn 80.687805 -54.711624 22.273655
vn -5.1641521 -87.877518 47.443378
vn -63.222267 -67.748505 37.591034
vn -63.286476 -77.296783 -4.4752569
vn -20.868574 -87.032082 44.608501
vn 11.034849 -88.130287 45.94873
vn 82.298943 -51.400936 24.183237
vn -20.869076 -87.033546 44.605427
vn 11.033641 -88.132019 45.945702
vn -63.289963 -77.293884 -4.4761639
vn -63.22049 -67.751259 37.589043
vn -63.689255 -40.104237 65.843224
vn 82.297546 -51.402054 24.185553
vn -5.1638021 -87.876465 47.445351
vn -63.218349 -67.749565 37.595703
vn -71.888039 -67.071442 18.262812
vn -22.937721 -84.188156 -48.848892
vn 22.320887 -89.072716 39.595818
vn 60.16637 -63.845428 -47.997601
vn 94.210304 -25.361858 21.936174
vn 45.354404 -8.306778 88.735428
vn -37.518074 -28.500519 88.204964
vn -70.707581 -36.416618 -60.615742
vn -93.316696 -26.741247 24.01874
vn -74.916397 60.479321 -27.014494
vn -12.828319 18.868366 -97.362305
vn 22.648596 83.888634 -49.494835
vn 0.13717413 93.639549 35.09441
vn -57.862343 38.430878 71.937592
vn -30.138147 -73.564743 -60.662346
vn -83.082123 -54.141457 12.886527
vn -45.389862 2.8026555 -89.061249
vn -95.361603 21.565102 -21.002638
vn 60.803169 -52.20689 -59.811508
vn 39.591827 23.751925 -88.703629
vn 98.251831 -9.1990595 16.185101
vn 74.587997 64.295586 -17.398573
vn 45.19088 10.913827 88.536278
vn 98.252167 -9.1974869 16.183865
vn 24.24703 82.744629 50.64983
vn 74.58477 64.298256 -17.402512
vn -44.941391 -11.345762 88.60894
vn -60.468735 62.127926 49.836266
vn -44.756695 -12.368167 -88.565613
vn -98.681213 6.460084 -14.842076
vn -45.592384 -4.0049772 -88.911728
vn -97.190735 14.208622 -18.763651
vn 46.625397 10.111292 -87.885345
vn 42.061199 18.03981 -88.91243
vn 84.958038 51.702396 -10.440042
vn 80.39315 57.991642 -13.187457
vn 30.965132 70.133369 64.206474
vn 84.959 51.70121 -10.438066
vn 28.649229 75.125366 59.459232
vn 80.393097 57.991585 -13.188101
vn -61.139183 48.40369 62.602577
vn -60.951847 54.778233 57.308094
vn -40.336578 -77.914467 47.982246
vn -16.137114 -88.482201 -43.709206
vn -33.882858 -80.451401 48.780376
vn -10.261808 -90.774071 -40.67878
vn 46.591846 -28.717499 -83.692917
vn 50.945122 -32.472115 -79.687866
vn 85.109039 41.637466 -31.980835
vn 88.532791 36.155827 -29.235291
vn 60.897984 52.21772 59.705475
vn 64.908669 46.481667 60.218918
vn -1.8170314 -7.5550127 99.697639
vn 3.7052188 -11.822413 99.229546
vn -40.335339 -77.913277 47.985233
vn -33.883923 -80.451073 48.780163
vn -84.716324 -42.210228 32.271355
vn -60.447906 -52.809887 -59.641991
vn -22.69372 -83.833923 49.566814
vn -0.32179952 -93.608086 -35.177029
vn 2.4377232 7.0881791 -99.718681
vn 57.660782 -38.384045 -72.124191
vn 41.052311 77.600006 -47.884724
vn 93.267357 26.628815 -24.333263
vn 16.782396 88.204292 44.026745
vn 70.887383 36.408375 60.410347
vn -46.102718 28.305172 84.103256
vn 12.904408 -18.817482 97.362099
vn -84.71656 -42.209389 32.271873
vn -22.692255 -83.83461 49.566326
vn -27.274582 -78.609161 -55.467968
vn -77.061531 -61.763783 15.708489
vn 60.405193 -59.260006 -53.286613
vn 96.01487 -18.654591 20.812315
vn 46.154022 -0.071374193 88.711906
vn 96.014572 -18.654768 20.813463
vn -38.759502 -21.973299 89.525833
vn -88.006264 -37.059132 29.690367
vn -64.276497 -47.427563 -60.159439
vn -2.8038144 11.133561 -99.33873
vn 34.946114 80.064232 -48.667122
vn 11.221574 90.431709 41.184734
vn -50.253593 31.87324 80.365868
vn -88.005951 -37.058159 29.692518
vn -22.935978 -84.188347 -48.849415
vn -71.88575 -67.073898 18.262827
vn 60.16341 -63.847466 -47.998589
vn 94.210579 -25.363827 21.93269
vn 45.35387 -8.3055325 88.735809
vn 94.211517 -25.359215 21.933992
vn -37.514618 -28.502422 88.205818
vn -95.361649 21.562468 -21.005125
vn -22.309052 88.740746 -40.340885
vn -45.392048 2.8028076 -89.060127
vn 39.589275 23.75082 -88.705055
vn 74.586693 64.295639 -17.403984
vn 24.247875 82.744774 50.649227
vn -60.466911 62.126709 49.840004
vn -93.31591 -26.739201 24.024048
vn -70.704964 -36.416561 -60.618828
vn -12.83186 18.866005 -97.362289
vn 22.646046 83.889778 -49.494049
vn 0.14051497 93.639557 35.094334
vn -57.862389 38.432919 71.936455
vn -93.317085 -26.73563 24.023499
vn -0.31996071 -93.607063 -35.179764
vn 74.850098 -60.671413 26.766426
vn -22.691282 -83.832359 49.570572
vn 57.663132 -38.382984 -72.122887
vn 93.266357 26.63435 -24.331078
vn 70.889801 36.407925 60.407787
vn 12.903627 -18.81859 97.361992
vn 44.587666 -6.4996796 89.27314
vn 56.103111 -43.15744 70.639061
vn 23.930962 -8.1521502 96.751495
vn 57.756405 -48.397598 65.740929
vn 44.176186 79.776627 41.03846
vn 32.576485 16.478243 93.098022
vn 35.178288 65.698929 66.679382
vn -19.931917 38.064434 90.298485
vn -27.497982 94.131851 19.571817
vn -55.019493 79.151726 26.605682
vn -20.773237 0.47247687 97.817436
vn -10.540405 -0.68161649 99.440613
vn -43.659515 4.0087233 89.87645
vn -75.330666 11.719842 64.714279
vn -71.627098 14.741076 68.207474
vn -89.705322 -36.688972 -24.634823
vn -72.232727 -50.893646 -46.821682
vn -85.673195 -43.08358 -28.353298
vn -38.871895 -70.569969 -59.23558
vn -62.139339 -58.636299 -51.966202
vn -12.406116 -81.619286 -56.430317
vn -17.380991 -41.880299 -89.128792
vn -55.421043 32.467766 -76.644325
vn -27.001345 49.334816 -82.686172
vn -5.1405525 -79.69059 -60.191246
vn 31.477701 -8.3999834 -94.544144
vn 33.094933 -57.664562 -74.69622
vn 41.356503 22.611134 -88.195099
vn 22.754496 -84.832367 -47.809006
vn 53.311054 -72.923134 -42.896935
vn 57.434547 -80.326195 -15.778955
vn 96.347748 -24.748772 -10.227931
vn 59.442009 42.419651 -68.317062
vn 60.18586 73.190956 -31.949093
vn 89.110245 -45.247303 -3.4705863
vn 79.896011 -48.099438 -36.098083
vn 51.070244 -78.772308 -34.449284
vn 60.257465 78.614502 13.740352
vn 96.512329 -10.96621 23.772091
vn 80.118736 -3.096535 59.761192
vn 89.597862 -29.080204 33.56432
vn 49.441635 -70.487358 50.863132
vn 82.857872 -32.723129 45.428749
vn 32.022663 -53.60408 78.109871
vn 80.11776 -3.098274 59.762424
vn 50.543392 -33.186485 79.649376
vn 69.366203 58.936836 41.409889
vn 53.341042 -75.540611 -38.057186
vn 1.5337974 -97.382149 -22.679605
vn 79.912651 -24.840832 -54.743961
vn 77.346313 24.966103 58.26012
vn -0.46559274 -50.694515 86.196579
vn 54.655327 -26.465815 79.45034
vn 22.616093 -93.979439 -25.619879
vn 76.739983 -60.510429 -21.200558
vn 48.244225 -87.128571 9.0060558
vn 64.758102 -0.31849393 76.19899
vn 70.715073 11.601997 -69.747925
vn 51.070713 -78.771812 -34.449749
vn 79.897606 -48.097736 -36.096828
vn 60.828739 -58.065689 -54.113213
vn 2.1865144 -46.060562 88.733559
vn 65.684975 43.557278 61.548756
vn 7.7777267 -50.015182 86.243782
vn 33.742367 14.582335 92.99897
vn 79.761124 -19.04225 57.232468
vn 73.815468 -31.859257 59.466496
vn 71.676987 -65.488937 -23.950134
vn 74.607262 -55.995041 -36.032097
vn 29.750172 -57.235252 -76.413704
vn 53.507317 -52.117199 -66.488838
vn 76.739975 -60.51133 -21.198036
vn 53.504871 -52.11681 -66.491104
vn 56.721985 13.115753 81.305557
vn 82.858917 -32.722939 45.426956
vn 56.722557 13.117841 81.304817
vn 50.544704 -33.187382 79.648163
vn 41.806568 -40.398289 -81.36454
vn 28.804567 -49.26088 -82.119812
vn 60.826355 -58.066841 -54.114662
vn 96.943176 -9.6968746 -22.538658
vn 33.100216 24.64723 91.087265
vn 39.680569 35.227905 84.761131
vn 92.07753 16.37892 35.404224
vn 64.7603 -0.32199347 76.197113
vn 90.814514 -25.91399 -32.881447
vn 89.559921 9.449235 43.471043
vn 6.8230667 -95.688805 -28.232952
vn 68.335281 -19.468166 -70.365334
vn 1.6324669 -96.640388 -25.650953
vn 35.106113 84.320541 40.713718
vn 17.833988 96.021553 21.489773
vn 9.1795807 34.233051 93.508469
vn 7.4271383 22.111271 97.241608
vn -64.16433 74.463669 18.387493
vn -89.955925 -5.3254948 43.354
vn -74.502495 66.687149 1.484063
vn -89.444107 -8.2758369 43.946117
vn -99.592041 -8.9487658 1.159662
vn -78.398109 56.026722 -26.73469
vn -97.839531 -19.951544 5.4185843
vn -99.592094 -8.9484882 1.1572495
vn -78.398186 56.027554 -26.732704
vn -74.016899 44.538849 -50.376472
vn -97.839462 -19.952366 5.4168959
vn -65.042618 34.133659 -67.855354
vn 21.160728 47.733665 -85.28611
vn 9.3966713 -46.924789 -87.805267
vn 6.4922085 -57.432125 -81.605156
vn 38.577202 28.050949 -87.891663
vn -77.863052 -57.091293 -26.0371
vn -93.016937 -35.971172 7.3432579
vn -93.015411 -35.974564 7.3459802
vn -85.191635 -21.724884 47.648857
vn -61.255051 -18.077641 76.948143
vn -51.207661 -76.173332 -39.691315
vn -29.60503 -26.066013 91.891808
vn 2.9842153 -39.158649 91.965721
vn 70.715019 11.601484 -69.748055
vn 79.898743 -48.101494 -36.08931
vn 69.366234 58.938141 41.407967
vn 80.119995 -3.1010842 59.75927
vn 1.5327053 -97.381866 -22.680912
vn -0.46124494 -50.697132 86.195061
vn 53.15023 -29.707052 79.325562
vn 75.492119 15.041214 63.833389
vn 53.431553 -78.194885 -32.103405
vn 74.63414 -36.197124 -55.852589
vn 1.6310152 -96.639984 -25.652536
vn 2.1838441 -46.060116 88.733856
vn 60.830318 -58.068592 -54.108326
vn 64.754715 -0.31584451 76.201889
vn 7.775393 -50.012894 86.245308
vn 6.8222923 -95.688019 -28.235779
vn 86.342796 -15.831172 47.898808
vn 82.669762 -47.848507 -29.601181
vn -16.350512 -90.06012 -40.27203
vn 76.73819 -60.511616 -21.203655
vn 82.860703 -32.723125 45.423573
vn 51.072342 -78.769691 -34.452171
vn 50.543617 -33.188953 79.648201
vn -22.685612 62.073418 -75.048347
vn -17.157942 53.188107 -82.925446
vn -28.339916 45.961475 -84.168823
vn -29.305786 93.17868 21.422033
vn -16.22966 97.390625 15.863895
vn -26.899178 96.27932 2.5938771
vn -58.359123 78.810303 -19.574209
vn -60.412716 72.842247 -32.315792
vn -58.594711 67.366722 -45.037579
vn -59.912827 67.185768 -43.54911
vn 2.5046024 55.244534 -83.317276
vn -15.057364 53.523979 -83.117149
vn 2.2707014 74.945419 -66.166679
vn 9.9609213 92.256973 -37.275066
vn 9.9624662 92.257591 -37.273148
vn 3.2058358 99.604362 -8.2881613
vn -14.236361 97.982201 14.029084
vn 6.3117924 98.966064 12.879376
vn -56.951458 80.831947 -14.924088
vn -17.154938 53.191074 -82.924164
vn -10.478587 90.465263 -41.306583
vn -28.342072 45.96191 -84.167862
vn -29.30578 93.17865 21.42219
vn -16.229408 97.390709 15.863617
vn -58.359402 78.810349 -19.573181
vn -60.41246 72.842377 -32.315987
vn -58.595066 67.364784 -45.040035
vn -59.910995 67.187134 -43.549522
vn -22.687098 62.072659 -75.048523
vn 2.5029407 55.244282 -83.317497
vn -15.054527 53.521637 -83.119171
vn 2.2675128 74.946815 -66.165222
vn 9.9618731 92.256218 -37.276688
vn 3.2063782 99.604332 -8.2883635
vn -14.236111 97.982643 14.026196
vn 6.3140574 98.965942 12.87918
vn -26.898619 96.279449 2.5945177
vn -56.951462 80.831909 -14.924262
vn 32.027321 -53.603985 78.108017
vn -33.395145 -86.159981 38.225906
vn 49.44043 -70.490204 50.860352
vn 48.241444 -87.130333 9.0038061
vn 22.614552 -93.979721 -25.620165
vn -77.860153 -57.092373 -26.043369
vn -93.015854 -35.97316 7.347229
vn -85.191902 -21.726454 47.647671
vn -61.257565 -18.077732 76.946136
vn -51.206303 -76.172333 -39.694954
vn -29.607885 -26.063877 91.891502
vn 2.9841497 -39.156399 91.96669
vn -16.350864 -90.061302 -40.269234
vn -2.4980907 50.945114 86.013695
vn 17.163506 34.585957 92.245468
vn 29.577049 40.213417 86.649178
vn -47.487041 64.189507 60.205383
vn -31.236176 52.96344 78.86174
vn 76.242584 9.8766613 63.949352
vn 32.998394 33.739204 88.16333
vn -91.567146 23.841969 32.35767
vn -11.907456 34.34737 93.158318
vn -48.94305 8.9731836 86.741348
vn -14.632459 20.243065 96.830315
vn -0.70042068 14.859697 98.887306
vn 4.0140219 27.274471 96.124863
vn 17.179956 6.9454684 98.268051
vn -51.191425 76.927246 38.231361
vn -53.414284 81.166054 23.642895
vn -93.729034 30.177572 17.440836
vn -76.444931 48.380463 -42.608711
vn -71.36145 69.438866 9.2621746
vn -72.742737 44.023987 -52.63443
vn -25.939688 -24.306797 93.468246
vn -60.171745 29.981771 74.03009
vn 44.384914 -1.8480655 89.591095
vn 83.062088 -8.0502787 55.098839
vn 10.066063 10.976605 98.884735
vn 75.07579 16.81286 63.882328
vn 98.696762 -14.839242 -6.2245507
vn 92.790375 10.444633 35.78904
vn 96.485367 -24.842628 -8.5685158
vn 96.461075 -13.736665 -22.506979
vn 73.239662 -37.936535 -56.539982
vn 46.052055 -58.979713 -66.337021
vn -39.903595 68.009094 -61.501766
vn -66.644157 69.086838 -28.027933
vn -36.181019 22.222036 -90.537918
vn 2.9377692 -39.812386 -91.686119
vn -4.7060828 -31.621387 -94.751991
vn 7.61414 -60.254593 -79.444382
vn 31.977779 -44.551834 -83.621498
vn 15.270988 -63.122223 -76.041969
vn -59.888084 78.70266 -14.809088
vn -39.902802 68.009422 -61.501919
vn -24.552576 18.738518 -95.110664
vn -24.553999 18.741768 -95.10965
vn -65.56575 34.027409 67.40377
vn 16.342569 -72.67437 -66.718483
vn -6.0053611 -77.372765 -63.066547
vn -16.804951 -98.524452 -3.2441497
vn -79.012207 -18.667616 -58.383152
vn -5.9160895 -52.337631 -85.004547
vn -85.25251 7.5026369 -51.727371
vn -13.150352 -52.202057 -84.273453
vn 10.907946 -68.645256 -71.894691
vn -3.9423921 -58.228432 -81.202873
vn -3.9419963 -58.227299 -81.203712
vn -1.6850425 -50.276241 -86.426041
vn -0.70594084 -49.223076 -87.04361
vn 4.6170282 -55.623547 -82.974113
vn -8.9876509 -43.581013 -89.553993
vn -15.608497 -42.333801 -89.242508
vn -70.902908 -11.626759 69.552818
vn -21.204329 -80.360817 -55.610378
vn -13.415096 -89.661606 42.199894
vn 19.590977 -78.377228 -58.933891
vn 13.221354 -39.876301 90.74733
vn 46.916969 -31.483271 82.508186
vn 22.029675 6.8628492 97.301567
vn 10.830756 25.565386 96.06823
vn 19.58812 -78.376778 -58.935448
vn 32.064255 -94.421951 -7.508647
vn -23.197006 -81.9879 -52.343891
vn -4.2744164 27.59235 96.022858
vn -7.2430348 30.637493 94.915123
vn -89.005188 35.811626 28.206482
vn -88.733574 36.84938 27.721388
vn -12.33551 32.963871 93.601379
vn -88.980659 37.202179 26.428003
vn -15.137527 29.565334 94.322556
vn 81.598923 -11.264595 56.698547
vn 81.507584 -8.3549957 57.329811
vn -23.724941 72.044228 65.16713
vn -11.558154 64.213715 75.782646
vn 39.233799 49.721176 77.38549
vn 29.74807 44.476997 84.479874
vn -11.906069 34.34972 93.157631
vn 17.179596 6.9439187 98.268227
vn -48.943039 8.9722185 86.741447
vn 4.0135808 27.274109 96.124985
vn 10.062613 10.97544 98.885201
vn -60.170872 29.984015 74.029877
vn -86.913177 43.813225 22.94561
vn -66.644661 69.085945 -28.028912
vn -86.913033 43.813084 22.946388
vn -60.171299 29.982573 74.030121
vn 83.061722 -8.046463 55.099945
vn 88.603249 -44.266148 -13.783092
vn 88.383652 -45.070354 -12.529683
vn 88.382324 -45.07259 -12.531018
vn 92.354843 -37.640232 7.3346052
vn 72.056458 -32.015465 -61.505093
vn 72.286476 -23.536392 -64.966934
vn 21.880432 -60.772301 -76.341171
vn 24.657513 -55.480267 -79.46035
vn 24.65527 -55.481297 -79.460342
vn 88.384644 -45.068047 -12.531064
vn 18.620249 -49.649944 -84.783066
vn 92.354431 -37.641563 7.3329482
vn 30.204576 -35.158127 -88.6092
vn 33.274811 -19.22423 -92.321266
vn -11.244817 -24.162495 -96.383232
vn -2.5499647 4.74368 -99.854866
vn -51.89196 20.287155 -83.040085
vn -44.567894 27.181883 -85.292732
vn -76.445763 48.381737 -42.605778
vn -72.74321 44.023735 -52.633972
vn -85.25267 7.5055499 -51.726677
vn -79.011597 -18.667309 -58.384056
vn -16.807512 -98.524185 -3.2394249
vn -85.252327 7.5044451 -51.72739
vn -83.4021 4.08323 -55.021954
vn 3.8399973 -63.933277 -76.797066
vn 7.7938609 -62.389767 -77.761002
vn 4.617135 -55.623486 -82.974152
vn -59.887512 78.703888 -14.804882
vn -61.122368 79.013557 -4.5730629
vn -65.568077 34.027416 67.401505
vn -26.44132 6.568563 96.217003
vn -16.806433 -98.5242 -3.2443767
vn 36.556076 -80.688622 46.400429
vn -24.552818 18.740219 -95.11026
vn -23.912863 21.142864 -94.768959
vn 16.348194 -72.673386 -66.71817
vn 30.343342 -69.509483 -65.174492
vn 16.343187 -72.675987 -66.716576
vn 30.343172 -69.509621 -65.174416
vn -5.9187956 -52.337769 -85.004272
vn 4.3133779 -42.350056 -90.486832
vn 10.907102 -68.644539 -71.8955
vn -80.919754 -11.322269 -57.652401
vn 10.907232 -68.644905 -71.895126
vn 84.313187 -43.910255 -31.035088
vn 10.904695 -68.647758 -71.892799
vn -80.918388 -11.320072 -57.654743
vn 84.312675 -43.909863 -31.037014
vn 10.90492 -68.645477 -71.894951
vn -25.935904 -24.302935 93.470299
vn -63.837784 -0.95962942 -76.966339
vn -87.13372 48.890522 -4.1753349
vn -19.100489 25.645645 -94.749527
vn -53.38208 84.556793 -0.70845276
vn -15.378703 19.275442 96.912094
vn -21.207836 -80.35804 -55.613079
vn -13.413939 -89.661018 42.201538
vn -21.203686 -80.360352 -55.611305
vn 41.124043 12.625367 90.274101
vn 94.53801 -32.417679 3.414499
vn -4.8865128 -85.077576 -52.325214
vn 57.776821 -76.393929 28.736847
vn 94.537308 -32.41993 3.4128866
vn -4.8897357 -85.078262 -52.323792
vn 57.77861 -76.394249 28.732388
vn 30.95561 15.982351 93.735344
vn 8.8848886 24.137564 96.635582
vn 19.587246 -78.372597 -58.941303
vn 46.916466 -31.485476 82.507637
vn 32.064186 -94.421585 -7.5134182
vn 49.846615 -64.209297 58.245003
vn -10.738686 -98.451706 -13.854374
vn -14.4732 -29.127377 94.562798
vn -23.200544 -81.984634 -52.347443
vn 32.061741 -94.422363 -7.5140538
vn -17.359804 -59.667099 78.348412
vn -10.741228 -98.451561 -13.853409
vn -19.651604 -30.130375 93.305817
vn -10.686934 -87.817368 -46.625099
vn -10.68348 -87.816147 -46.628197
vn -82.967949 -48.460415 -27.711163
vn 49.882725 -86.520592 -5.0893192
vn 45.909439 -57.193356 67.979744
vn -27.98872 -30.274466 91.104828
vn -89.062012 -25.096325 37.92271
vn -10.81456 -84.957764 -51.625801
vn -74.82354 -57.465305 -33.153831
vn -89.060844 -25.096025 37.925648
vn -74.822319 -57.46558 -33.15612
vn 49.886421 -86.51857 -5.0875154
vn -10.814607 -84.956154 -51.628437
vn -63.838619 -0.96340984 -76.965591
vn -82.963547 -48.465294 -27.71578
vn -84.87114 -20.902021 48.579784
vn 49.885048 -86.51918 -5.0904188
vn -84.871567 -20.903236 48.578499
vn 13.222535 -39.872597 90.748779
vn 57.782375 -76.391319 28.732588
vn -82.967308 -48.463818 -27.707123
vn 65.652229 69.88063 -28.398621
vn 65.442261 75.085823 8.9123421
vn 65.39257 46.392136 -59.762711
vn -34.242794 75.241615 56.268372
vn 20.023823 47.512711 85.683075
vn 17.769163 83.2164 52.528919
vn -22.627789 35.500847 90.70652
vn -52.184433 -1.5059928 85.290779
vn -41.962204 68.75576 59.260601
vn -74.933121 21.227777 62.72488
vn 19.539675 13.411331 -97.151115
vn 20.625301 -42.922668 -87.933174
vn -34.887974 9.1459484 -93.269394
vn -43.575214 4.4507346 -89.896561
vn -48.607033 -66.956261 -56.162388
vn -75.695831 -27.545191 -59.257099
vn -19.767963 -49.684395 -84.502602
vn 18.945749 -84.980507 -49.187107
vn 24.14323 -97.00425 -2.6978657
vn -3.3643842 -84.790009 -52.908737
vn -15.177682 -98.528786 7.8560553
vn -23.163975 -91.889786 -31.932697
vn -9.4098539 -7.8408699 99.24704
vn 22.315264 -49.215389 84.141991
vn 17.648346 -3.0744159 98.382332
vn -29.06406 -29.486855 91.026405
vn -18.559202 -64.575768 74.064339
vn -77.737236 -57.975681 24.407804
vn -79.582581 -55.060902 25.197453
vn -75.22644 -59.945793 27.340178
vn -75.01252 -59.383579 29.09833
vn -74.242668 -61.494545 26.579098
vn -75.711739 -60.68457 24.189173
vn -78.394897 -57.506134 23.394115
vn -80.721909 -54.658474 22.280609
vn -82.332031 -51.334156 24.212442
vn -80.724655 -51.773048 28.338682
vn -78.338539 -54.999912 28.949642
vn -77.296425 -57.526047 26.758484
vn -75.363197 -60.436329 25.84255
vn -42.479908 89.586189 13.029607
vn 10.114218 99.14357 8.2616358
vn -44.365723 82.983864 -33.843174
vn 9.0506268 92.377411 -37.208878
vn -43.896694 55.178322 -70.911438
vn 9.4189062 62.76976 -77.273804
vn 30.829159 94.365814 12.027342
vn 30.004143 88.150055 -36.459827
vn 31.445885 57.854958 -75.259285
vn -53.722179 82.20549 18.872814
vn -59.734039 75.02494 -28.339043
vn -96.356926 25.861113 -6.822392
vn -88.661865 33.450222 31.939894
vn -90.416687 9.1517172 -41.726105
vn -55.123234 48.778946 -67.690796
vn 35.587711 77.134315 52.761837
vn 65.444954 75.084183 8.9063263
vn 65.650108 69.883545 -28.396389
vn 65.394798 46.390068 -59.761883
vn 65.910118 62.633827 41.627647
vn 65.909462 62.634754 41.62727
vn 65.512939 7.8602352 -75.141678
vn 34.103733 44.041901 83.049652
vn 65.855423 34.916855 66.662415
vn 65.856369 34.916882 66.661461
vn 65.366226 -33.710274 -67.755981
vn 65.758194 -2.3875182 75.300476
vn 30.456528 -1.0391479 95.243484
vn 65.757385 -2.3832586 75.301308
vn 64.698845 -64.153214 -41.211964
vn -75.711571 -60.685612 24.187025
vn -74.241844 -61.495842 26.578352
vn -75.010658 -59.384747 29.100719
vn -78.394615 -57.50642 23.394361
vn -75.228142 -59.942982 27.341661
vn -77.735504 -57.978024 24.407814
vn 37.806381 7.6475286 -92.261543
vn 65.512726 7.86239 -75.14164
vn -75.364609 -60.43557 25.840223
vn 35.729004 -44.26667 -82.242928
vn 65.364929 -33.712254 -67.756271
vn -77.295395 -57.525501 26.762655
vn -78.337357 -55.001656 28.949526
vn 32.031563 -80.321617 -50.223667
vn 64.695206 -64.1558 -41.213657
vn 16.777708 -98.568367 -1.6689683
vn -80.726295 -51.771191 28.337444
vn 20.035341 -47.89703 85.466125
vn 63.641888 -40.174747 65.846031
vn -80.720497 -54.660275 22.281279
vn 63.173264 -67.798782 37.582756
vn 5.1636038 -87.878098 47.442356
vn 63.210648 -77.358749 -4.4764128
vn -11.05744 -88.126122 45.95126
vn 20.863533 -87.039795 44.595837
vn -82.331467 -51.335819 24.21081
vn -11.057058 -88.127502 45.948711
vn 20.862522 -87.03965 44.596561
vn 63.171356 -67.799583 37.58453
vn 63.210159 -77.359215 -4.4754186
vn 63.641693 -40.175407 65.845833
vn -82.332024 -51.334442 24.211819
vn 63.170422 -67.802406 37.581005
vn 5.1646585 -87.879845 47.439003
vn 22.937315 -84.188309 -48.848831
vn 71.887573 -67.071899 18.263012
vn -22.321236 -89.072655 39.595764
vn -60.166504 -63.845215 -47.997715
vn -94.21051 -25.361301 21.935921
vn -45.354546 -8.3066587 88.735367
vn 37.518085 -28.500511 88.204964
vn 93.354805 -26.436289 24.207497
vn 70.992172 -36.193161 -60.416615
vn 74.855568 60.660145 -26.776716
vn 13.096508 18.967714 -97.307274
vn -22.450689 83.89035 -49.58202
vn -0.11663735 93.658958 35.042629
vn 57.805843 38.505112 71.943321
vn 95.361641 21.564526 -21.00305
vn 83.082161 -54.141441 12.886403
vn 45.38998 2.8024826 -89.061195
vn 30.138132 -73.564743 -60.662346
vn -39.59201 23.751911 -88.703552
vn -60.803169 -52.20689 -59.811501
vn -74.587997 64.29557 -17.39856
vn -98.251816 -9.1990786 16.185108
vn -74.584671 64.29847 -17.402111
vn -98.252167 -9.197423 16.183891
vn -24.246784 82.744576 50.650055
vn -45.190899 10.913892 88.53627
vn 60.469566 62.127419 49.83588
vn 44.941483 -11.345731 88.608902
vn 97.190735 14.208624 -18.763651
vn 98.681213 6.460084 -14.842076
vn 45.592392 -4.0049782 -88.911728
vn 44.756687 -12.36814 -88.565613
vn -42.061195 18.039808 -88.91243
vn -46.625393 10.111298 -87.885353
vn -80.393173 57.991642 -13.187471
vn -84.958046 51.702374 -10.440104
vn -80.393059 57.99165 -13.188074
vn -84.958984 51.701237 -10.438066
vn -28.649218 75.125381 59.459232
vn -30.965132 70.133369 64.206474
vn 60.951839 54.778236 57.308094
vn 61.139191 48.403702 62.602573
vn 10.261804 -90.774071 -40.678772
vn 16.144318 -88.481026 -43.708931
vn 33.882854 -80.451401 48.780376
vn 40.355331 -77.904083 47.983349
vn -50.945122 -32.472111 -79.687866
vn -46.592461 -28.722046 -83.69101
vn -88.532791 36.155827 -29.235291
vn -85.117905 41.62048 -31.979326
vn -64.908669 46.48167 60.218918
vn -60.904224 52.201981 59.712902
vn -3.7052195 -11.822414 99.229546
vn 1.8310144 -7.5565472 99.697266
vn 33.883915 -80.45108 48.780159
vn 40.354477 -77.902527 47.986591
vn 0.32146573 -93.607895 -35.177521
vn 60.447906 -52.809887 -59.641987
vn 22.693733 -83.833916 49.566822
vn 84.716339 -42.210228 32.271347
vn -57.662071 -38.382385 -72.124046
vn -2.4377227 7.0881777 -99.718681
vn -93.267609 26.630222 -24.330759
vn -41.052315 77.600006 -47.884724
vn -70.886978 36.408161 60.410938
vn -16.782396 88.204292 44.026741
vn -12.906334 -18.815006 97.36232
vn 46.102718 28.305172 84.103241
vn 22.692228 -83.834602 49.566345
vn 84.716545 -42.209389 32.271873
vn 77.061531 -61.763779 15.708491
vn 27.274582 -78.609161 -55.467968
vn -60.405193 -59.260017 -53.286617
vn -96.014854 -18.654579 20.812309
vn -96.01458 -18.654772 20.813469
vn -46.154022 -0.071374692 88.711899
vn 38.759499 -21.973299 89.525833
vn 64.276497 -47.427555 -60.159431
vn 88.006279 -37.059105 29.690361
vn 2.8038132 11.133561 -99.33873
vn -34.946114 80.064232 -48.667122
vn -11.221577 90.431709 41.184734
vn 50.253593 31.873243 80.365868
vn 88.005951 -37.058159 29.692507
vn 71.885773 -67.07386 18.262899
vn 22.936039 -84.188316 -48.849419
vn -60.163544 -63.847393 -47.998508
vn -94.210564 -25.363865 21.932732
vn -94.211533 -25.359219 21.933994
vn -45.354042 -8.3055296 88.735725
vn 37.5149 -28.502571 88.205643
vn 22.310127 88.740387 -40.341057
vn 95.36055 21.56529 -21.007212
vn 45.391773 2.8064492 -89.060165
vn -39.589672 23.750572 -88.704948
vn -74.586647 64.295738 -17.40373
vn -24.247984 82.744698 50.649281
vn 60.467548 62.125904 49.840221
vn 70.991371 -36.194504 -60.416744
vn 93.353249 -26.436537 24.213263
vn 13.095772 18.971157 -97.306702
vn -22.45167 83.890823 -49.580769
vn -0.11852384 93.657562 35.046364
vn 57.805264 38.504742 71.943977
vn 93.354454 -26.437126 24.207911
vn -74.850052 -60.671452 26.766479
vn 0.32022297 -93.607048 -35.179836
vn 22.691505 -83.83239 49.570419
vn -57.663242 -38.382889 -72.122826
vn -93.265739 26.630722 -24.337406
vn -70.889717 36.407871 60.407906
vn -12.903711 -18.818682 97.361961
vn -56.103142 -43.157406 70.639061
vn -44.587749 -6.4996481 89.273109
vn -23.93095 -8.1521349 96.751495
vn -57.756443 -48.397549 65.740921
vn -32.576443 16.478254 93.09803
vn -44.176067 79.77668 41.038494
vn -35.178242 65.698936 66.67939
vn 27.498001 94.131836 19.571835
vn 19.931847 38.064457 90.298492
vn 55.019474 79.151726 26.605665
vn 20.773193 0.47252449 97.817444
vn 10.540402 -0.68158364 99.440613
vn 43.65929 4.0086441 89.876572
vn 75.330696 11.71983 64.714233
vn 71.627182 14.74108 68.20739
vn 72.232887 -50.893402 -46.821682
vn 89.705383 -36.688831 -24.634809
vn 85.673302 -43.083366 -28.353287
vn 38.871956 -70.569931 -59.235596
vn 62.139488 -58.636154 -51.966187
vn 12.406107 -81.619278 -56.43034
vn 55.421013 32.467793 -76.644348
vn 17.381039 -41.880272 -89.128799
vn 27.001398 49.334831 -82.68615
vn 5.1405959 -79.690575 -60.19125
vn -33.094875 -57.664555 -74.696243
vn -31.477686 -8.3999767 -94.544151
vn -41.356476 22.611147 -88.195107
vn -22.754627 -84.832352 -47.80899
vn -53.310669 -72.923355 -42.897041
vn -57.4342 -80.326424 -15.778975
vn -59.441994 42.419647 -68.317062
vn -96.347748 -24.748772 -10.227923
vn -60.185856 73.191017 -31.94898
vn -89.110245 -45.247303 -3.4705863
vn -79.89592 -48.099598 -36.098061
vn -51.069843 -78.772606 -34.449215
vn -60.257458 78.61451 13.740368
vn -96.512314 -10.966175 23.772184
vn -89.597862 -29.080206 33.56432
vn -80.118752 -3.0965259 59.761177
vn -82.857857 -32.723125 45.428764
vn -49.441563 -70.487358 50.863182
vn -32.022652 -53.604134 78.10984
vn -50.543446 -33.186459 79.649353
vn -80.117561 -3.0981846 59.762688
vn -69.366234 58.936829 41.409847
vn -1.5339315 -97.382133 -22.679621
vn -53.341621 -75.540283 -38.05703
vn -79.912712 -24.840811 -54.743908
vn 0.4655093 -50.694496 86.196594
vn -77.346344 24.966089 58.260098
vn -54.655586 -26.465757 79.450172
vn -76.739983 -60.510429 -21.200567
vn -22.616077 -93.979439 -25.619915
vn -48.244221 -87.128571 9.00599
vn -64.756844 -0.32191449 76.20005
vn -51.070774 -78.771774 -34.449715
vn -70.715126 11.602003 -69.747856
vn -79.897781 -48.097614 -36.096588
vn -60.553997 -58.608223 -53.835762
vn -65.684975 43.557362 61.548683
vn -2.1866202 -46.060612 88.733528
vn -7.7777753 -50.015179 86.243767
vn -79.761147 -19.042227 57.232437
vn -33.742455 14.582341 92.998932
vn -73.815529 -31.85924 59.466419
vn -74.607224 -55.995068 -36.032135
vn -71.676834 -65.489044 -23.950289
vn -29.749975 -57.235252 -76.413773
vn -53.507519 -52.116669 -66.489082
vn -76.739967 -60.511349 -21.198025
vn -53.505348 -52.115761 -66.491547
vn -82.858948 -32.722908 45.426945
vn -56.722389 13.116746 81.305122
vn -56.722439 13.117525 81.304962
vn -50.544731 -33.187389 79.64814
vn -41.806519 -40.398266 -81.364571
vn -28.804604 -49.26088 -82.119797
vn -60.826355 -58.066853 -54.114655
vn -96.943161 -9.6969013 -22.538712
vn -39.680569 35.227921 84.761108
vn -33.100212 24.647213 91.087265
vn -64.7603 -0.32198378 76.197121
vn -92.077545 16.378923 35.404217
vn -90.814499 -25.91398 -32.881504
vn -89.559944 9.4492502 43.471016
vn -68.335274 -19.468184 -70.365334
vn -6.8230243 -95.688805 -28.232958
vn -1.6323835 -96.640388 -25.650967
vn -35.106174 84.320557 40.713646
vn -17.833849 96.021584 21.489731
vn -9.1795559 34.23307 93.508469
vn -7.427155 22.111263 97.241615
vn 64.16433 74.463669 18.387495
vn 74.502502 66.687141 1.4840626
vn 89.955933 -5.3254952 43.354
vn 89.444107 -8.2758398 43.946117
vn 78.398117 56.026722 -26.73469
vn 99.592041 -8.9487705 1.159662
vn 97.839539 -19.951546 5.4185843
vn 74.016899 44.538849 -50.376472
vn 78.398186 56.027554 -26.73271
vn 99.592102 -8.9484787 1.1572465
vn 97.839462 -19.95237 5.4169049
vn 65.042633 34.133667 -67.855362
vn -21.160763 47.733639 -85.28611
vn -9.3966637 -46.924805 -87.80526
vn -6.492208 -57.432121 -81.605156
vn -38.577194 28.05092 -87.89167
vn 93.016945 -35.971153 7.3432784
vn 77.863098 -57.091259 -26.037054
vn 85.192009 -21.725071 47.648129
vn 93.015411 -35.974564 7.3459549
vn 61.255108 -18.077641 76.948097
vn 51.207554 -76.173386 -39.691349
vn 29.605028 -26.066008 91.891808
vn -2.9842958 -39.158688 91.965706
vn -80.120003 -3.1011066 59.759254
vn -79.89872 -48.101486 -36.089363
vn -69.366226 58.93816 41.40797
vn -70.715042 11.601463 -69.748047
vn 0.46120557 -50.697132 86.195061
vn -1.5327185 -97.381851 -22.680904
vn -75.492126 15.041216 63.833382
vn -53.150238 -29.707054 79.325562
vn -74.63414 -36.197128 -55.852585
vn -53.431557 -78.194901 -32.103401
vn -2.1838348 -46.060101 88.733849
vn -1.6314179 -96.639984 -25.652536
vn -64.754692 -0.31581768 76.201912
vn -60.830307 -58.0686 -54.108337
vn -6.8223209 -95.688026 -28.235771
vn -7.7753811 -50.012894 86.245316
vn -82.669762 -47.848507 -29.601191
vn -86.342796 -15.831172 47.898808
vn 16.350401 -90.060143 -40.272011
vn -82.860695 -32.723125 45.423588
vn -76.738197 -60.511604 -21.203629
vn -51.072346 -78.769699 -34.452171
vn -50.543625 -33.188953 79.648201
vn 22.685606 62.073391 -75.048363
vn 28.339922 45.961468 -84.168839
vn 17.15794 53.188107 -82.925446
vn 16.22966 97.390625 15.863898
vn 29.305775 93.178688 21.42202
vn 26.899179 96.27932 2.5938683
vn 60.412712 72.842247 -32.315804
vn 58.359123 78.81031 -19.574202
vn 58.594715 67.36673 -45.037571
vn 59.912827 67.185768 -43.549107
vn -2.5046082 55.244534 -83.317276
vn 15.057355 53.523983 -83.117142
vn -2.2707045 74.945412 -66.166679
vn -9.9609222 92.256966 -37.275078
vn -3.2058418 99.60437 -8.288146
vn -9.9624615 92.257584 -37.273167
vn 14.23637 97.982201 14.029087
vn -6.3117766 98.966072 12.879371
vn 56.95145 80.831955 -14.924087
vn 10.478532 90.465256 -41.306629
vn 17.154947 53.191074 -82.924156
vn 28.342087 45.961918 -84.167854
vn 29.305876 93.178627 21.422163
vn 16.229534 97.390686 15.863647
vn 58.359337 78.810356 -19.573311
vn 60.412468 72.842354 -32.316048
vn 58.595055 67.364784 -45.040051
vn 59.910984 67.187134 -43.549541
vn 22.687098 62.072659 -75.048515
vn -2.5029383 55.244286 -83.31749
vn 15.054554 53.52161 -83.119179
vn -2.2674561 74.946838 -66.165192
vn -9.9618044 92.256226 -37.276699
vn -3.2065928 99.604324 -8.2884045
vn 14.235804 97.982674 14.026268
vn -6.3141489 98.965958 12.879197
vn 26.898539 96.27948 2.5944731
vn 56.951385 80.83194 -14.924388
vn 33.395088 -86.160011 38.225922
vn -32.027401 -53.603935 78.108032
vn -49.44046 -70.490204 50.86034
vn -48.241455 -87.130318 9.0037966
vn -22.614674 -93.979698 -25.620186
vn 77.860115 -57.092449 -26.043327
vn 93.015862 -35.973152 7.3472261
vn 85.191902 -21.726421 47.647682
vn 61.257565 -18.077705 76.946136
vn 51.206215 -76.172432 -39.694893
vn 29.607952 -26.063824 91.891487
vn -2.984169 -39.156357 91.966705
vn 16.35071 -90.06134 -40.269234
vn -17.163513 34.585934 92.245476
vn 2.4980898 50.945095 86.013695
vn -29.577129 40.213383 86.649162
vn 47.487015 64.189522 60.205387
vn 31.236187 52.963448 78.86174
vn -76.242615 9.8766413 63.949318
vn -32.99847 33.739182 88.1633
vn 11.907436 34.347404 93.158287
vn 91.567146 23.841993 32.357651
vn 48.943043 8.9732447 86.741341
vn 14.632469 20.243071 96.830315
vn -4.0140882 27.274464 96.124863
vn 0.70042312 14.859703 98.887306
vn -17.180006 6.945446 98.268044
vn 51.191414 76.927254 38.231361
vn 53.414303 81.166046 23.642906
vn 93.729027 30.177595 17.440821
vn 71.361458 69.438866 9.2621746
vn 76.444931 48.38047 -42.608715
vn 72.742744 44.02396 -52.63443
vn 25.939688 -24.306807 93.468246
vn 60.171761 29.981815 74.03006
vn -83.062088 -8.0502758 55.098839
vn -44.38493 -1.8480699 89.591095
vn -10.066095 10.976605 98.884712
vn -98.696762 -14.839242 -6.2245317
vn -75.07579 16.812857 63.882336
vn -92.790352 10.44464 35.789101
vn -96.485359 -24.842627 -8.5684395
vn -96.461121 -13.736651 -22.506844
vn -73.239693 -37.936546 -56.53994
vn -46.052063 -58.979736 -66.337013
vn 66.644142 69.086838 -28.027945
vn 39.903564 68.009079 -61.501808
vn 36.181026 22.221996 -90.537926
vn -2.9377892 -39.812397 -91.686111
vn 4.7060947 -31.621397 -94.751991
vn -7.6141424 -60.254578 -79.444397
vn -31.977772 -44.551846 -83.621498
vn -15.270951 -63.122223 -76.041992
vn 59.888111 78.702637 -14.80906
vn 39.902897 68.009361 -61.501919
vn 24.552492 18.738497 -95.110687
vn 24.554018 18.741798 -95.109642
vn 65.565765 34.027409 67.403748
vn -16.342598 -72.674362 -66.718491
vn 6.0054274 -77.372765 -63.066547
vn 16.805201 -98.524414 -3.24417
vn 5.9161758 -52.33765 -85.004524
vn 79.012215 -18.667608 -58.383133
vn 85.252495 7.5026464 -51.727383
vn 13.150403 -52.202057 -84.273438
vn -10.907782 -68.645256 -71.894714
vn 3.9424322 -58.22839 -81.202911
vn 1.6848409 -50.27623 -86.426048
vn 3.9414883 -58.22757 -81.203545
vn 0.70577866 -49.223091 -87.04361
vn 8.9875698 -43.581055 -89.553978
vn -4.6169014 -55.623558 -82.974113
vn 15.608541 -42.333828 -89.242477
vn 21.204475 -80.360794 -55.610371
vn 70.902924 -11.626711 69.552811
vn 13.41536 -89.661552 42.199921
vn -13.221306 -39.876316 90.74733
vn -19.591078 -78.377251 -58.933826
vn -46.916859 -31.483265 82.508263
vn -22.029724 6.8628392 97.301559
vn -10.830782 25.56539 96.068222
vn -32.063995 -94.422035 -7.508656
vn -19.588097 -78.376793 -58.935421
vn 23.197088 -81.987923 -52.343819
vn 7.2430348 30.637493 94.915123
vn 4.2744184 27.59235 96.022858
vn 89.005188 35.811638 28.20647
vn 15.137394 29.56538 94.322563
vn 12.33546 32.963844 93.601395
vn 88.980667 37.202152 26.428017
vn 88.733574 36.849365 27.721394
vn -81.507378 -8.3552074 57.330059
vn -81.598785 -11.26473 56.698711
vn -29.748074 44.477001 84.479874
vn 11.558154 64.213715 75.782646
vn -39.233795 49.721176 77.38549
vn 23.724941 72.044228 65.16713
vn -17.179607 6.9439216 98.268219
vn 11.906067 34.34972 93.157623
vn 48.943035 8.9722147 86.741447
vn -4.0135803 27.274103 96.124985
vn -10.062605 10.975447 98.885201
vn 60.170883 29.984015 74.029877
vn 86.913177 43.813232 22.94561
vn 66.644661 69.085953 -28.028912
vn 60.171284 29.982601 74.030136
vn 86.91304 43.813087 22.94639
vn -83.061714 -8.046463 55.099945
vn -88.383652 -45.070347 -12.529683
vn -88.603249 -44.266148 -13.783095
vn -92.354843 -37.640236 7.3346052
vn -88.382324 -45.072578 -12.531023
vn -72.286476 -23.536392 -64.966934
vn -72.056458 -32.015465 -61.505093
vn -21.880432 -60.772301 -76.341171
vn -24.657509 -55.480259 -79.46035
vn -92.35424 -37.64217 7.332355
vn -88.383209 -45.069675 -12.535222
vn -18.620173 -49.649967 -84.783081
vn -24.655333 -55.481308 -79.460304
vn -33.274811 -19.22423 -92.321266
vn -30.204571 -35.158115 -88.6092
vn 2.5499647 4.74368 -99.854866
vn 11.244818 -24.162495 -96.383232
vn 44.567894 27.181883 -85.292732
vn 51.891953 20.287151 -83.040077
vn 72.74321 44.023731 -52.633972
vn 76.44574 48.381756 -42.605797
vn 79.011551 -18.66732 -58.384117
vn 85.25267 7.5055408 -51.726662
vn 16.807487 -98.524185 -3.2394159
vn 83.402107 4.0832219 -55.021961
vn 85.252327 7.5044465 -51.72739
vn -3.8399975 -63.933277 -76.797066
vn -7.7938595 -62.389774 -77.761002
vn -4.617135 -55.623486 -82.974159
vn 26.44132 6.5685601 96.217003
vn 61.122044 79.013802 -4.5731764
vn 65.568069 34.027431 67.401497
vn 59.8876 78.703812 -14.804827
vn -36.556076 -80.688629 46.400425
vn 16.806438 -98.5242 -3.2443616
vn 23.912666 21.142899 -94.76899
vn 24.55294 18.740088 -95.11026
vn -30.343399 -69.509369 -65.174583
vn -16.348251 -72.673439 -66.718102
vn -30.343115 -69.509666 -65.174416
vn -16.343182 -72.675987 -66.716576
vn -4.3133788 -42.350056 -90.486832
vn 5.9187965 -52.337769 -85.00428
vn 80.919922 -11.322248 -57.65218
vn -10.907104 -68.644547 -71.8955
vn -84.313179 -43.910275 -31.03507
vn -10.907232 -68.644897 -71.895134
vn 80.918404 -11.320078 -57.654739
vn -10.90469 -68.647781 -71.892784
vn 25.935968 -24.302906 93.470299
vn -10.905175 -68.645515 -71.894867
vn -84.312347 -43.910748 -31.036676
vn 53.381817 84.556953 -0.7085374
vn 87.13372 48.890514 -4.1753345
vn 19.100397 25.64566 -94.749542
vn 63.837791 -0.95965922 -76.966331
vn 15.378703 19.275446 96.912094
vn 21.207878 -80.358147 -55.612892
vn 21.203602 -80.360367 -55.61132
vn 13.413882 -89.661011 42.20155
vn -94.538857 -32.415314 3.4135423
vn -41.12405 12.625367 90.274101
vn -94.538528 -32.416569 3.4108958
vn -57.776749 -76.394051 28.736658
vn 4.8866286 -85.077583 -52.32518
vn -57.778595 -76.394257 28.732393
vn 4.8896999 -85.078247 -52.323826
vn -30.955606 15.982349 93.735344
vn -8.8848906 24.137564 96.635582
vn -49.846615 -64.209297 58.245003
vn -46.916466 -31.485476 82.507645
vn -32.064186 -94.421585 -7.5133915
vn -19.587252 -78.372581 -58.941303
vn 10.738603 -98.451698 -13.854407
vn -32.061756 -94.422363 -7.5140352
vn 23.20059 -81.984619 -52.347446
vn 14.4732 -29.127377 94.562798
vn 10.741229 -98.451538 -13.853528
vn 17.359629 -59.667133 78.348427
vn 10.686851 -87.817406 -46.625046
vn 19.651661 -30.130312 93.305824
vn 10.683514 -87.816185 -46.628109
vn 82.967964 -48.460464 -27.711035
vn -45.909424 -57.193352 67.979729
vn -49.882729 -86.520592 -5.0893269
vn 74.823532 -57.465302 -33.153831
vn 89.062012 -25.096331 37.922714
vn 10.814543 -84.957764 -51.625801
vn 27.988724 -30.274466 91.104828
vn 74.822342 -57.465569 -33.156082
vn 89.060829 -25.09602 37.925663
vn -49.886425 -86.51857 -5.0875044
vn 10.814841 -84.9561 -51.628487
vn 63.838608 -0.96342623 -76.965599
vn 84.871758 -20.900606 48.579304
vn 82.963722 -48.464916 -27.715925
vn -49.88504 -86.519196 -5.0904207
vn 84.871559 -20.903234 48.578533
vn -13.222532 -39.872593 90.748779
vn -57.782387 -76.391319 28.732578
vn 82.967308 -48.463829 -27.707087
vn -65.741417 -50.891987 -55.570435
vn 64.603752 -51.662407 -56.190304
vn 55.002548 -39.266541 73.707932
vn 29.109472 -66.439133 68.836632
vn -3.8522099e-05 -33.04689 94.381691
vn -8.7538639e-05 61.224144 79.067093
vn 0.00023850771 35.837967 93.35759
vn 25.901812 60.044075 75.65583
vn 15.427418 43.69268 88.616829
vn -4.2932749 -76.893517 63.788372
vn -23.393869 -74.607651 62.341202
vn -13.949816 -60.910374 78.072586
vn -16.50647 -72.039528 67.363525
vn 77.213669 59.452328 22.43816
vn 94.854462 17.590519 26.328804
vn 60.223179 10.5574 79.130974
vn 66.483406 48.99649 56.385284
vn 54.823666 32.555267 77.035843
vn 68.716911 32.707035 64.870918
vn 73.487 11.332541 66.867294
vn 32.979897 87.043701 36.547501
vn 34.131775 50.928707 79.001816
vn 60.794865 47.894714 63.325195
vn 17.985207 58.137058 79.351212
vn 41.211578 61.983658 66.780479
vn 36.478485 68.808075 62.727737
vn -1.5874984e-05 60.325371 79.754936
vn 39.120216 60.264347 69.55442
vn -0.00047754589 82.749931 56.146667
vn 80.388336 1.1310377 59.467949
vn -8.1203951e-05 38.27837 92.383797
vn 7.7819714e-05 29.364714 95.591385
vn 80.658516 34.018299 48.342094
vn 7.1291313 -13.330571 98.850754
vn -51.019905 32.813892 79.499786
vn 29.555624 7.9503441 95.201149
vn -43.40136 8.4352083 89.694878
vn 47.639641 -65.481461 58.674042
vn 62.270706 18.923912 75.922623
vn 0.00010923017 -32.598347 94.537544
vn 57.167088 64.138947 51.167564
vn 49.777187 28.699682 81.844727
vn 19.209812 72.03434 66.648605
vn 32.145664 -14.433017 93.586029
vn 61.002518 -19.511084 76.7985
vn 48.054764 12.392261 86.816887
vn 63.957333 -6.6197963 76.587448
vn 73.925247 29.737873 60.421154
vn 50.625832 25.140341 82.492348
vn 67.684799 -24.477171 69.423607
vn 86.060471 -23.016848 45.429306
vn 66.450607 -18.937817 72.288826
vn 46.443638 43.169159 77.32666
vn 38.449581 -39.577122 83.398323
vn 62.895702 0.1999682 77.743744
vn -34.26247 -15.33742 92.686813
vn -16.28577 32.487892 93.162819
vn 54.087086 -23.06431 80.886497
vn 35.184956 -29.004871 88.998528
vn -0.00037151994 -68.794563 72.576218
vn -4.2893448e-06 -17.261837 98.498886
vn 28.456106 -8.7285824 95.467598
vn 34.958042 -3.0119524 93.64222
vn 48.251556 -32.010906 81.529686
vn 48.606281 -68.216843 54.625023
vn 69.192215 -31.884813 64.774971
vn 32.650875 -90.487885 27.310486
vn 45.686726 -63.147461 62.650787
vn 52.877487 -82.939156 18.029652
vn 87.071136 -39.454765 29.358805
vn -7.9418256e-05 96.86908 -24.826988
vn 68.72583 -72.440445 -5.3984942
vn 88.558701 46.411945 -1.8130698
vn -22.983067 -71.306877 66.235252
vn 45.581566 -29.368876 84.022552
vn 93.26075 -32.422626 15.849442
vn -16.071648 -95.548813 -24.741217
vn -72.292435 -68.617317 8.0912151
vn -65.385353 -65.229958 -38.338085
vn 65.684792 -60.598606 -44.869984
vn 18.510151 -53.802006 -82.235748
vn 60.486835 -62.722286 -49.063816
vn 83.685341 18.769756 -51.424305
vn 65.109619 -72.402733 -22.772381
vn 61.614029 10.305451 -78.08654
vn -29.570515 26.273193 -91.84391
vn 73.06665 42.370087 -53.535404
vn 65.159813 -58.142799 -48.719742
vn 59.640228 -65.017448 -47.071999
vn 76.649529 -21.982065 -60.345997
vn -45.215694 -29.484106 -84.179733
vn 52.590412 -31.842308 -78.86898
vn 62.459476 -53.930515 -56.482857
vn 57.363117 -8.9822464 -81.417397
vn 77.466049 27.512949 -56.938972
vn 72.801193 20.028967 -65.56543
vn 77.998589 9.5372124 -61.848705
vn 57.493668 3.5071125 -81.744591
vn 35.826633 -3.5561047 -93.294189
vn 35.103245 -15.990206 -92.26091
vn 67.451866 68.880226 -26.566139
vn 47.10281 87.327637 -12.458308
vn 68.389549 72.167305 -10.712116
vn 32.248611 90.278442 -28.457483
vn -6.1879458e-05 94.396721 -33.00391
vn 84.647331 42.412025 -32.187733
vn 92.046188 18.872091 -34.224895
vn 68.514114 33.42942 -64.716995
vn 27.452499 80.894325 -51.985252
vn 57.024582 63.641582 -51.941769
vn -2.6155338 48.033535 -87.669479
vn 0.044831306 44.178623 -89.712021
vn -2.2142289 46.78207 -88.354591
vn -7.9509045e-05 22.664391 97.397774
vn -14.379424 37.011871 91.778816
vn -7.9886995e-05 11.066182 99.385818
vn 11.990794 -78.457512 60.832886
vn 22.61305 -72.121841 65.475876
vn 49.256485 42.215923 76.102646
vn 40.59716 53.084766 74.390038
vn -5.0397635 55.6828 82.909752
vn 2.2967973 -78.661217 61.702007
vn -3.5913785 -75.931396 64.973282
vn 84.333763 22.338387 48.875477
vn 72.456978 35.527855 59.057247
vn 76.230057 -54.298256 35.223286
vn 84.682365 -31.039539 43.190796
vn 87.552948 -42.874256 22.277359
vn 65.952003 -62.04829 42.430447
vn 82.300201 -52.249695 22.285555
vn 0.00026031022 91.704987 39.877247
vn 87.794731 -13.500385 45.932819
vn -18.560833 47.701263 85.907417
vn 95.765411 -17.147894 23.128633
vn 63.066338 -11.853735 76.695023
vn 95.319649 -22.702953 19.968531
vn 85.292946 -25.663841 45.458557
vn 95.129791 -24.301197 18.967697
vn 90.208206 -40.942532 13.645129
vn 76.959763 -52.748802 35.982758
vn 8.4803396e-06 -18.241297 98.322197
vn 1.8456041e-05 -17.019133 98.5411
vn 4.1453553e-05 -27.889013 96.032303
vn 0.00012312518 -68.965309 72.413986
vn 2.0114538e-05 -95.730202 28.908958
vn -0.0032037497 -66.918167 74.309875
vn 93.260254 -32.423691 15.850204
vn 87.070534 -39.456131 29.35878
vn 99.398399 -4.4475555 10.00892
vn 81.954224 -4.5104227 57.124096
vn 45.68737 -63.148464 62.649311
vn 44.159729 -2.9032779 89.674355
vn -0.0033296645 -66.918762 74.309349
vn -0.00012412171 -1.9766886 99.980469
vn 97.902176 16.791862 -11.541121
vn 88.533737 44.549988 -13.306985
vn 89.694412 43.340714 -8.7461271
vn 93.947189 32.746975 -10.07773
vn 59.950756 -52.595039 60.329655
vn 76.784187 -63.677628 -7.0248966
vn 81.47377 44.521339 37.146671
vn 69.177719 11.534642 71.283897
vn 80.918922 58.753132 -0.44410807
vn 55.212368 -39.830708 73.246902
vn 45.038303 -76.688606 45.720985
vn 37.07214 -92.791389 3.9261625
vn 91.215111 -33.356148 -23.815359
vn 40.829483 -80.933739 -42.22184
vn 73.821358 -46.534653 -48.83577
vn 91.213753 -33.359463 -23.815929
vn 96.911507 -5.3612771 -24.07107
vn 73.821274 -46.532951 -48.837532
vn 82.444466 -9.6186638 -55.770893
vn 31.971127 -56.301254 -76.210335
vn 36.509548 -45.536148 -81.200447
vn 36.510017 -45.53521 -81.20076
vn 49.523308 -4.1074157 -86.778854
vn 27.829105 -59.518806 -75.386024
vn 1.8837967e-05 -54.346951 -83.942894
vn -0.0019013882 -41.688377 -90.895988
vn -0.00047393283 -58.426277 -81.156448
vn -9.8680743e-05 -1.4391072 -99.989647
vn 0.0018434599 -41.687481 -90.896393
vn 75.024704 -60.257957 -27.207954
vn 89.045166 31.857395 -32.497143
vn 50.745678 -38.831318 -76.922066
vn 27.836136 -62.255775 -73.139374
vn -0.00035055741 -62.120144 -78.365089
vn 31.440672 -34.387943 -88.481369
vn -1.717646e-05 -37.572662 -92.673058
vn 85.456879 42.801083 -29.414116
vn 22.808174 56.230377 -79.48542
vn 30.795946 42.647053 -85.046097
vn 29.358805 28.722795 -91.176003
vn 13.782893 64.904755 -74.815796
vn -1.6046073 43.972424 -89.79895
vn 17.946693 24.328037 -95.320847
vn 2.5024116 48.363827 -87.491013
vn 0.00011958696 -6.0627618 -99.816055
vn 0.00014913696 23.05592 -97.305832
vn 0.0014010516 49.328598 -86.986725
vn 0.00016872179 -18.745626 -98.227303
vn -0.00031038903 84.801315 -52.997528
vn 3.0388637e-05 67.00779 -74.22908
vn 0.00019464619 44.485813 -89.560104
vn 20.63612 -5.6050258 97.68692
vn 20.682499 -6.2462196 97.638199
vn 20.859575 -5.6666422 97.63588
vn 21.056683 -6.8768492 97.515762
vn 20.638399 -6.3795528 97.638916
vn 20.720491 -6.0856242 97.640289
vn 20.866268 -5.5529938 97.640991
vn 21.024019 -5.8917031 97.587288
vn 19.960154 -6.4357533 97.776138
vn 19.869944 -7.2276688 97.739166
vn 21.061718 -7.1577973 97.494461
vn 20.796186 -5.893991 97.635956
vn -39.154869 -90.690918 15.558133
vn -50.317184 -68.866028 52.207767
vn -94.152657 3.0483456 33.555702
vn -59.352654 -23.259428 77.047127
vn -44.169544 86.828217 22.58123
vn -50.173084 45.792046 73.387672
vn 2.2785166e-06 -99.749466 7.0740676
vn 0.000161815 -76.620918 64.259132
vn -39.151009 -90.69117 15.566368
vn -44.169315 86.829018 22.578569
vn 5.189134e-07 99.59713 8.9672813
vn 7.4749266e-08 55.260155 83.344574
vn 1.4627595e-09 -28.051182 95.985054
vn -29.1096 -66.439095 68.836609
vn -55.002571 -39.266563 73.707886
vn -25.901859 60.043991 75.655891
vn -15.427486 43.692665 88.616844
vn 4.2918696 -76.89183 63.790489
vn 13.948919 -60.911186 78.072128
vn 23.395748 -74.607338 62.340866
vn 16.506939 -72.039825 67.363075
vn -94.854446 17.590549 26.328794
vn -77.21386 59.452068 22.438143
vn -60.223164 10.557265 79.131004
vn -66.483414 48.996517 56.385258
vn -54.823376 32.555168 77.036079
vn -68.716858 32.706898 64.87104
vn -73.487045 11.332463 66.867256
vn -32.979977 87.043716 36.547394
vn -34.131668 50.928688 79.001884
vn -60.795105 47.894768 63.32494
vn -17.98521 58.13723 79.351082
vn -41.21077 61.984241 66.780434
vn -36.478909 68.807961 62.727623
vn -39.120232 60.263973 69.554741
vn -80.388344 1.1312419 59.467911
vn -80.65863 34.018314 48.341904
vn -7.1284237 -13.330271 98.850838
vn 51.020164 32.812695 79.50013
vn 43.401573 8.4350138 89.694771
vn -29.555603 7.9504118 95.201141
vn -47.638897 -65.481766 58.674305
vn -62.270672 18.923944 75.922653
vn -57.166885 64.13929 51.167339
vn -49.776985 28.700153 81.844681
vn -19.209566 72.035019 66.647934
vn -32.145535 -14.433024 93.58606
vn -48.054909 12.392509 86.816765
vn -61.002583 -19.511086 76.798454
vn -63.066322 -11.853763 76.695023
vn -73.926003 29.737291 60.420532
vn -59.951729 -52.593952 60.329647
vn -63.957279 -6.6198716 76.587494
vn -50.626747 25.139368 82.492088
vn -86.060616 -23.016808 45.429035
vn -67.684669 -24.477169 69.423721
vn -38.449963 -39.577641 83.397911
vn -62.894745 0.20265654 77.744522
vn -66.450714 -18.93833 72.288597
vn -46.448441 43.163815 77.326752
vn 34.277706 -15.324327 92.68335
vn -45.571346 -29.378225 84.024841
vn 16.287893 32.492214 93.160934
vn -54.087204 -23.064331 80.886398
vn -35.184986 -29.004717 88.998558
vn -28.457598 -8.728651 95.46714
vn -34.958519 -3.0124032 93.642021
vn -48.606689 -68.217064 54.624386
vn -48.251621 -32.010742 81.529701
vn -69.192352 -31.884996 64.774727
vn -45.692818 -63.14938 62.644421
vn -32.65155 -90.487785 27.309954
vn -52.879929 -82.938126 18.027174
vn -87.071053 -39.463478 29.34734
vn -88.561264 46.407139 -1.8111215
vn -68.724953 -72.441269 -5.3982697
vn 22.99156 -71.29583 66.244202
vn -93.258492 -32.432148 15.843217
vn 16.093775 -95.54528 -24.740463
vn 72.317345 -68.591255 8.0895109
vn 65.41127 -65.206581 -38.33363
vn -65.687965 -60.598022 -44.866131
vn -18.50049 -53.792141 -82.244377
vn -60.48811 -62.722984 -49.061344
vn -83.688705 18.765152 -51.420521
vn -65.109306 -72.403152 -22.771929
vn 29.579281 26.280334 -91.83905
vn -73.075188 42.3507 -53.539101
vn -61.614738 10.289551 -78.088089
vn -65.160446 -58.142742 -48.718971
vn -59.640739 -65.017265 -47.071617
vn -76.652168 -21.987736 -60.340572
vn 45.232903 -29.468815 -84.17585
vn -52.590282 -31.842323 -78.869057
vn -62.460114 -53.930172 -56.482475
vn -77.465942 27.513075 -56.939056
vn -57.363159 -8.9820976 -81.417381
vn -72.800484 20.029591 -65.566032
vn -77.998596 9.5372553 -61.848682
vn -57.493801 3.5071251 -81.744499
vn -35.826786 -3.5559855 -93.294144
vn -35.103245 -15.99018 -92.26091
vn -47.102921 87.327606 -12.458096
vn -67.451836 68.880226 -26.566231
vn -68.389473 72.167366 -10.712185
vn -32.248772 90.278389 -28.457493
vn -84.647354 42.411983 -32.18771
vn -92.046143 18.872259 -34.224915
vn -68.514153 33.429264 -64.717056
vn -27.453196 80.89418 -51.985126
vn -57.024593 63.641521 -51.941822
vn -0.046961956 44.178986 -89.711845
vn 2.6150486 48.033833 -87.669342
vn 2.2196655 46.782677 -88.354149
vn 14.379224 37.011787 91.778893
vn -22.613003 -72.121857 65.475876
vn -11.990773 -78.457497 60.832912
vn 5.0393019 55.682514 82.909973
vn -40.59716 53.084637 74.390144
vn -49.256821 42.215843 76.102493
vn 3.5897889 -75.93187 64.972794
vn -2.2967689 -78.661217 61.702007
vn -72.456848 35.527763 59.057449
vn -84.333778 22.338299 48.8755
vn -84.682037 -31.039692 43.191311
vn -76.229065 -54.29995 35.222778
vn -87.553192 -42.873775 22.277311
vn -65.950897 -62.050003 42.429676
vn -82.300583 -52.249027 22.285721
vn -87.794754 -13.500362 45.932789
vn 18.561182 47.701923 85.906975
vn -95.765373 -17.148037 23.128712
vn -95.319672 -22.702753 19.968599
vn -95.129356 -24.304089 18.966183
vn -85.292938 -25.664009 45.458492
vn -90.207916 -40.945282 13.638725
vn -76.961014 -52.749073 35.979691
vn -81.963638 -4.5201707 57.10981
vn -87.070999 -39.461433 29.350229
vn -99.344322 -4.1790376 10.641527
vn -93.257942 -32.433422 15.843885
vn -44.168907 -2.9032578 89.669838
vn -45.692314 -63.147575 62.646603
vn -88.533836 44.549801 -13.306974
vn -97.902176 16.791882 -11.541114
vn -89.693466 43.342659 -8.7461853
vn -93.94648 32.749027 -10.07777
vn -76.784286 -63.677513 -7.0248141
vn -69.175713 11.513704 71.289238
vn -81.483582 44.49995 37.15078
vn -80.931923 58.735245 -0.44263169
vn -55.193043 -39.844982 73.253708
vn -45.009922 -76.700371 45.729206
vn -37.04425 -92.802361 3.9302115
vn -91.321136 -33.144478 -23.704329
vn -40.804085 -80.945885 -42.223122
vn -74.054176 -45.911194 -49.072819
vn -82.960907 -5.7641807 -55.53614
vn -97.757683 -3.3948824 -20.782461
vn -74.055923 -45.911762 -49.069656
vn -91.321068 -33.144608 -23.704384
vn -36.50922 -45.536465 -81.200417
vn -31.971157 -56.301331 -76.210266
vn -47.771641 -2.7934988 -87.806992
vn -36.510605 -45.535271 -81.200462
vn -27.829266 -59.518837 -75.385941
vn -75.024765 -60.257881 -27.207937
vn -89.044991 31.857977 -32.497059
vn -50.734447 -38.84444 -76.922852
vn -27.836073 -62.255901 -73.139305
vn -31.440454 -34.388077 -88.481392
vn -85.456627 42.801548 -29.414152
vn -30.79583 42.646988 -85.046181
vn -22.808413 56.230377 -79.485352
vn -29.359222 28.722715 -91.175888
vn -13.783763 64.904747 -74.815651
vn 1.603716 43.971912 -89.79921
vn -17.947159 24.328098 -95.320747
vn -2.5018237 48.364399 -87.490723
vn -20.682566 -6.2461853 97.638191
vn -20.636339 -5.6049047 97.686882
vn -20.859646 -5.6665955 97.63588
vn -21.056965 -6.8767724 97.515717
vn -20.638321 -6.3794336 97.638931
vn -20.720543 -6.0855265 97.640282
vn -20.866625 -5.552918 97.640923
vn -21.023947 -5.8917136 97.587296
vn -19.960075 -6.4358158 97.776146
vn -19.869823 -7.2277708 97.739182
vn -21.061975 -7.157856 97.4944
vn -20.796064 -5.8939071 97.635979
vn 59.352272 -23.259127 77.047516
vn 50.317097 -68.866135 52.207714
vn 94.152016 3.0493352 33.557388
vn 39.152622 -90.691833 15.558442
vn 50.172989 45.792023 73.387749
vn 44.166859 86.829445 22.581772
vn 39.151775 -90.690842 15.566321
vn 44.169319 86.829018 22.578581
vn 96.158257 26.425705 -7.4345536
vn 75.75592 60.941875 -23.390785
vn 80.748581 33.958553 48.23362
vn 56.300251 71.859596 40.822556
vn 82.306519 24.898304 51.046177
vn 98.177956 18.737879 -3.1592817
vn 60.77512 24.020742 -75.692726
vn 85.587158 -6.3978944 -51.321583
vn 87.432167 -12.221964 -46.970634
vn 47.903217 17.995321 85.915375
vn 17.682276 54.746078 81.793671
vn 52.262993 9.5208797 84.722687
vn 10.235019 -13.680593 98.52961
vn -27.814085 18.864637 94.183334
vn 15.641482 -20.082008 96.706024
vn -63.494282 -21.982496 74.062447
vn -25.551296 -45.889343 85.095825
vn -19.036242 -52.369423 83.03653
vn 23.916462 -18.826223 -95.255325
vn 52.65926 -43.736515 -72.89801
vn 57.5947 -49.647099 -64.946266
vn -26.565126 -57.160801 -77.633347
vn 8.3204832 -81.0952 -57.91663
vn 11.721354 -86.26265 -49.207378
vn -63.333847 -70.114296 -32.753777
vn -28.149403 -94.591812 -16.124481
vn -21.869352 -96.78318 -12.439672
vn -78.100319 -57.599087 24.138891
vn -39.792381 -82.686058 39.743969
vn -27.428967 -88.023132 38.724407
vn -78.101036 -57.597572 24.140141
vn -39.791428 -82.687393 39.742149
vn -27.429176 -88.021904 38.727043
vn 99.989555 -0.87627453 1.1487857
vn 89.353691 -27.93442 -35.150894
vn 62.281464 -59.669193 -50.602436
vn 21.37735 -88.601372 -41.143738
vn -6.5993519 -99.609276 -5.8686662
vn -19.471771 -89.573486 39.967995
vn -4.8671126 -61.751289 78.505348
vn -19.4666 -89.573616 39.970238
vn 22.727451 -29.44648 92.824394
vn 59.614212 -3.5952346 80.207352
vn 87.576134 7.1016746 47.749203
vn 22.725121 -29.448982 92.824165
vn -4.8654261 -61.749554 78.506821
vn 59.610565 -3.5944064 80.210106
vn 87.576241 7.102387 47.748917
vn -19.470644 -89.572861 39.969921
vn 99.989571 -0.88050646 1.1446321
vn 89.354935 -27.931973 -35.149715
vn -6.5994558 -99.609245 -5.8690891
vn 62.281654 -59.670872 -50.600231
vn 21.375107 -88.601288 -41.145084
vn -56.705372 71.81636 40.334995
vn -75.837608 60.508926 -24.234873
vn -80.776237 33.927864 48.208912
vn -96.153305 26.441704 -7.4416695
vn -98.177963 18.737879 -3.1592813
vn -82.306519 24.898304 51.046177
vn -85.583099 -6.384573 -51.330017
vn -60.7453 24.031103 -75.713379
vn -87.432167 -12.221964 -46.970634
vn -17.38125 54.52853 82.003235
vn -47.898434 17.953108 85.926872
vn -52.262997 9.5208807 84.722687
vn 27.859247 18.797911 94.183334
vn -10.244777 -13.681833 98.528435
vn -15.641482 -20.08201 96.706024
vn 25.532892 -45.899075 85.096107
vn 63.493328 -22.041754 74.045647
vn 19.03624 -52.369423 83.03653
vn -52.659481 -43.728535 -72.902634
vn -23.901936 -18.822924 -95.259621
vn -57.5947 -49.647099 -64.946266
vn -8.3282719 -81.095284 -57.915421
vn 26.574017 -57.177246 -77.618202
vn -11.721354 -86.26265 -49.207378
vn 28.135399 -94.596794 -16.119734
vn 63.318222 -70.131958 -32.746174
vn 21.869356 -96.78318 -12.439672
vn 39.770702 -82.694481 39.748161
vn 78.077606 -57.645527 24.101488
vn 27.428967 -88.02314 38.724403
vn 39.77298 -82.69503 39.744728
vn 78.076942 -57.647308 24.099329
vn 27.429169 -88.021912 38.727043
vn -89.3536 -27.934557 -35.151024
vn -99.989571 -0.87646824 1.1483283
vn -62.281357 -59.669289 -50.602455
vn -21.376852 -88.601654 -41.143379
vn 6.5971613 -99.609169 -5.8729768
vn 19.471783 -89.573479 39.968014
vn 19.466597 -89.573608 39.970242
vn 4.8670621 -61.751194 78.505424
vn -22.727285 -29.446634 92.824387
vn -59.613846 -3.5954583 80.207619
vn -87.576279 7.1016774 47.74894
vn -87.576248 7.1023898 47.748917
vn 4.8654375 -61.749542 78.506821
vn -59.610569 -3.5943944 80.210098
vn -22.725128 -29.448977 92.824165
vn -99.989578 -0.8805005 1.1446328
vn 19.47065 -89.572876 39.969913
vn 6.599453 -99.60923 -5.869091
vn -89.354935 -27.931978 -35.149708
vn -21.375116 -88.601273 -41.145081
vn -62.281651 -59.670872 -50.60022
vn -65.53698 33.368591 67.760162
vn -44.231258 71.460663 54.193821
vn 31.553501 67.675377 66.516319
vn 31.561787 83.872719 44.375893
vn 58.59745 77.302979 24.302036
vn 87.266068 46.766361 14.055011
vn 91.513885 38.318874 -12.524863
vn 93.956612 16.363974 -30.072817
vn 95.23307 26.054705 -15.868717
vn -85.140366 10.690973 51.349991
vn -94.195457 1.7032492 33.530804
vn -93.479126 20.690596 28.871315
vn 58.177536 43.958244 68.432785
vn 83.327934 45.579376 31.288574
vn 42.378445 86.788399 25.919878
vn -73.337837 29.690899 61.155643
vn -21.035692 36.851471 90.550919
vn -33.458122 79.246765 50.99514
vn 94.357635 -1.5703065 -33.078236
vn 97.257935 6.0813508 -22.447947
vn 88.89991 -5.1967025 -45.495045
vn 89.81469 9.9317217 -42.833187
vn 90.356674 23.057219 -36.111423
vn 96.896034 19.765297 -14.848942
vn 86.483887 29.592754 40.556206
vn 89.678749 21.8323 -38.484722
vn 36.404984 41.647942 83.307411
vn 64.79425 -4.8410931 -76.014923
vn 67.301521 7.1430869 -73.617134
vn 68.403374 22.793037 -69.292519
vn 68.521744 25.954039 -68.052612
vn 8.2000751 22.903301 -96.995857
vn 10.765222 7.0154052 -99.171036
vn 4.962616 28.466473 -95.734184
vn 9.5661898 -0.86880457 -99.537598
vn -57.473976 23.934406 -78.25528
vn -58.403934 5.5392094 -80.983315
vn -59.369629 26.428902 -76.005013
vn -56.918209 -2.9720652 -82.167412
vn -56.919853 -2.9719884 -82.166275
vn -95.91114 -7.0513239 -27.41044
vn -58.404602 5.5410533 -80.982712
vn -96.520966 2.8210099 -25.99507
vn -94.661751 19.672552 -25.537092
vn -57.473408 23.935806 -78.255257
vn -94.272026 21.83 -25.223745
vn -59.369637 26.426893 -76.005707
vn -96.933899 -0.10852493 24.572483
vn -96.068245 -9.3109713 26.1572
vn -95.972313 11.846548 25.474976
vn -95.764374 15.861288 24.033411
vn -76.668053 21.594429 60.462299
vn -94.948891 -6.098176 30.781826
vn -97.390213 5.4876413 22.023422
vn -30.003389 34.049103 89.109222
vn 24.025385 93.28186 26.856583
vn 40.92329 89.78434 16.249762
vn -39.755611 83.647301 37.717655
vn 85.339439 51.714943 6.538012
vn 19.736633 90.268631 38.236637
vn 24.639303 42.997871 86.856712
vn 99.64222 8.4500551 0.15302087
vn 93.102554 9.7186718 35.177597
vn -85.47567 36.32782 37.070202
vn -92.411713 4.9107995 37.894089
vn -76.917839 1.7813274 63.878578
vn -30.139652 1.3552893 95.340256
vn 64.629044 3.5387423 76.227058
vn 25.852966 2.5942519 96.565483
vn -0.67844981 -99.997314 0.27511173
vn -0.26500124 -99.999619 0.077045918
vn -0.28933159 -99.999313 -0.22855659
vn 1.0972341e-05 -99.999992 7.156631e-06
vn 1.6414358e-06 -100 0.00014879707
vn 6.1123287e-06 -100 2.930735e-05
vn 8.6778846e-06 -100 3.4372526e-05
vn -0.0091945995 -99.999954 0.10146841
vn -0.040501047 -99.999985 0.04148782
vn -0.12113011 -99.998184 0.59101892
vn 2.5835702e-06 -100 -7.3519532e-06
vn 2.9644061e-06 -99.999992 -2.0666906e-05
vn 4.0725945e-06 -100 6.4726832e-05
vn 8.425448e-06 -100 1.5938444e-05
vn -7.8750436e-06 -100 0.00013956282
vn -1.9293584e-06 -100 3.2579846e-05
vn -1.4728001e-05 -100 0.00011400608
vn 96.20652 16.48317 -21.739601
vn 83.756538 33.615402 43.067924
vn 87.414818 14.913441 -46.219456
vn 32.721714 40.624081 85.31691
vn 66.198219 23.401192 -71.205193
vn 9.7831459 28.294104 -95.413483
vn -55.073441 23.858408 -79.985588
vn -95.258385 18.58884 -24.089296
vn -55.073463 23.860144 -79.985039
vn -96.438011 19.43668 17.942295
vn -76.501213 26.574049 58.663322
vn -23.345747 36.10041 90.286972
vn -30.724028 84.269768 44.211323
vn 44.278942 71.489624 54.116638
vn -31.356331 67.67469 66.610184
vn 65.527473 33.405918 67.750992
vn -87.167862 47.001316 13.879528
vn -57.723515 78.065804 23.952576
vn -93.559998 16.486221 -31.220694
vn -91.398109 38.846497 -11.719009
vn -95.308952 25.866337 -15.720573
vn 94.231018 1.9461833 33.417454
vn 85.061447 10.603341 51.498734
vn 93.486664 20.76988 28.789833
vn -84.526535 41.263794 33.949425
vn -60.533703 40.180313 68.71109
vn -44.058807 85.054161 28.716063
vn 21.013823 36.908623 90.532715
vn 73.287933 29.843563 61.141148
vn 33.45813 79.246796 50.995087
vn -97.438683 6.0841856 -21.649149
vn -93.980965 -1.4863161 -34.137501
vn -89.851013 9.8342609 -42.779472
vn -88.900513 -5.1923609 -45.494385
vn -90.612389 22.702888 -35.692776
vn -86.580154 29.200256 40.635235
vn -97.057304 19.347807 -14.336716
vn -89.982101 21.222542 -38.115948
vn -36.518211 41.396027 83.383385
vn -67.32785 6.9661965 -73.610008
vn -64.819855 -4.8792343 -75.990646
vn -68.641479 22.628138 -69.110886
vn -68.612793 25.746338 -68.03978
vn -10.735551 6.978097 -99.17688
vn -8.3522835 22.820211 -97.002457
vn -5.0792518 28.481888 -95.723473
vn -9.4573765 -0.85871631 -99.548073
vn 58.23542 5.71455 -81.092422
vn 57.235622 23.807137 -78.468483
vn 59.040207 26.561739 -76.215004
vn 57.078678 -2.4156845 -82.074295
vn 96.483353 2.9139102 -26.124186
vn 95.943489 -6.4180732 -27.452763
vn 58.237656 5.7140179 -81.090843
vn 57.079262 -2.412637 -82.073959
vn 57.236492 23.806812 -78.467964
vn 94.678024 19.473608 -25.629105
vn 59.037918 26.560865 -76.217094
vn 94.237122 21.988678 -25.216328
vn 96.13588 -8.6959791 26.120356
vn 96.921791 0.06426914 24.620384
vn 95.916573 11.634148 25.780985
vn 95.662773 16.055761 24.307312
vn 76.42955 21.753359 60.706791
vn 94.99411 -5.6730165 30.723545
vn 97.394897 5.5757809 21.980549
vn 29.871178 34.109402 89.130592
vn -41.623348 89.475822 16.17322
vn -20.572521 93.830856 27.794647
vn 39.755463 83.647713 37.716885
vn -86.414925 49.53466 8.8757524
vn -17.260338 90.253448 39.451195
vn -25.46933 42.09214 87.060692
vn -99.553703 8.2642374 4.5565491
vn -92.174736 9.4903269 37.599892
vn 85.412483 36.507683 37.039131
vn 92.327217 5.3001513 38.047245
vn 76.743454 2.2186594 64.074333
vn 29.990345 1.6000804 95.383545
vn -27.86791 2.6835697 96.000931
vn -66.149483 3.5487232 74.910965
vn -1.1218648e-05 -100 8.540057e-06
vn 0.26312312 -99.999626 0.076555856
vn 0.28886989 -99.999313 -0.22793467
vn 0.67822635 -99.997322 0.27567551
vn 0.009196246 -99.999954 0.10148621
vn -7.0762617e-06 -100 1.2931221e-05
vn -9.2796117e-06 -100 1.9990963e-05
vn -8.3037748e-06 -100 4.0754981e-05
vn 0.12113819 -99.998169 0.59104151
vn 0.040506836 -99.999985 0.041501202
vn -4.3407463e-06 -100 -1.5741016e-05
vn -3.2798364e-06 -99.999992 5.3063923e-06
vn -5.9074318e-06 -100 1.7422499e-05
vn -4.8241964e-07 -100 6.2084378e-05
vn 1.037968e-05 -100 1.3990333e-05
vn 1.3212551e-05 -100 6.4928317e-05
vn 2.0758518e-05 -100 3.791583e-05
vn -84.19426 32.840458 42.811565
vn -96.390953 16.003933 -21.275717
vn -87.686981 14.643177 -45.788334
vn -32.901634 40.344028 85.380577
vn -66.264709 23.212488 -71.205101
vn -9.8175993 28.262432 -95.419342
vn 54.719414 24.093235 -80.157982
vn 54.718071 24.093239 -80.158897
vn 95.184868 18.995092 -24.063002
vn 96.301979 19.846834 18.221773
vn 76.111633 26.942476 59.001041
vn 23.065966 36.19281 90.321877
vn 25.129641 -0.81342846 -96.787598
vn -52.299942 -0.8922931 -85.228638
vn -25.329939 -0.79140085 -96.735558
vn 52.477879 -0.88591272 -85.119263
vn -1.9904335e-06 -14.686659 98.915642
vn -89.828979 -37.62048 22.703663
vn 89.829048 -37.620441 22.70339
vn -56.197495 -45.538815 69.051132
vn 56.171913 -45.53709 69.073082
vn 89.827972 -37.621376 22.706129

# Mesh 'C-3PO' with 4836 faces
g C-3PO
usemtl c3p0_mat
f  1//1 2//2 3//3
f  4//4 5//5 6//6
f  2//2 6//6 5//5
f  7//7 8//8 4//4
f  5//5 4//4 8//8
f  9//9 6//6 1//1
f  2//2 1//1 6//6
f  10//10 11//11 12//12
f  9//13 12//12 11//11
f  9//9 11//14 6//6
f  10//10 13//15 11//11
f  14//16 11//11 13//15
f  13//17 15//18 16//19
f  17//20 18//21 19//22
f  18//21 20//23 21//24
f  18//21 21//24 22//25
f  23//26 19//22 18//21
f  18//21 24//27 23//26
f  23//26 24//27 25//28
f  23//26 26//29 27//30
f  28//31 29//32 30//33
f  25//28 31//34 30//33
f  26//29 23//26 30//33
f  23//26 25//28 30//33
f  29//32 26//29 30//33
f  32//35 33//36 34//37
f  35//38 33//36 32//35
f  36//39 37//40 38//41
f  39//42 36//39 38//41
f  40//43 41//44 42//45
f  43//46 44//47 45//48
f  46//49 47//50 44//47
f  48//51 49//52 50//53
f  44//47 43//46 46//49
f  51//54 52//55 53//56
f  54//57 55//58 56//59
f  53//56 57//60 51//54
f  57//60 53//56 58//61
f  59//62 60//63 61//64
f  48//51 60//63 59//62
f  59//62 62//65 48//51
f  49//52 48//51 62//65
f  63//66 64//67 65//68
f  66//69 65//68 64//67
f  63//66 65//68 67//70
f  68//71 67//70 65//68
f  69//72 70//73 63//66
f  64//67 63//66 70//73
f  63//66 71//74 69//72
f  71//74 72//75 69//72
f  70//73 69//72 73//76
f  74//77 73//76 69//72
f  69//72 75//78 74//77
f  73//76 74//77 76//79
f  77//80 76//79 74//77
f  75//78 78//81 74//77
f  77//80 74//77 78//81
f  79//82 76//79 80//83
f  77//80 80//83 76//79
f  81//84 79//82 82//85
f  80//83 82//85 79//82
f  80//83 3//86 83//87
f  84//88 71//74 63//66
f  85//89 71//74 86//90
f  87//91 86//90 71//74
f  71//92 85//93 88//94
f  89//95 88//94 85//93
f  84//88 90//96 87//91
f  91//97 87//91 90//96
f  87//91 91//97 86//90
f  92//98 86//90 91//97
f  67//70 93//99 84//88
f  90//96 84//88 93//99
f  94//100 95//101 93//99
f  90//96 93//99 95//101
f  90//96 95//101 91//97
f  92//98 91//97 95//101
f  72//75 71//74 22//25
f  88//102 22//25 71//74
f  72//75 96//103 75//78
f  97//104 75//78 96//103
f  98//105 96//103 72//75
f  99//106 100//107 96//108
f  97//109 96//108 100//107
f  97//104 100//110 75//78
f  78//81 75//78 100//110
f  78//81 99//111 3//86
f  101//112 1//113 99//111
f  3//86 99//111 1//113
f  98//114 101//115 96//108
f  99//106 96//108 101//115
f  83//116 3//117 102//118
f  2//2 102//118 3//117
f  2//2 5//5 102//118
f  8//8 102//118 5//5
f  7//7 4//4 103//119
f  6//6 103//119 4//4
f  103//119 104//120 105//121
f  12//12 9//13 101//112
f  1//113 101//112 9//13
f  21//122 12//123 98//114
f  101//115 98//114 12//123
f  106//124 11//11 14//16
f  107//125 108//126 109//127
f  110//128 109//127 108//126
f  14//16 13//15 111//129
f  16//130 111//129 13//15
f  106//124 14//16 112//131
f  111//129 112//131 14//16
f  107//125 113//132 104//133
f  105//134 104//133 113//132
f  114//135 112//136 115//137
f  116//138 115//137 112//136
f  111//139 16//140 17//20
f  15//141 17//20 16//140
f  18//21 17//20 20//23
f  15//141 20//23 17//20
f  13//17 10//142 15//18
f  20//143 15//18 10//142
f  115//137 116//138 117//144
f  118//145 117//144 116//138
f  24//27 18//21 22//25
f  21//24 98//105 22//25
f  24//146 88//94 119//147
f  89//95 119//147 88//94
f  31//34 25//28 119//148
f  24//27 119//148 25//28
f  117//144 120//149 115//137
f  121//150 115//137 120//149
f  115//137 121//150 114//135
f  122//151 114//135 121//150
f  27//30 123//152 117//144
f  120//149 117//144 123//152
f  26//29 29//32 123//152
f  124//153 123//152 29//32
f  26//29 123//152 27//30
f  125//154 124//153 28//31
f  29//32 28//31 124//153
f  114//155 122//156 126//157
f  127//158 126//157 122//156
f  126//157 127//158 110//128
f  128//159 110//128 127//158
f  109//127 129//160 130//161
f  131//162 130//161 129//160
f  129//160 109//127 128//159
f  110//128 128//159 109//127
f  132//163 133//164 134//165
f  135//166 134//165 133//164
f  136//167 137//168 132//163
f  134//165 135//166 138//169
f  139//170 138//169 135//166
f  138//169 140//171 134//165
f  141//172 134//165 140//171
f  142//173 143//174 139//170
f  138//169 139//170 143//174
f  144//175 140//171 143//174
f  138//169 143//174 140//171
f  34//37 33//36 142//173
f  143//174 142//173 33//36
f  143//174 35//38 144//175
f  34//37 37//40 32//35
f  36//39 32//35 37//40
f  37//40 145//176 38//41
f  146//177 38//41 145//176
f  39//42 38//41 147//178
f  146//177 147//178 38//41
f  35//38 32//35 39//42
f  36//39 39//42 32//35
f  148//179 149//180 145//176
f  146//177 145//176 149//180
f  147//178 146//177 150//181
f  149//180 150//181 146//177
f  40//43 151//182 152//183
f  153//184 152//183 151//182
f  151//182 40//43 42//45
f  151//182 149//180 153//184
f  148//179 153//184 149//180
f  151//182 42//45 149//180
f  150//181 149//180 42//45
f  150//181 42//45 57//60
f  51//54 57//60 42//45
f  150//181 57//60 147//178
f  45//48 147//178 57//60
f  39//42 147//178 44//47
f  45//48 44//47 147//178
f  44//47 47//50 39//42
f  35//38 39//42 47//50
f  42//45 154//185 51//54
f  144//175 35//38 155//186
f  47//50 155//186 35//38
f  155//186 50//53 144//175
f  140//171 144//175 50//53
f  50//53 49//52 140//171
f  141//172 140//171 49//52
f  136//167 156//187 137//168
f  157//188 137//168 156//187
f  154//185 158//189 52//55
f  58//61 45//48 57//60
f  46//49 159//190 47//50
f  155//186 47//50 159//190
f  48//51 50//53 159//190
f  155//186 159//190 50//53
f  159//190 160//191 48//51
f  60//63 48//51 160//191
f  46//49 161//192 159//190
f  160//191 159//190 161//192
f  46//49 43//46 161//192
f  162//193 161//192 43//46
f  43//46 58//61 162//193
f  163//194 162//193 58//61
f  164//195 53//56 52//55
f  165//196 164//195 166//197
f  56//59 167//198 164//195
f  165//196 168//199 56//59
f  54//57 56//59 168//199
f  168//200 169//201 54//202
f  170//203 54//202 169//201
f  170//203 171//204 54//202
f  172//205 54//202 171//204
f  55//58 54//57 173//206
f  172//207 173//206 54//57
f  174//208 175//209 169//201
f  170//203 169//201 175//209
f  175//209 176//210 170//203
f  171//204 170//203 176//210
f  167//198 55//58 177//211
f  173//206 177//211 55//58
f  53//56 167//198 178//212
f  177//211 178//212 167//198
f  58//61 53//56 163//194
f  178//212 163//194 53//56
f  59//62 175//209 179//213
f  174//208 179//213 175//209
f  175//209 59//62 61//64
f  59//62 179//213 62//65
f  180//214 62//65 179//213
f  176//210 181//215 171//204
f  182//216 171//204 181//215
f  171//204 182//216 172//205
f  183//217 172//205 182//216
f  61//64 184//218 176//210
f  181//215 176//210 184//218
f  60//63 185//219 61//64
f  184//218 61//64 185//219
f  178//212 177//211 186//220
f  187//221 186//220 177//211
f  177//211 173//206 187//221
f  188//222 187//221 173//206
f  163//194 178//212 189//223
f  186//220 189//223 178//212
f  162//193 163//194 190//224
f  189//223 190//224 163//194
f  161//192 162//193 191//225
f  190//224 191//225 162//193
f  160//191 161//192 192//226
f  191//225 192//226 161//192
f  60//63 160//191 185//219
f  192//226 185//219 160//191
f  173//206 172//207 188//222
f  183//227 188//222 172//207
f  12//123 21//122 10//142
f  20//143 10//142 21//122
f  156//187 49//52 62//65
f  67//70 68//71 93//99
f  94//100 93//99 68//71
f  64//228 193//229 66//230
f  70//231 193//229 64//228
f  73//232 193//229 70//231
f  76//233 193//229 73//232
f  79//234 193//229 76//233
f  81//235 193//229 79//234
f  194//236 195//237 196//238
f  197//239 198//240 199//241
f  194//236 199//241 198//240
f  197//239 199//241 7//7
f  8//8 7//7 199//241
f  200//242 195//237 198//240
f  194//236 198//240 195//237
f  201//243 202//244 200//245
f  203//246 200//245 202//244
f  201//247 200//242 198//240
f  204//248 202//244 205//249
f  201//243 205//249 202//244
f  206//250 204//251 207//252
f  208//253 209//254 210//255
f  211//256 208//253 212//257
f  212//257 208//253 213//258
f  210//255 214//259 208//253
f  215//260 208//253 214//259
f  215//260 214//259 216//261
f  217//262 218//263 219//264
f  28//31 30//33 220//265
f  216//261 30//33 31//34
f  214//259 30//33 216//261
f  220//265 30//33 221//266
f  222//267 223//268 224//269
f  222//267 225//270 223//268
f  226//271 227//272 228//273
f  227//272 229//274 228//273
f  41//44 40//43 230//275
f  231//276 232//277 233//278
f  234//279 235//280 231//276
f  236//281 237//282 238//283
f  232//277 231//276 235//280
f  239//284 240//285 241//286
f  242//287 243//288 244//289
f  245//290 241//286 240//285
f  241//286 245//290 246//291
f  247//292 248//293 249//294
f  247//292 237//282 248//293
f  250//295 248//293 237//282
f  237//282 236//281 250//295
f  66//69 251//296 65//68
f  252//297 65//68 251//296
f  68//71 65//68 253//298
f  252//297 253//298 65//68
f  251//296 254//299 252//297
f  255//300 252//297 254//299
f  256//301 252//297 255//300
f  257//302 256//301 255//300
f  258//303 255//300 259//304
f  254//299 259//304 255//300
f  255//300 258//303 260//305
f  261//306 258//303 262//307
f  259//304 262//307 258//303
f  261//306 263//308 258//303
f  260//305 258//303 263//308
f  261//306 262//307 264//309
f  265//310 264//309 262//307
f  264//309 265//310 82//85
f  81//84 82//85 265//310
f  264//309 83//87 196//311
f  266//312 256//301 86//90
f  85//89 86//90 256//301
f  89//313 85//89 267//314
f  256//301 267//314 85//89
f  268//315 269//316 266//312
f  270//317 266//312 269//316
f  92//98 268//315 86//90
f  266//312 86//90 268//315
f  269//316 271//318 270//317
f  253//298 270//317 271//318
f  252//297 270//317 253//298
f  269//316 95//101 271//318
f  94//100 271//318 95//101
f  92//98 95//101 268//315
f  269//316 268//315 95//101
f  267//314 256//301 213//258
f  257//302 213//258 256//301
f  272//319 273//320 260//305
f  257//302 260//305 273//320
f  274//321 213//258 257//302
f  272//322 275//323 273//324
f  276//325 273//324 275//323
f  263//308 275//326 260//305
f  272//319 260//305 275//326
f  263//308 196//311 276//327
f  277//328 276//327 195//329
f  196//311 195//329 276//327
f  276//325 277//330 273//324
f  274//331 273//324 277//330
f  83//116 102//118 196//332
f  194//236 196//332 102//118
f  194//236 102//118 199//241
f  8//8 199//241 102//118
f  7//7 103//119 197//239
f  198//240 197//239 103//119
f  278//333 103//119 105//121
f  203//246 277//328 200//245
f  195//329 200//245 277//328
f  277//330 203//334 274//331
f  212//335 274//331 203//334
f  201//243 279//336 205//249
f  280//337 281//338 278//339
f  201//243 278//339 281//338
f  207//340 204//248 282//341
f  205//249 282//341 204//248
f  279//336 283//342 205//249
f  282//341 205//249 283//342
f  284//343 280//337 130//161
f  113//132 130//161 280//337
f  283//344 285//345 282//346
f  209//254 282//346 285//345
f  206//347 207//348 209//254
f  282//346 209//254 207//348
f  206//347 209//254 211//256
f  208//253 211//256 209//254
f  211//349 202//350 206//250
f  204//251 206//250 202//350
f  285//345 217//262 209//254
f  210//255 209//254 217//262
f  215//260 267//314 213//258
f  212//257 213//258 274//321
f  89//313 267//314 119//148
f  215//260 119//148 267//314
f  31//34 119//148 216//261
f  215//260 216//261 119//148
f  286//351 287//352 288//353
f  218//263 288//353 287//352
f  289//354 286//351 290//355
f  288//353 290//355 286//351
f  287//352 291//356 218//263
f  219//264 218//263 291//356
f  292//357 220//265 291//356
f  221//266 291//356 220//265
f  291//356 221//266 219//264
f  220//265 292//357 28//31
f  125//154 28//31 292//357
f  293//358 289//359 294//360
f  290//361 294//360 289//359
f  295//362 293//358 296//363
f  294//360 296//363 293//358
f  131//162 297//364 130//161
f  284//343 130//161 297//364
f  296//363 284//343 295//362
f  297//364 295//362 284//343
f  298//365 133//164 299//366
f  132//163 299//366 133//164
f  300//367 299//366 132//163
f  301//368 298//365 302//369
f  299//366 302//369 298//365
f  303//370 304//371 299//366
f  302//369 299//366 304//371
f  302//369 305//372 301//368
f  306//373 301//368 305//372
f  302//369 304//371 305//372
f  307//374 305//372 304//371
f  305//372 222//267 306//373
f  224//269 306//373 222//267
f  225//270 305//372 307//374
f  227//272 226//271 223//268
f  224//269 223//268 226//271
f  308//375 309//376 228//273
f  226//271 228//273 309//376
f  308//375 228//273 310//377
f  229//274 310//377 228//273
f  227//272 223//268 229//274
f  225//270 229//274 223//268
f  308//375 311//378 309//376
f  312//379 309//376 311//378
f  311//378 308//375 313//380
f  310//377 313//380 308//375
f  314//381 315//382 152//183
f  40//43 152//183 315//382
f  312//379 311//378 314//381
f  315//382 314//381 311//378
f  313//380 230//275 311//378
f  315//382 311//378 230//275
f  240//285 230//275 245//290
f  313//380 245//290 230//275
f  233//278 245//290 310//377
f  313//380 310//377 245//290
f  233//278 310//377 231//276
f  229//274 231//276 310//377
f  225//270 234//279 229//274
f  231//276 229//274 234//279
f  316//383 230//275 240//285
f  234//279 225//270 317//384
f  307//374 317//384 225//270
f  304//371 238//283 307//374
f  317//384 307//374 238//283
f  303//370 236//281 304//371
f  238//283 304//371 236//281
f  157//188 318//385 137//168
f  300//367 137//168 318//385
f  316//383 240//285 239//284
f  233//278 246//291 245//290
f  317//384 319//386 234//279
f  235//280 234//279 319//386
f  317//384 238//283 319//386
f  237//282 319//386 238//283
f  247//292 320//387 237//282
f  319//386 237//282 320//387
f  320//387 321//388 319//386
f  235//280 319//386 321//388
f  322//389 232//277 321//388
f  235//280 321//388 232//277
f  323//390 246//291 322//389
f  232//277 322//389 246//291
f  239//284 324//391 158//189
f  166//197 158//189 324//391
f  241//286 324//391 239//284
f  324//391 165//196 166//197
f  325//392 244//289 324//391
f  243//288 168//199 244//289
f  165//196 244//289 168//199
f  326//393 169//201 243//394
f  168//200 243//394 169//201
f  327//395 328//396 243//394
f  326//393 243//394 328//396
f  327//397 243//288 329//398
f  242//287 329//398 243//288
f  326//393 330//399 169//201
f  174//208 169//201 330//399
f  328//396 331//400 326//393
f  330//399 326//393 331//400
f  329//398 242//287 332//401
f  325//392 332//401 242//287
f  332//401 325//392 333//402
f  241//286 333//402 325//392
f  333//402 241//286 323//390
f  246//291 323//390 241//286
f  174//208 330//399 179//213
f  248//293 179//213 330//399
f  330//399 331//400 249//294
f  180//214 179//213 250//295
f  248//293 250//295 179//213
f  334//403 335//404 328//396
f  331//400 328//396 335//404
f  336//405 334//403 327//395
f  328//396 327//395 334//403
f  335//404 337//406 331//400
f  249//294 331//400 337//406
f  337//406 338//407 249//294
f  247//292 249//294 338//407
f  339//408 332//401 340//409
f  333//402 340//409 332//401
f  341//410 329//398 339//408
f  332//401 339//408 329//398
f  340//409 333//402 342//411
f  323//390 342//411 333//402
f  342//411 323//390 343//412
f  322//389 343//412 323//390
f  343//412 322//389 344//413
f  321//388 344//413 322//389
f  344//413 321//388 345//414
f  320//387 345//414 321//388
f  345//414 320//387 338//407
f  247//292 338//407 320//387
f  336//415 327//397 341//410
f  329//398 341//410 327//397
f  211//349 212//335 202//350
f  203//334 202//350 212//335
f  318//385 180//214 250//295
f  94//100 68//71 271//318
f  253//298 271//318 68//71
f  193//229 251//416 66//230
f  193//229 254//417 251//416
f  193//229 259//418 254//417
f  193//229 262//419 259//418
f  193//229 265//420 262//419
f  193//229 81//235 265//420
f  152//421 153//422 125//423
f  124//424 125//423 153//422
f  152//421 125//423 314//425
f  292//426 314//425 125//423
f  153//422 148//427 124//424
f  123//428 124//424 148//427
f  314//425 292//426 312//429
f  291//430 312//429 292//426
f  148//427 145//431 123//428
f  120//432 123//428 145//431
f  312//429 291//430 309//433
f  287//434 309//433 291//430
f  120//432 145//431 121//435
f  37//436 121//435 145//431
f  287//434 286//437 309//433
f  226//438 309//433 286//437
f  121//435 37//436 122//439
f  34//440 122//439 37//436
f  286//437 289//441 226//438
f  224//442 226//438 289//441
f  142//443 127//444 34//445
f  122//446 34//445 127//444
f  306//447 224//448 293//449
f  289//450 293//449 224//448
f  139//451 128//452 142//443
f  127//444 142//443 128//452
f  301//453 306//447 295//454
f  293//449 295//454 306//447
f  135//455 129//456 139//451
f  128//452 139//451 129//456
f  133//457 131//458 135//455
f  129//456 135//455 131//458
f  298//459 301//453 297//460
f  295//454 297//460 301//453
f  133//457 298//459 131//458
f  297//460 131//458 298//459
f  346//461 347//462 348//463
f  349//464 346//461 348//463
f  350//465 349//464 348//463
f  351//466 350//465 348//463
f  352//467 351//466 348//463
f  347//462 352//467 348//463
f  353//468 354//469 355//470
f  356//471 355//470 354//469
f  355//470 356//471 357//472
f  358//473 357//472 356//471
f  357//474 358//475 359//476
f  360//477 359//476 358//475
f  359//476 360//477 361//478
f  362//479 361//478 360//477
f  361//478 362//479 363//480
f  364//481 363//480 362//479
f  363//480 364//481 353//468
f  354//469 353//468 364//481
f  365//482 366//483 367//484
f  368//485 367//484 366//483
f  367//484 368//485 369//486
f  370//487 369//486 368//485
f  371//488 369//489 372//490
f  370//491 372//490 369//489
f  373//492 371//488 374//493
f  372//490 374//493 371//488
f  373//492 374//493 375//494
f  376//495 375//494 374//493
f  375//494 376//495 365//482
f  366//483 365//482 376//495
f  354//469 377//496 356//471
f  378//497 356//471 377//496
f  356//471 378//497 358//473
f  379//498 358//473 378//497
f  360//477 358//475 380//499
f  379//500 380//499 358//475
f  362//479 360//477 381//501
f  380//499 381//501 360//477
f  362//479 381//501 364//481
f  382//502 364//481 381//501
f  364//481 382//502 354//469
f  377//496 354//469 382//502
f  377//496 365//482 378//497
f  367//484 378//497 365//482
f  378//497 367//484 379//498
f  369//486 379//498 367//484
f  380//499 379//500 371//488
f  369//489 371//488 379//500
f  381//501 380//499 373//492
f  371//488 373//492 380//499
f  381//501 373//492 382//502
f  375//494 382//502 373//492
f  382//502 375//494 377//496
f  365//482 377//496 375//494
f  383//503 353//504 355//505
f  383//503 355//505 357//506
f  383//503 357//506 359//507
f  383//503 359//507 361//508
f  383//503 361//508 363//509
f  383//503 363//509 353//504
f  366//483 347//510 368//485
f  346//511 368//485 347//510
f  368//485 346//511 370//487
f  349//512 370//487 346//511
f  372//490 370//491 350//513
f  349//514 350//513 370//491
f  374//493 372//490 351//515
f  350//513 351//515 372//490
f  374//493 351//515 376//495
f  352//516 376//495 351//515
f  376//495 352//516 366//483
f  347//510 366//483 352//516
f  384//517 385//518 386//519
f  387//520 384//517 386//519
f  388//521 387//520 386//519
f  389//522 388//521 386//519
f  390//523 389//522 386//519
f  385//518 390//523 386//519
f  391//524 392//525 393//526
f  394//527 393//526 392//525
f  393//526 394//527 395//528
f  396//529 395//528 394//527
f  395//528 396//529 397//530
f  398//531 397//530 396//529
f  397//532 398//533 399//534
f  400//535 399//534 398//533
f  399//534 400//535 401//536
f  402//537 401//536 400//535
f  401//536 402//537 391//524
f  392//525 391//524 402//537
f  403//538 404//539 405//540
f  406//541 405//540 404//539
f  405//540 406//541 407//542
f  408//543 407//542 406//541
f  409//544 407//542 410//545
f  408//543 410//545 407//542
f  411//546 409//547 412//548
f  410//549 412//548 409//547
f  411//546 412//548 413//550
f  414//551 413//550 412//548
f  413//550 414//551 403//538
f  404//539 403//538 414//551
f  392//525 415//552 394//527
f  416//553 394//527 415//552
f  394//527 416//553 396//529
f  417//554 396//529 416//553
f  398//531 396//529 418//555
f  417//554 418//555 396//529
f  400//535 398//533 419//556
f  418//557 419//556 398//533
f  400//535 419//556 402//537
f  420//558 402//537 419//556
f  402//537 420//558 392//525
f  415//552 392//525 420//558
f  415//552 403//538 416//553
f  405//540 416//553 403//538
f  416//553 405//540 417//554
f  407//542 417//554 405//540
f  418//555 417//554 409//544
f  407//542 409//544 417//554
f  419//556 418//557 411//546
f  409//547 411//546 418//557
f  419//556 411//546 420//558
f  413//550 420//558 411//546
f  420//558 413//550 415//552
f  403//538 415//552 413//550
f  421//559 391//560 393//561
f  421//559 393//561 395//562
f  421//559 395//562 397//563
f  421//559 397//563 399//564
f  421//559 399//564 401//565
f  421//559 401//565 391//560
f  404//539 385//566 406//541
f  384//567 406//541 385//566
f  406//541 384//567 408//543
f  387//568 408//543 384//567
f  410//545 408//543 388//569
f  387//568 388//569 408//543
f  412//548 410//549 389//570
f  388//571 389//570 410//549
f  412//548 389//570 414//551
f  390//572 414//551 389//570
f  414//551 390//572 404//539
f  385//566 404//539 390//572
f  422//573 423//574 424//575
f  423//574 425//576 424//575
f  425//576 426//577 424//575
f  426//577 427//578 424//575
f  427//578 428//579 424//575
f  428//579 422//573 424//575
f  429//580 430//581 431//582
f  432//583 431//582 430//581
f  433//584 429//580 434//585
f  431//582 434//585 429//580
f  435//586 433//587 436//588
f  434//589 436//588 433//587
f  437//590 435//586 438//591
f  436//588 438//591 435//586
f  439//592 437//590 440//593
f  438//591 440//593 437//590
f  430//581 439//592 432//583
f  440//593 432//583 439//592
f  441//594 442//595 443//596
f  444//597 443//596 442//595
f  445//598 441//594 446//599
f  443//596 446//599 441//594
f  445//600 446//601 447//602
f  448//603 447//602 446//601
f  447//602 448//603 449//604
f  450//605 449//604 448//603
f  451//606 449//604 452//607
f  450//605 452//607 449//604
f  442//595 451//606 444//597
f  452//607 444//597 451//606
f  453//608 454//609 429//580
f  430//581 429//580 454//609
f  455//610 453//608 433//584
f  429//580 433//584 453//608
f  455//611 433//587 456//612
f  435//586 456//612 433//587
f  456//612 435//586 457//613
f  437//590 457//613 435//586
f  458//614 457//613 439//592
f  437//590 439//592 457//613
f  454//609 458//614 430//581
f  439//592 430//581 458//614
f  443//596 444//597 453//608
f  454//609 453//608 444//597
f  446//599 443//596 455//610
f  453//608 455//610 443//596
f  446//601 455//611 448//603
f  456//612 448//603 455//611
f  448//603 456//612 450//605
f  457//613 450//605 456//612
f  452//607 450//605 458//614
f  457//613 458//614 450//605
f  444//597 452//607 454//609
f  458//614 454//609 452//607
f  432//615 459//616 431//617
f  431//617 459//616 434//618
f  434//618 459//616 436//619
f  436//619 459//616 438//620
f  438//620 459//616 440//621
f  440//621 459//616 432//615
f  423//622 422//623 441//594
f  442//595 441//594 422//623
f  425//624 423//622 445//598
f  441//594 445//598 423//622
f  425//625 445//600 426//626
f  447//602 426//626 445//600
f  426//626 447//602 427//627
f  449//604 427//627 447//602
f  428//628 427//627 451//606
f  449//604 451//606 427//627
f  422//623 428//628 442//595
f  451//606 442//595 428//628
f  460//629 461//630 462//631
f  461//630 463//632 462//631
f  463//632 464//633 462//631
f  464//633 465//634 462//631
f  465//634 466//635 462//631
f  466//635 460//629 462//631
f  467//636 468//637 469//638
f  470//639 469//638 468//637
f  471//640 467//636 472//641
f  469//638 472//641 467//636
f  473//642 471//640 474//643
f  472//641 474//643 471//640
f  475//644 473//645 476//646
f  474//647 476//646 473//645
f  477//648 475//644 478//649
f  476//646 478//649 475//644
f  468//637 477//648 470//639
f  478//649 470//639 477//648
f  479//650 480//651 481//652
f  482//653 481//652 480//651
f  483//654 479//650 484//655
f  481//652 484//655 479//650
f  483//654 484//655 485//656
f  486//657 485//656 484//655
f  485//658 486//659 487//660
f  488//661 487//660 486//659
f  489//662 487//660 490//663
f  488//661 490//663 487//660
f  480//651 489//662 482//653
f  490//663 482//653 489//662
f  491//664 492//665 467//636
f  468//637 467//636 492//665
f  493//666 491//664 471//640
f  467//636 471//640 491//664
f  493//666 471//640 494//667
f  473//642 494//667 471//640
f  494//668 473//645 495//669
f  475//644 495//669 473//645
f  496//670 495//669 477//648
f  475//644 477//648 495//669
f  492//665 496//670 468//637
f  477//648 468//637 496//670
f  481//652 482//653 491//664
f  492//665 491//664 482//653
f  484//655 481//652 493//666
f  491//664 493//666 481//652
f  484//655 493//666 486//657
f  494//667 486//657 493//666
f  486//659 494//668 488//661
f  495//669 488//661 494//668
f  490//663 488//661 496//670
f  495//669 496//670 488//661
f  482//653 490//663 492//665
f  496//670 492//665 490//663
f  470//671 497//672 469//673
f  469//673 497//672 472//674
f  472//674 497//672 474//675
f  474//675 497//672 476//676
f  476//676 497//672 478//677
f  478//677 497//672 470//671
f  461//678 460//679 479//650
f  480//651 479//650 460//679
f  463//680 461//678 483//654
f  479//650 483//654 461//678
f  463//680 483//654 464//681
f  485//656 464//681 483//654
f  464//682 485//658 465//683
f  487//660 465//683 485//658
f  466//684 465//683 489//662
f  487//660 489//662 465//683
f  460//679 466//684 480//651
f  489//662 480//651 466//684
f  498//685 499//686 500//687
f  501//688 500//687 499//686
f  502//689 498//685 503//690
f  500//687 503//690 498//685
f  499//686 504//691 501//688
f  505//692 501//688 504//691
f  506//693 499//686 507//694
f  498//685 507//694 499//686
f  508//695 509//696 510//697
f  504//691 510//697 509//696
f  510//697 504//691 506//693
f  499//686 506//693 504//691
f  511//698 512//699 513//700
f  514//701 513//700 512//699
f  515//702 516//703 517//704
f  518//705 517//704 516//703
f  517//704 518//705 511//698
f  512//699 511//698 518//705
f  519//706 506//693 520//707
f  507//694 520//707 506//693
f  521//708 508//695 522//709
f  510//697 522//709 508//695
f  522//709 510//697 519//706
f  506//693 519//706 510//697
f  512//699 519//706 514//701
f  520//707 514//701 519//706
f  518//705 516//703 522//709
f  521//708 522//709 516//703
f  518//705 522//709 512//699
f  519//706 512//699 522//709
f  513//710 523//711 511//712
f  524//713 523//711 513//710
f  511//712 523//711 517//714
f  504//691 509//696 505//692
f  525//715 505//692 509//696
f  498//685 502//689 507//694
f  526//716 507//694 502//689
f  514//701 527//717 513//700
f  524//718 513//700 527//717
f  507//694 526//716 520//707
f  528//719 520//707 526//716
f  514//701 520//707 527//717
f  528//719 527//717 520//707
f  517//714 523//711 515//720
f  529//721 530//722 531//723
f  532//724 531//723 530//722
f  531//723 532//724 503//690
f  502//689 503//690 532//724
f  533//725 534//726 529//721
f  530//722 529//721 534//726
f  532//724 530//722 535//727
f  536//728 535//727 530//722
f  534//726 509//729 537//730
f  508//731 537//730 509//729
f  530//722 534//726 536//728
f  537//730 536//728 534//726
f  538//732 539//733 540//734
f  541//735 540//734 539//733
f  542//736 516//737 543//738
f  515//739 543//738 516//737
f  539//733 542//736 541//735
f  543//738 541//735 542//736
f  535//727 536//728 544//740
f  545//741 544//740 536//728
f  537//730 508//731 546//742
f  521//743 546//742 508//731
f  536//728 537//730 545//741
f  546//742 545//741 537//730
f  544//740 545//741 538//732
f  539//733 538//732 545//741
f  521//743 516//737 546//742
f  542//736 546//742 516//737
f  545//741 546//742 539//733
f  542//736 539//733 546//742
f  523//711 540//744 541//745
f  523//711 524//713 540//744
f  523//711 541//745 543//746
f  525//747 509//729 533//725
f  534//726 533//725 509//729
f  526//716 502//689 535//727
f  532//724 535//727 502//689
f  524//718 527//717 540//734
f  538//732 540//734 527//717
f  528//719 526//716 544//740
f  535//727 544//740 526//716
f  528//719 544//740 527//717
f  538//732 527//717 544//740
f  523//711 543//746 515//720
f  547//748 548//749 549//750
f  549//750 550//751 547//748
f  551//752 552//753 553//754
f  554//755 555//756 556//757
f  557//758 556//757 555//756
f  558//759 559//760 557//758
f  556//757 557//758 559//760
f  551//752 560//761 552//753
f  557//758 561//762 562//763
f  563//764 564//765 565//766
f  564//765 563//764 566//767
f  567//768 568//769 569//770
f  563//764 570//771 566//767
f  571//772 572//773 573//774
f  571//772 573//774 574//775
f  571//772 574//775 575//776
f  571//772 575//776 576//777
f  571//772 576//777 577//778
f  578//779 579//780 580//781
f  578//779 581//782 582//783
f  578//779 583//784 581//782
f  578//779 584//785 583//784
f  578//779 580//781 584//785
f  585//786 586//787 587//788
f  588//789 587//788 586//787
f  586//787 589//790 588//789
f  590//791 588//789 589//790
f  587//788 588//789 591//792
f  592//793 591//792 588//789
f  547//748 585//786 548//749
f  587//788 548//749 585//786
f  548//749 587//788 554//755
f  591//792 554//755 587//788
f  549//750 548//749 556//757
f  554//755 556//757 548//749
f  551//752 553//754 549//750
f  550//751 549//750 553//754
f  559//760 551//752 556//757
f  549//750 556//757 551//752
f  555//756 593//794 561//762
f  594//795 561//762 593//794
f  595//796 593//794 592//793
f  591//792 592//793 593//794
f  560//761 551//752 596//797
f  597//798 596//797 551//752
f  551//752 559//760 597//798
f  598//799 597//798 559//760
f  558//759 599//800 600//801
f  601//802 600//801 599//800
f  596//797 597//798 602//803
f  603//804 602//803 597//798
f  597//798 598//799 603//804
f  604//805 603//804 598//799
f  605//806 606//807 601//802
f  600//801 601//802 606//807
f  607//808 608//809 603//804
f  602//803 603//804 608//809
f  603//804 604//805 607//808
f  609//810 607//808 604//805
f  610//811 608//809 611//812
f  607//808 611//812 608//809
f  612//813 611//812 609//810
f  607//808 609//810 611//812
f  611//812 613//814 610//811
f  614//815 610//811 613//814
f  613//814 611//812 615//816
f  612//813 615//816 611//812
f  616//817 614//818 617//819
f  613//820 617//819 614//818
f  617//819 613//820 618//821
f  615//822 618//821 613//820
f  619//823 606//807 620//824
f  605//806 620//824 606//807
f  621//825 622//826 620//824
f  619//823 620//824 622//826
f  622//826 623//827 612//813
f  615//816 612//813 623//827
f  623//828 624//829 615//822
f  618//821 615//822 624//829
f  590//791 617//819 625//830
f  618//821 625//830 617//819
f  624//829 626//831 618//821
f  625//830 618//821 626//831
f  589//790 616//817 590//791
f  617//819 590//791 616//817
f  588//789 590//791 592//793
f  625//830 592//793 590//791
f  626//831 595//796 625//830
f  592//793 625//830 595//796
f  594//795 627//832 564//765
f  628//833 564//765 627//832
f  629//834 567//768 627//832
f  628//833 627//832 567//768
f  564//765 566//767 594//795
f  561//762 594//795 566//767
f  566//767 630//835 561//762
f  562//763 561//762 630//835
f  572//773 599//800 630//835
f  562//763 630//835 599//800
f  571//772 601//802 572//773
f  599//800 572//773 601//802
f  601//802 571//772 605//806
f  631//836 605//806 571//772
f  620//824 605//806 578//779
f  631//836 578//779 605//806
f  578//779 582//783 620//824
f  621//825 620//824 582//783
f  632//837 621//825 633//838
f  582//783 633//838 621//825
f  632//839 633//840 634//841
f  635//842 634//841 633//840
f  567//768 629//834 635//842
f  634//841 635//842 629//834
f  564//765 628//833 565//766
f  636//843 565//766 628//833
f  569//770 636//843 567//768
f  628//833 567//768 636//843
f  566//767 570//771 630//835
f  637//844 630//835 570//771
f  573//774 572//773 637//844
f  630//835 637//844 572//773
f  577//778 638//845 571//772
f  631//836 571//772 638//845
f  579//780 578//779 638//845
f  631//836 638//845 578//779
f  582//783 581//782 633//838
f  639//846 633//838 581//782
f  640//847 635//842 639//848
f  633//840 639//848 635//842
f  568//769 567//768 640//847
f  635//842 640//847 567//768
f  641//849 642//850 643//851
f  644//852 645//853 643//854
f  643//854 645//853 641//855
f  646//856 647//857 642//858
f  647//857 646//856 648//859
f  649//860 645//853 644//852
f  650//861 651//862 652//863
f  652//863 651//862 653//864
f  654//865 655//866 656//867
f  655//866 657//868 656//867
f  658//869 659//870 654//871
f  655//872 654//871 659//870
f  658//869 660//873 659//870
f  657//874 645//853 649//860
f  657//868 655//866 661//875
f  661//876 645//853 657//874
f  662//877 645//853 661//876
f  663//878 664//879 665//880
f  665//881 666//882 667//883
f  666//882 665//881 664//884
f  666//882 668//885 667//883
f  669//886 664//879 670//887
f  670//888 651//862 669//889
f  669//889 651//862 671//890
f  664//879 663//878 670//887
f  653//864 651//862 670//888
f  671//890 651//862 672//891
f  672//891 651//862 673//892
f  664//884 674//893 666//882
f  659//870 675//894 655//872
f  676//895 645//853 662//877
f  677//896 645//853 676//895
f  678//897 679//898 660//873
f  668//885 680//899 681//900
f  674//893 682//901 666//882
f  659//870 683//902 675//894
f  684//903 685//904 686//905
f  687//906 684//903 686//905
f  686//905 688//907 687//906
f  689//908 645//853 677//896
f  690//909 688//910 691//911
f  691//911 692//912 690//909
f  683//902 693//913 685//914
f  688//910 694//915 695//916
f  695//916 691//911 688//910
f  696//917 697//918 698//919
f  697//918 696//917 699//920
f  700//921 698//919 697//918
f  697//922 701//923 700//924
f  699//925 701//923 697//922
f  692//926 700//924 702//927
f  692//926 702//927 689//928
f  703//929 704//930 705//931
f  703//929 706//932 704//930
f  707//933 705//931 708//934
f  705//931 704//930 708//934
f  709//935 699//925 707//936
f  710//937 709//935 707//936
f  711//938 712//939 682//901
f  704//940 713//941 714//942
f  713//941 715//943 714//942
f  713//941 711//944 715//943
f  673//892 651//862 710//945
f  710//945 651//862 709//946
f  702//947 645//853 689//908
f  699//925 716//948 701//923
f  717//949 701//923 716//948
f  716//948 699//925 709//935
f  709//946 651//862 716//950
f  716//950 651//862 717//951
f  701//923 718//952 700//924
f  718//952 701//923 719//953
f  702//927 700//924 718//952
f  718//954 645//853 702//947
f  719//955 645//853 718//954
f  701//923 717//949 719//953
f  720//956 645//853 719//955
f  717//951 651//862 721//957
f  722//958 645//853 720//956
f  721//957 651//862 723//959
f  723//959 651//862 724//960
f  641//855 645//853 722//958
f  650//961 725//962 724//963
f  724//960 651//862 650//861
f  647//964 644//965 642//850
f  643//851 642//850 644//965
f  726//966 646//856 725//967
f  642//968 725//967 646//856
f  642//850 641//849 725//962
f  724//963 725//962 641//849
f  649//969 644//965 727//970
f  647//964 727//970 644//965
f  647//857 648//859 727//971
f  728//972 727//971 648//859
f  729//973 730//974 726//966
f  646//856 726//966 730//974
f  731//975 648//859 730//974
f  646//856 730//974 648//859
f  732//976 731//975 729//973
f  730//974 729//973 731//975
f  732//976 729//973 733//977
f  726//966 733//977 729//973
f  733//977 726//966 734//978
f  725//979 734//978 726//966
f  735//980 731//975 736//981
f  732//976 736//981 731//975
f  648//859 731//975 728//972
f  735//980 728//972 731//975
f  737//982 736//981 733//977
f  732//976 733//977 736//981
f  738//983 737//982 734//978
f  733//977 734//978 737//982
f  650//961 652//984 725//962
f  734//985 725//962 652//984
f  738//986 734//985 653//987
f  652//984 653//987 734//985
f  727//971 728//972 656//988
f  739//989 656//988 728//972
f  739//989 728//972 740//990
f  735//980 740//990 728//972
f  656//988 739//989 654//871
f  658//869 654//871 739//989
f  658//869 739//989 741//991
f  740//990 741//991 739//989
f  660//873 658//869 678//897
f  741//991 678//897 658//869
f  662//992 661//875 675//993
f  655//866 675//993 661//875
f  738//983 663//994 737//982
f  742//995 737//982 663//994
f  742//995 743//996 737//982
f  736//981 737//982 743//996
f  742//995 663//994 667//883
f  665//881 667//883 663//994
f  667//883 744//997 742//995
f  743//996 742//995 744//997
f  744//997 667//883 681//900
f  668//885 681//900 667//883
f  671//998 674//999 669//886
f  664//879 669//886 674//999
f  736//981 743//996 735//980
f  740//990 735//980 743//996
f  740//990 743//996 741//991
f  744//997 741//991 743//996
f  744//997 681//900 741//991
f  678//897 741//991 681//900
f  672//1000 745//1001 671//998
f  674//999 671//998 745//1001
f  746//1002 715//943 745//1003
f  711//944 745//1003 715//943
f  673//892 747//1004 672//891
f  746//1002 672//891 747//1004
f  675//993 748//1005 662//992
f  676//1006 662//992 748//1005
f  675//894 685//914 748//1007
f  749//1008 676//895 748//1009
f  750//1010 749//1008 687//906
f  684//903 687//906 749//1008
f  681//900 680//899 678//897
f  679//898 678//897 680//899
f  680//899 668//885 682//901
f  666//882 682//901 668//885
f  679//898 683//902 660//873
f  659//870 660//873 683//902
f  751//1011 752//1012 680//899
f  679//898 680//899 752//1012
f  712//939 751//1011 682//901
f  680//899 682//901 751//1011
f  693//913 752//1012 753//1013
f  754//1014 753//1013 752//1012
f  750//1010 687//906 690//1015
f  688//907 690//1015 687//906
f  693//913 755//1016 685//914
f  686//1017 685//914 755//1016
f  756//1018 757//1019 758//1020
f  753//1013 758//1020 757//1019
f  759//1021 760//1022 757//1019
f  761//1023 757//1019 760//1022
f  762//1024 754//1014 763//1025
f  764//1026 763//1025 754//1014
f  764//1026 765//1027 763//1025
f  766//1028 763//1025 765//1027
f  763//1025 767//1029 762//1024
f  768//1030 762//1024 767//1029
f  763//1025 766//1028 767//1029
f  769//1031 767//1029 766//1028
f  762//1024 768//1030 758//1020
f  770//1032 758//1020 768//1030
f  771//1033 758//1020 770//1032
f  758//1020 771//1033 756//1018
f  772//1034 756//1018 771//1033
f  773//1035 756//1018 774//1036
f  772//1034 774//1036 756//1018
f  759//1021 757//1019 773//1035
f  756//1018 773//1035 757//1019
f  775//1037 773//1035 776//1038
f  774//1036 776//1038 773//1035
f  777//1039 759//1021 775//1037
f  773//1035 775//1037 759//1021
f  778//1040 775//1037 779//1041
f  776//1038 779//1041 775//1037
f  778//1040 780//1042 775//1037
f  777//1039 775//1037 780//1042
f  778//1040 779//1041 781//1043
f  782//1044 781//1043 779//1041
f  780//1042 778//1040 783//1045
f  781//1043 783//1045 778//1040
f  784//1046 760//1022 777//1039
f  759//1021 777//1039 760//1022
f  785//1047 784//1046 780//1042
f  777//1039 780//1042 784//1046
f  783//1045 786//1048 780//1042
f  785//1047 780//1042 786//1048
f  695//916 787//1049 691//911
f  698//919 691//911 787//1049
f  696//917 698//919 788//1050
f  787//1049 788//1050 698//919
f  705//931 696//917 703//929
f  788//1050 703//929 696//917
f  707//936 708//1051 710//937
f  673//1052 710//937 708//1051
f  789//1053 713//1054 704//930
f  765//1027 712//939 790//1055
f  789//1056 790//1055 712//939
f  791//1057 769//1031 766//1028
f  766//1028 792//1058 791//1057
f  793//1059 791//1057 792//1058
f  781//1043 782//1044 792//1060
f  793//1061 792//1060 782//1044
f  719//953 717//949 720//1062
f  721//1063 720//1062 717//949
f  723//1064 722//1065 721//1063
f  720//1062 721//1063 722//1065
f  727//970 656//867 649//969
f  657//868 649//969 656//867
f  653//987 670//887 738//986
f  663//878 738//986 670//887
f  674//893 711//938 682//901
f  692//926 689//928 690//1066
f  677//1067 690//1066 689//928
f  754//1014 762//1024 753//1013
f  758//1020 753//1013 762//1024
f  705//931 707//933 696//917
f  699//920 696//917 707//933
f  691//911 698//919 692//912
f  700//921 692//912 698//919
f  747//1004 673//892 708//1068
f  724//963 641//849 723//1064
f  722//1065 723//1064 641//849
f  792//1060 790//1069 781//1043
f  783//1045 781//1043 790//1069
f  765//1027 790//1055 766//1028
f  792//1058 766//1028 790//1055
f  565//1070 794//1071 563//1072
f  568//1073 794//1071 569//1074
f  563//1072 794//1071 570//1075
f  573//1076 794//1071 574//1077
f  574//1077 794//1071 575//1078
f  575//1078 794//1071 576//1079
f  576//1079 794//1071 577//1080
f  579//1081 794//1071 580//1082
f  583//1083 794//1071 581//1084
f  584//1085 794//1071 583//1083
f  580//1082 794//1071 584//1085
f  636//1086 794//1071 565//1070
f  569//1074 794//1071 636//1086
f  570//1075 794//1071 637//1087
f  637//1087 794//1071 573//1076
f  577//1080 794//1071 638//1088
f  638//1088 794//1071 579//1081
f  581//1084 794//1071 639//1089
f  639//1089 794//1071 640//1090
f  640//1090 794//1071 568//1073
f  767//1091 795//1092 768//1093
f  796//1094 768//1093 795//1092
f  769//1095 797//1096 767//1091
f  795//1092 767//1091 797//1096
f  768//1093 796//1094 770//1097
f  798//1098 770//1097 796//1094
f  770//1097 798//1098 771//1099
f  799//1100 771//1099 798//1098
f  771//1099 799//1100 772//1101
f  800//1102 772//1101 799//1100
f  772//1101 800//1102 774//1103
f  801//1104 774//1103 800//1102
f  774//1103 801//1104 776//1105
f  802//1106 776//1105 801//1104
f  776//1105 802//1106 779//1107
f  803//1108 779//1107 802//1106
f  779//1107 803//1108 782//1109
f  804//1110 782//1109 803//1108
f  791//1111 805//1112 769//1095
f  797//1096 769//1095 805//1112
f  793//1113 806//1114 791//1111
f  805//1112 791//1111 806//1114
f  782//1109 804//1110 793//1113
f  806//1114 793//1113 804//1110
f  795//1092 807//1115 796//1094
f  797//1096 807//1115 795//1092
f  796//1094 807//1115 798//1098
f  798//1098 807//1115 799//1100
f  799//1100 807//1115 800//1102
f  800//1102 807//1115 801//1104
f  801//1104 807//1115 802//1106
f  802//1106 807//1115 803//1108
f  803//1108 807//1115 804//1110
f  805//1112 807//1115 797//1096
f  806//1114 807//1115 805//1112
f  804//1110 807//1115 806//1114
f  550//751 808//1116 547//748
f  809//1117 547//748 808//1116
f  552//753 810//1118 553//754
f  811//1119 553//754 810//1118
f  560//761 812//1120 552//753
f  810//1118 552//753 812//1120
f  585//786 813//1121 586//787
f  814//1122 586//787 813//1121
f  586//787 814//1122 589//790
f  815//1123 589//790 814//1122
f  547//748 809//1117 585//786
f  813//1121 585//786 809//1117
f  553//754 811//1119 550//751
f  808//1116 550//751 811//1119
f  596//797 816//1124 560//761
f  812//1120 560//761 816//1124
f  602//803 817//1125 596//797
f  816//1124 596//797 817//1125
f  608//809 818//1126 602//803
f  817//1125 602//803 818//1126
f  610//811 819//1127 608//809
f  818//1126 608//809 819//1127
f  614//815 820//1128 610//811
f  819//1127 610//811 820//1128
f  616//817 821//1129 614//818
f  820//1130 614//818 821//1129
f  589//790 815//1123 616//817
f  821//1129 616//817 815//1123
f  808//1131 822//1132 809//1133
f  810//1134 822//1132 811//1135
f  812//1136 822//1132 810//1134
f  813//1137 822//1132 814//1138
f  814//1138 822//1132 815//1139
f  809//1133 822//1132 813//1137
f  811//1135 822//1132 808//1131
f  816//1140 822//1132 812//1136
f  817//1141 822//1132 816//1140
f  818//1142 822//1132 817//1141
f  819//1143 822//1132 818//1142
f  820//1144 822//1132 819//1143
f  821//1145 822//1132 820//1144
f  815//1139 822//1132 821//1145
f  823//1146 824//1147 825//1148
f  826//1149 825//1148 824//1147
f  827//1150 828//1151 829//1152
f  830//1153 831//1154 832//1155
f  833//1156 832//1155 831//1154
f  834//1157 830//1153 835//1158
f  832//1155 835//1158 830//1153
f  836//1159 828//1151 827//1150
f  837//1160 830//1153 838//1161
f  839//1162 840//1163 841//1164
f  840//1163 839//1162 842//1165
f  843//1166 844//1167 845//1168
f  846//1169 840//1163 842//1165
f  847//1170 848//1171 849//1172
f  849//1172 848//1171 850//1173
f  850//1173 848//1171 851//1174
f  851//1174 848//1171 852//1175
f  852//1175 848//1171 853//1176
f  854//1177 855//1178 856//1179
f  857//1180 855//1178 858//1181
f  859//1182 855//1178 857//1180
f  860//1183 855//1178 859//1182
f  856//1179 855//1178 860//1183
f  861//1184 862//1185 863//1186
f  864//1187 863//1186 862//1185
f  865//1188 866//1189 861//1184
f  862//1185 861//1184 866//1189
f  867//1190 861//1184 868//1191
f  863//1186 868//1191 861//1184
f  863//1186 864//1187 823//1146
f  824//1147 823//1146 864//1187
f  868//1191 863//1186 833//1156
f  823//1146 833//1156 863//1186
f  833//1156 823//1146 832//1155
f  825//1148 832//1155 823//1146
f  828//1151 825//1148 829//1152
f  826//1149 829//1152 825//1148
f  825//1148 828//1151 832//1155
f  835//1158 832//1155 828//1151
f  869//1192 870//1193 837//1160
f  831//1154 837//1160 870//1193
f  868//1191 870//1193 867//1190
f  871//1194 867//1190 870//1193
f  872//1195 828//1151 873//1196
f  836//1159 873//1196 828//1151
f  874//1197 835//1158 872//1195
f  828//1151 872//1195 835//1158
f  834//1157 875//1198 876//1199
f  877//1200 876//1199 875//1198
f  878//1201 872//1195 879//1202
f  873//1196 879//1202 872//1195
f  880//1203 874//1197 878//1201
f  872//1195 878//1201 874//1197
f  875//1198 881//1204 877//1200
f  882//1205 877//1200 881//1204
f  879//1202 883//1206 878//1201
f  884//1207 878//1201 883//1206
f  885//1208 880//1203 884//1207
f  878//1201 884//1207 880//1203
f  884//1207 883//1206 886//1209
f  887//1210 886//1209 883//1206
f  884//1207 886//1209 885//1208
f  888//1211 885//1208 886//1209
f  889//1212 890//1213 887//1210
f  886//1209 887//1210 890//1213
f  888//1211 886//1209 891//1214
f  890//1213 891//1214 886//1209
f  890//1215 889//1216 892//1217
f  893//1218 892//1217 889//1216
f  891//1219 890//1215 894//1220
f  892//1217 894//1220 890//1215
f  895//1221 896//1222 881//1204
f  882//1205 881//1204 896//1222
f  895//1221 897//1223 896//1222
f  898//1224 896//1222 897//1223
f  891//1214 899//1225 888//1211
f  897//1223 888//1211 899//1225
f  894//1220 900//1226 891//1219
f  899//1227 891//1219 900//1226
f  894//1220 892//1217 901//1228
f  865//1188 901//1228 892//1217
f  901//1228 902//1229 894//1220
f  900//1226 894//1220 902//1229
f  892//1217 893//1218 865//1188
f  866//1189 865//1188 893//1218
f  901//1228 865//1188 867//1190
f  861//1184 867//1190 865//1188
f  867//1190 871//1194 901//1228
f  902//1229 901//1228 871//1194
f  903//1230 904//1231 839//1162
f  869//1192 839//1162 904//1231
f  903//1230 844//1167 904//1231
f  905//1232 904//1231 844//1167
f  837//1160 842//1165 869//1192
f  839//1162 869//1192 842//1165
f  838//1161 906//1233 837//1160
f  842//1165 837//1160 906//1233
f  838//1161 876//1199 906//1233
f  847//1170 906//1233 876//1199
f  876//1199 877//1200 847//1170
f  848//1171 847//1170 877//1200
f  907//1234 848//1171 882//1205
f  877//1200 882//1205 848//1171
f  907//1234 882//1205 855//1178
f  896//1222 855//1178 882//1205
f  898//1224 858//1181 896//1222
f  855//1178 896//1222 858//1181
f  858//1181 898//1224 908//1235
f  909//1236 908//1235 898//1224
f  910//1237 908//1238 911//1239
f  909//1240 911//1239 908//1238
f  911//1239 905//1232 910//1237
f  844//1167 910//1237 905//1232
f  912//1241 903//1230 841//1164
f  839//1162 841//1164 903//1230
f  903//1230 912//1241 844//1167
f  845//1168 844//1167 912//1241
f  913//1242 846//1169 906//1233
f  842//1165 906//1233 846//1169
f  906//1233 847//1170 913//1242
f  849//1172 913//1242 847//1170
f  907//1234 914//1243 848//1171
f  853//1176 848//1171 914//1243
f  907//1234 855//1178 914//1243
f  854//1177 914//1243 855//1178
f  915//1244 857//1180 908//1235
f  858//1181 908//1235 857//1180
f  908//1238 910//1237 915//1245
f  916//1246 915//1245 910//1237
f  910//1237 844//1167 916//1246
f  843//1166 916//1246 844//1167
f  917//1247 918//1248 919//1249
f  920//1250 921//1251 919//1252
f  920//1250 919//1252 918//1253
f  922//1254 923//1255 917//1256
f  923//1255 922//1254 924//1257
f  920//1250 925//1258 921//1251
f  926//1259 927//1260 928//1261
f  926//1259 928//1261 929//1262
f  930//1263 931//1264 932//1265
f  933//1266 930//1263 932//1265
f  934//1267 935//1268 931//1269
f  931//1269 930//1270 934//1267
f  936//1271 935//1268 934//1267
f  920//1250 933//1272 925//1258
f  930//1263 933//1266 937//1273
f  920//1250 937//1274 933//1272
f  920//1250 938//1275 937//1274
f  939//1276 940//1277 941//1278
f  942//1279 941//1280 943//1281
f  941//1280 942//1279 939//1282
f  944//1283 942//1279 943//1281
f  939//1276 945//1284 946//1285
f  926//1259 946//1286 945//1287
f  926//1259 945//1287 947//1288
f  940//1277 939//1276 946//1285
f  926//1259 929//1262 946//1286
f  926//1259 947//1288 948//1289
f  926//1259 948//1289 949//1290
f  950//1291 939//1282 942//1279
f  951//1292 934//1267 930//1270
f  920//1250 952//1293 938//1275
f  920//1250 953//1294 952//1293
f  954//1295 955//1296 936//1271
f  956//1297 944//1283 957//1298
f  958//1299 950//1291 942//1279
f  959//1300 934//1267 951//1292
f  960//1301 961//1302 962//1303
f  961//1302 963//1304 962//1303
f  964//1305 962//1303 963//1304
f  920//1250 965//1306 953//1294
f  964//1307 966//1308 967//1309
f  968//1310 967//1309 966//1308
f  969//1311 959//1300 960//1312
f  970//1313 964//1307 971//1314
f  967//1309 971//1314 964//1307
f  972//1315 973//1316 974//1317
f  973//1316 972//1315 975//1318
f  974//1317 976//1319 972//1315
f  977//1320 972//1321 976//1322
f  977//1320 975//1323 972//1321
f  976//1322 968//1324 978//1325
f  978//1325 968//1324 965//1326
f  979//1327 980//1328 981//1329
f  982//1330 980//1328 979//1327
f  981//1329 983//1331 984//1332
f  979//1327 981//1329 984//1332
f  975//1323 985//1333 983//1334
f  985//1333 986//1335 983//1334
f  987//1336 988//1337 958//1299
f  989//1338 979//1339 990//1340
f  991//1341 989//1338 990//1340
f  988//1342 989//1338 991//1341
f  926//1259 949//1290 986//1343
f  926//1259 986//1343 985//1344
f  920//1250 978//1345 965//1306
f  992//1346 975//1323 977//1320
f  977//1320 993//1347 992//1346
f  975//1323 992//1346 985//1333
f  926//1259 985//1344 992//1348
f  926//1259 992//1348 993//1349
f  994//1350 977//1320 976//1322
f  977//1320 994//1350 995//1351
f  976//1322 978//1325 994//1350
f  920//1250 994//1352 978//1345
f  920//1250 995//1353 994//1352
f  993//1347 977//1320 995//1351
f  920//1250 996//1354 995//1353
f  926//1259 993//1349 997//1355
f  920//1250 998//1356 996//1354
f  926//1259 997//1355 999//1357
f  926//1259 999//1357 1000//1358
f  920//1250 918//1253 998//1356
f  1001//1359 927//1360 1000//1361
f  926//1259 1000//1358 927//1260
f  919//1249 921//1362 917//1247
f  922//1363 917//1247 921//1362
f  917//1364 923//1255 1001//1365
f  1002//1366 1001//1365 923//1255
f  1000//1361 918//1248 1001//1359
f  917//1247 1001//1359 918//1248
f  922//1363 921//1362 1003//1367
f  925//1368 1003//1367 921//1362
f  1004//1369 924//1257 1003//1370
f  922//1254 1003//1370 924//1257
f  923//1255 1005//1371 1002//1366
f  1006//1372 1002//1366 1005//1371
f  923//1255 924//1257 1005//1371
f  1007//1373 1005//1371 924//1257
f  1005//1371 1007//1373 1006//1372
f  1008//1374 1006//1372 1007//1373
f  1002//1366 1006//1372 1009//1375
f  1008//1374 1009//1375 1006//1372
f  1001//1376 1002//1366 1010//1377
f  1009//1375 1010//1377 1002//1366
f  1008//1374 1007//1373 1011//1378
f  1012//1379 1011//1378 1007//1373
f  1012//1379 1007//1373 1004//1369
f  924//1257 1004//1369 1007//1373
f  1008//1374 1011//1378 1009//1375
f  1013//1380 1009//1375 1011//1378
f  1009//1375 1013//1380 1010//1377
f  1014//1381 1010//1377 1013//1380
f  1010//1382 928//1383 1001//1359
f  927//1360 1001//1359 928//1383
f  928//1383 1010//1382 929//1384
f  1014//1385 929//1384 1010//1382
f  1015//1386 1004//1369 932//1387
f  1003//1370 932//1387 1004//1369
f  1012//1379 1004//1369 1016//1388
f  1015//1386 1016//1388 1004//1369
f  935//1268 1015//1386 931//1269
f  932//1387 931//1269 1015//1386
f  1016//1388 1015//1386 1017//1389
f  935//1268 1017//1389 1015//1386
f  1017//1389 935//1268 955//1296
f  936//1271 955//1296 935//1268
f  930//1263 937//1273 951//1390
f  938//1391 951//1390 937//1273
f  1018//1392 940//1393 1013//1380
f  1014//1381 1013//1380 940//1393
f  1011//1378 1019//1394 1013//1380
f  1018//1392 1013//1380 1019//1394
f  941//1280 940//1393 943//1281
f  1018//1392 943//1281 940//1393
f  1019//1394 1020//1395 1018//1392
f  943//1281 1018//1392 1020//1395
f  944//1283 943//1281 957//1298
f  1020//1395 957//1298 943//1281
f  939//1276 950//1396 945//1284
f  947//1397 945//1284 950//1396
f  1016//1388 1019//1394 1012//1379
f  1011//1378 1012//1379 1019//1394
f  1020//1395 1019//1394 1017//1389
f  1016//1388 1017//1389 1019//1394
f  955//1296 957//1298 1017//1389
f  1020//1395 1017//1389 957//1298
f  950//1396 1021//1398 947//1397
f  948//1399 947//1397 1021//1398
f  988//1342 991//1341 1021//1400
f  1022//1401 1021//1400 991//1341
f  1022//1401 1023//1402 948//1289
f  949//1290 948//1289 1023//1402
f  952//1403 1024//1404 938//1391
f  951//1390 938//1391 1024//1404
f  960//1312 951//1292 1024//1405
f  960//1301 1024//1406 961//1302
f  1025//1407 961//1302 1024//1406
f  961//1302 1025//1407 963//1304
f  1026//1408 963//1304 1025//1407
f  954//1295 956//1297 955//1296
f  957//1298 955//1296 956//1297
f  942//1279 944//1283 958//1299
f  956//1297 958//1299 944//1283
f  934//1267 959//1300 936//1271
f  954//1295 936//1271 959//1300
f  1027//1409 956//1297 1028//1410
f  954//1295 1028//1410 956//1297
f  956//1297 1027//1409 958//1299
f  987//1336 958//1299 1027//1409
f  969//1311 1029//1411 1028//1410
f  1030//1412 1028//1410 1029//1411
f  964//1305 963//1304 966//1413
f  1026//1408 966//1413 963//1304
f  962//1414 1031//1415 960//1312
f  969//1311 960//1312 1031//1415
f  1029//1411 1032//1416 1033//1417
f  1034//1418 1033//1417 1032//1416
f  1035//1419 1036//1420 1032//1416
f  1037//1421 1032//1416 1036//1420
f  1038//1422 1030//1412 1039//1423
f  1040//1424 1039//1423 1030//1412
f  1041//1425 1042//1426 1039//1423
f  1038//1422 1039//1423 1042//1426
f  1043//1427 1044//1428 1040//1424
f  1039//1423 1040//1424 1044//1428
f  1045//1429 1041//1425 1044//1428
f  1039//1423 1044//1428 1041//1425
f  1046//1430 1043//1427 1033//1417
f  1040//1424 1033//1417 1043//1427
f  1033//1417 1047//1431 1046//1430
f  1048//1432 1047//1431 1034//1418
f  1033//1417 1034//1418 1047//1431
f  1048//1432 1034//1418 1049//1433
f  1050//1434 1049//1433 1034//1418
f  1034//1418 1032//1416 1050//1434
f  1037//1421 1050//1434 1032//1416
f  1049//1433 1050//1434 1051//1435
f  1052//1436 1051//1435 1050//1434
f  1050//1434 1037//1421 1052//1436
f  1053//1437 1052//1436 1037//1421
f  1051//1435 1052//1436 1054//1438
f  1055//1439 1054//1438 1052//1436
f  1053//1437 1056//1440 1052//1436
f  1055//1439 1052//1436 1056//1440
f  1057//1441 1054//1438 1058//1442
f  1055//1439 1058//1442 1054//1438
f  1058//1442 1055//1439 1059//1443
f  1056//1440 1059//1443 1055//1439
f  1037//1421 1036//1420 1053//1437
f  1060//1444 1053//1437 1036//1420
f  1053//1437 1060//1444 1056//1440
f  1061//1445 1056//1440 1060//1444
f  1061//1445 1062//1446 1056//1440
f  1059//1443 1056//1440 1062//1446
f  974//1317 1063//1447 967//1309
f  971//1314 967//1309 1063//1447
f  1063//1447 974//1317 1064//1448
f  973//1316 1064//1448 974//1317
f  1064//1448 973//1316 980//1328
f  981//1329 980//1328 973//1316
f  949//1449 984//1450 986//1335
f  983//1334 986//1335 984//1450
f  1065//1451 982//1330 979//1327
f  1065//1452 987//1336 1066//1453
f  1042//1426 1066//1453 987//1336
f  1045//1429 1067//1454 1041//1425
f  1068//1455 1069//1456 1067//1454
f  1041//1425 1067//1454 1069//1456
f  1068//1457 1057//1441 1069//1458
f  1058//1442 1069//1458 1057//1441
f  997//1459 993//1347 996//1460
f  995//1351 996//1460 993//1347
f  996//1460 998//1461 997//1459
f  999//1462 997//1459 998//1461
f  933//1266 932//1265 925//1368
f  1003//1367 925//1368 932//1265
f  940//1277 946//1285 1014//1385
f  929//1384 1014//1385 946//1285
f  988//1337 950//1291 958//1299
f  953//1463 965//1326 966//1464
f  968//1324 966//1464 965//1326
f  1033//1417 1040//1424 1029//1411
f  1030//1412 1029//1411 1040//1424
f  975//1318 983//1331 973//1316
f  981//1329 973//1316 983//1331
f  976//1319 974//1317 968//1310
f  967//1309 968//1310 974//1317
f  979//1339 984//1465 990//1340
f  1023//1402 990//1340 984//1465
f  998//1461 918//1248 999//1462
f  1000//1361 999//1462 918//1248
f  1059//1443 1066//1466 1058//1442
f  1069//1458 1058//1442 1066//1466
f  1069//1456 1066//1453 1041//1425
f  1042//1426 1041//1425 1066//1453
f  1070//1467 841//1468 840//1469
f  1070//1467 843//1470 845//1471
f  1070//1467 840//1469 846//1472
f  1070//1467 849//1473 850//1474
f  1070//1467 850//1474 851//1475
f  1070//1467 851//1475 852//1476
f  1070//1467 852//1476 853//1477
f  1070//1467 854//1478 856//1479
f  1070//1467 859//1480 857//1481
f  1070//1467 860//1482 859//1480
f  1070//1467 856//1479 860//1482
f  1070//1467 912//1483 841//1468
f  1070//1467 845//1471 912//1483
f  1070//1467 846//1472 913//1484
f  1070//1467 913//1484 849//1473
f  1070//1467 853//1477 914//1485
f  1070//1467 914//1485 854//1478
f  1070//1467 857//1481 915//1486
f  1070//1467 915//1486 916//1487
f  1070//1467 916//1487 843//1470
f  1071//1488 1072//1489 1043//1490
f  1044//1491 1043//1490 1072//1489
f  1072//1489 1073//1492 1044//1491
f  1045//1493 1044//1491 1073//1492
f  1074//1494 1071//1488 1046//1495
f  1043//1490 1046//1495 1071//1488
f  1075//1496 1074//1494 1047//1497
f  1046//1495 1047//1497 1074//1494
f  1076//1498 1075//1496 1048//1499
f  1047//1497 1048//1499 1075//1496
f  1077//1500 1076//1498 1049//1501
f  1048//1499 1049//1501 1076//1498
f  1078//1502 1077//1500 1051//1503
f  1049//1501 1051//1503 1077//1500
f  1079//1504 1078//1502 1054//1505
f  1051//1503 1054//1505 1078//1502
f  1080//1506 1079//1504 1057//1507
f  1054//1505 1057//1507 1079//1504
f  1073//1492 1081//1508 1045//1493
f  1067//1509 1045//1493 1081//1508
f  1081//1508 1082//1510 1067//1509
f  1068//1511 1067//1509 1082//1510
f  1082//1510 1080//1506 1068//1511
f  1057//1507 1068//1511 1080//1506
f  1083//1512 1072//1489 1071//1488
f  1083//1512 1073//1492 1072//1489
f  1083//1512 1071//1488 1074//1494
f  1083//1512 1074//1494 1075//1496
f  1083//1512 1075//1496 1076//1498
f  1083//1512 1076//1498 1077//1500
f  1083//1512 1077//1500 1078//1502
f  1083//1512 1078//1502 1079//1504
f  1083//1512 1079//1504 1080//1506
f  1083//1512 1081//1508 1073//1492
f  1083//1512 1082//1510 1081//1508
f  1083//1512 1080//1506 1082//1510
f  1084//1513 1085//1514 824//1147
f  826//1149 824//1147 1085//1514
f  1086//1515 1087//1516 829//1152
f  827//1150 829//1152 1087//1516
f  1087//1516 1088//1517 827//1150
f  836//1159 827//1150 1088//1517
f  1089//1518 1090//1519 862//1185
f  864//1187 862//1185 1090//1519
f  1091//1520 1089//1518 866//1189
f  862//1185 866//1189 1089//1518
f  1090//1519 1084//1513 864//1187
f  824//1147 864//1187 1084//1513
f  1085//1514 1086//1515 826//1149
f  829//1152 826//1149 1086//1515
f  1088//1517 1092//1521 836//1159
f  873//1196 836//1159 1092//1521
f  1092//1521 1093//1522 873//1196
f  879//1202 873//1196 1093//1522
f  1093//1522 1094//1523 879//1202
f  883//1206 879//1202 1094//1523
f  1094//1523 1095//1524 883//1206
f  887//1210 883//1206 1095//1524
f  1095//1524 1096//1525 887//1210
f  889//1212 887//1210 1096//1525
f  1096//1526 1097//1527 889//1216
f  893//1218 889//1216 1097//1527
f  1097//1527 1091//1520 893//1218
f  866//1189 893//1218 1091//1520
f  1098//1528 1085//1529 1084//1530
f  1098//1528 1087//1531 1086//1532
f  1098//1528 1088//1533 1087//1531
f  1098//1528 1090//1534 1089//1535
f  1098//1528 1089//1535 1091//1536
f  1098//1528 1084//1530 1090//1534
f  1098//1528 1086//1532 1085//1529
f  1098//1528 1092//1537 1088//1533
f  1098//1528 1093//1538 1092//1537
f  1098//1528 1094//1539 1093//1538
f  1098//1528 1095//1540 1094//1539
f  1098//1528 1096//1541 1095//1540
f  1098//1528 1097//1542 1096//1541
f  1098//1528 1091//1536 1097//1542
f  261//306 196//311 263//308
f  77//80 78//81 3//86
f  256//301 270//317 252//297
f  266//312 270//317 256//301
f  87//91 71//74 84//88
f  67//70 84//88 63//66
f  77//80 3//86 80//83
f  261//306 264//309 196//311
f  82//85 80//83 83//87
f  82//85 83//87 264//309
f  40//43 315//382 230//275
f  56//59 164//195 165//196
f  244//289 165//196 324//391
f  167//198 53//56 164//195
f  325//392 324//391 241//286
f  1099//1543 1100//1544 1101//1545
f  1102//1546 1103//1547 1104//1548
f  1103//1547 1102//1546 1105//1549
f  1106//1550 1107//1551 1108//1552
f  1106//1550 1105//1549 1107//1551
f  1109//1553 1110//1554 1111//1555
f  1112//1556 1113//1557 1114//1558
f  1113//1557 1112//1556 1115//1559
f  1115//1559 1111//1555 1113//1557
f  1111//1555 1115//1559 1109//1553
f  1116//1560 1117//1561 1118//1562
f  1119//1563 1118//1562 1120//1564
f  1118//1562 1119//1563 1116//1560
f  1121//1565 1122//1566 1123//1567
f  1124//1568 1125//1569 1122//1566
f  1122//1566 1121//1565 1124//1568
f  1126//1570 1127//1571 1128//1572
f  1126//1570 1128//1572 1129//1573
f  1126//1570 1129//1573 1130//1574
f  1126//1570 1130//1574 1131//1575
f  1126//1570 1131//1575 1132//1576
f  1126//1570 1132//1576 1133//1577
f  1126//1570 1133//1577 1134//1578
f  1126//1570 1134//1578 1135//1579
f  1126//1570 1135//1579 1136//1580
f  1126//1570 1136//1580 1137//1581
f  1126//1570 1137//1581 1138//1582
f  1126//1570 1138//1582 1127//1571
f  1105//1549 1106//1550 1103//1547
f  1139//1583 1140//1584 1141//1585
f  1142//1586 1141//1585 1140//1584
f  1139//1583 1141//1585 1143//1587
f  1144//1588 1143//1587 1141//1585
f  1139//1583 1145//1589 1140//1584
f  1146//1590 1140//1584 1145//1589
f  1139//1583 1143//1587 1145//1589
f  1147//1591 1145//1589 1143//1587
f  1141//1585 1142//1586 1148//1592
f  1149//1593 1148//1592 1142//1586
f  1149//1593 1150//1594 1148//1592
f  1151//1595 1148//1592 1150//1594
f  1148//1592 1151//1595 1152//1596
f  1153//1597 1152//1596 1151//1595
f  1141//1585 1148//1592 1144//1588
f  1152//1596 1144//1588 1148//1592
f  1140//1584 1146//1590 1104//1548
f  1154//1598 1104//1548 1146//1590
f  1140//1584 1104//1548 1142//1586
f  1103//1547 1142//1586 1104//1548
f  1142//1586 1103//1547 1149//1593
f  1106//1550 1149//1593 1103//1547
f  1150//1594 1149//1593 1108//1552
f  1106//1550 1108//1552 1149//1593
f  1100//1599 1099//1600 1145//1589
f  1146//1590 1145//1589 1099//1600
f  1100//1599 1145//1589 1101//1601
f  1147//1591 1101//1601 1145//1589
f  1154//1598 1146//1590 1155//1602
f  1099//1600 1155//1602 1146//1590
f  1156//1603 1155//1604 1101//1545
f  1099//1543 1101//1545 1155//1604
f  1155//1602 1157//1605 1154//1598
f  1158//1606 1154//1598 1157//1605
f  1104//1548 1154//1598 1102//1546
f  1158//1606 1102//1546 1154//1598
f  1159//1607 1157//1608 1156//1603
f  1155//1604 1156//1603 1157//1608
f  1158//1606 1157//1605 1160//1609
f  1161//1610 1160//1609 1157//1605
f  1159//1607 1162//1611 1157//1608
f  1161//1612 1157//1608 1162//1611
f  1102//1546 1158//1606 1123//1567
f  1160//1609 1123//1567 1158//1606
f  1102//1546 1123//1567 1105//1549
f  1122//1566 1105//1549 1123//1567
f  1108//1552 1107//1551 1130//1613
f  1131//1614 1130//1613 1107//1551
f  1108//1552 1130//1613 1150//1594
f  1129//1615 1150//1594 1130//1613
f  1105//1549 1122//1566 1107//1551
f  1125//1569 1107//1551 1122//1566
f  1107//1551 1125//1569 1131//1614
f  1132//1616 1131//1614 1125//1569
f  1150//1594 1129//1615 1151//1595
f  1128//1617 1151//1595 1129//1615
f  1151//1595 1128//1617 1153//1597
f  1127//1618 1153//1597 1128//1617
f  1113//1557 1152//1596 1114//1558
f  1153//1597 1114//1558 1152//1596
f  1144//1588 1152//1596 1111//1555
f  1113//1557 1111//1555 1152//1596
f  1143//1587 1144//1588 1110//1554
f  1111//1555 1110//1554 1144//1588
f  1143//1587 1110//1554 1147//1591
f  1163//1619 1147//1591 1110//1554
f  1163//1619 1156//1620 1147//1591
f  1101//1601 1147//1591 1156//1620
f  1153//1597 1127//1618 1114//1558
f  1138//1621 1114//1558 1127//1618
f  1110//1554 1109//1553 1163//1619
f  1164//1622 1163//1619 1109//1553
f  1164//1622 1159//1623 1163//1619
f  1156//1620 1163//1619 1159//1623
f  1114//1558 1138//1621 1112//1556
f  1137//1624 1112//1556 1138//1621
f  1115//1559 1112//1556 1118//1562
f  1120//1564 1118//1562 1112//1556
f  1112//1556 1137//1624 1120//1564
f  1136//1625 1120//1564 1137//1624
f  1109//1553 1115//1559 1117//1561
f  1118//1562 1117//1561 1115//1559
f  1117//1561 1165//1626 1109//1553
f  1164//1622 1109//1553 1165//1626
f  1159//1623 1164//1622 1162//1627
f  1165//1626 1162//1627 1164//1622
f  1116//1560 1166//1628 1117//1561
f  1165//1626 1117//1561 1166//1628
f  1120//1564 1136//1625 1119//1563
f  1135//1629 1119//1563 1136//1625
f  1121//1565 1123//1567 1167//1630
f  1160//1609 1167//1630 1123//1567
f  1168//1631 1167//1630 1161//1610
f  1160//1609 1161//1610 1167//1630
f  1125//1569 1124//1568 1132//1616
f  1133//1632 1132//1616 1124//1568
f  1167//1630 1168//1631 1169//1633
f  1170//1634 1169//1633 1168//1631
f  1166//1628 1171//1635 1165//1626
f  1162//1627 1165//1626 1171//1635
f  1116//1560 1119//1563 1172//1636
f  1173//1637 1172//1636 1119//1563
f  1119//1563 1135//1629 1173//1637
f  1134//1638 1173//1637 1135//1629
f  1121//1565 1172//1639 1124//1568
f  1173//1640 1124//1568 1172//1639
f  1171//1641 1170//1642 1162//1611
f  1161//1612 1162//1611 1170//1642
f  1170//1642 1168//1643 1161//1612
f  1124//1568 1173//1640 1133//1632
f  1134//1644 1133//1632 1173//1640
f  1167//1630 1169//1633 1121//1565
f  1172//1639 1121//1565 1169//1633
f  1169//1645 1170//1646 1166//1628
f  1171//1635 1166//1628 1170//1646
f  1116//1560 1172//1636 1166//1628
f  1169//1645 1166//1628 1172//1636
f  1174//1647 1175//1648 1176//1649
f  1175//1648 1177//1650 1176//1649
f  1177//1650 1178//1651 1176//1649
f  1178//1651 1179//1652 1176//1649
f  1179//1652 1180//1653 1176//1649
f  1180//1653 1174//1647 1176//1649
f  1181//1654 1182//1655 1183//1656
f  1184//1657 1181//1654 1183//1656
f  1185//1658 1184//1657 1183//1656
f  1186//1659 1185//1658 1183//1656
f  1187//1660 1186//1659 1183//1656
f  1182//1655 1187//1660 1183//1656
f  1188//1661 1189//1662 1190//1663
f  1191//1664 1190//1663 1189//1662
f  1192//1665 1188//1661 1193//1666
f  1190//1663 1193//1666 1188//1661
f  1194//1667 1192//1665 1195//1668
f  1193//1666 1195//1668 1192//1665
f  1196//1669 1194//1670 1197//1671
f  1195//1672 1197//1671 1194//1670
f  1198//1673 1196//1669 1199//1674
f  1197//1671 1199//1674 1196//1669
f  1189//1662 1198//1673 1191//1664
f  1199//1674 1191//1664 1198//1673
f  1200//1675 1201//1676 1202//1677
f  1203//1678 1202//1677 1201//1676
f  1204//1679 1200//1675 1205//1680
f  1202//1677 1205//1680 1200//1675
f  1206//1681 1204//1679 1207//1682
f  1205//1680 1207//1682 1204//1679
f  1208//1683 1206//1684 1209//1685
f  1207//1686 1209//1685 1206//1684
f  1210//1687 1208//1683 1211//1688
f  1209//1685 1211//1688 1208//1683
f  1201//1676 1210//1687 1203//1678
f  1211//1688 1203//1678 1210//1687
f  1212//1689 1213//1690 1214//1691
f  1215//1692 1214//1691 1213//1690
f  1213//1690 1216//1693 1215//1692
f  1217//1694 1215//1692 1216//1693
f  1216//1693 1218//1695 1217//1694
f  1219//1696 1217//1694 1218//1695
f  1218//1695 1220//1697 1219//1696
f  1221//1698 1219//1696 1220//1697
f  1220//1697 1222//1699 1221//1698
f  1223//1700 1221//1698 1222//1699
f  1222//1699 1212//1701 1223//1700
f  1214//1702 1223//1700 1212//1701
f  1224//1703 1225//1704 1226//1705
f  1227//1706 1226//1705 1225//1704
f  1225//1704 1228//1707 1227//1706
f  1229//1708 1227//1706 1228//1707
f  1228//1707 1230//1709 1229//1708
f  1231//1710 1229//1708 1230//1709
f  1230//1709 1232//1711 1231//1710
f  1233//1712 1231//1710 1232//1711
f  1232//1711 1234//1713 1233//1712
f  1235//1714 1233//1712 1234//1713
f  1234//1713 1224//1715 1235//1714
f  1226//1716 1235//1714 1224//1715
f  1236//1717 1237//1718 1188//1661
f  1189//1662 1188//1661 1237//1718
f  1238//1719 1236//1717 1192//1665
f  1188//1661 1192//1665 1236//1717
f  1239//1720 1238//1719 1194//1667
f  1192//1665 1194//1667 1238//1719
f  1240//1721 1239//1722 1196//1669
f  1194//1670 1196//1669 1239//1722
f  1241//1723 1240//1721 1198//1673
f  1196//1669 1198//1673 1240//1721
f  1237//1718 1241//1723 1189//1662
f  1198//1673 1189//1662 1241//1723
f  1202//1677 1203//1678 1236//1717
f  1237//1718 1236//1717 1203//1678
f  1205//1680 1202//1677 1238//1719
f  1236//1717 1238//1719 1202//1677
f  1207//1682 1205//1680 1239//1720
f  1238//1719 1239//1720 1205//1680
f  1209//1685 1207//1686 1240//1721
f  1239//1722 1240//1721 1207//1686
f  1211//1688 1209//1685 1241//1723
f  1240//1721 1241//1723 1209//1685
f  1203//1678 1211//1688 1237//1718
f  1241//1723 1237//1718 1211//1688
f  1214//1691 1215//1692 1242//1724
f  1243//1725 1242//1724 1215//1692
f  1215//1692 1217//1694 1243//1725
f  1244//1726 1243//1725 1217//1694
f  1217//1694 1219//1696 1244//1726
f  1245//1727 1244//1726 1219//1696
f  1219//1696 1221//1698 1245//1727
f  1246//1728 1245//1727 1221//1698
f  1221//1698 1223//1700 1246//1728
f  1247//1729 1246//1728 1223//1700
f  1223//1700 1214//1702 1247//1729
f  1242//1730 1247//1729 1214//1702
f  1242//1724 1243//1725 1224//1703
f  1225//1704 1224//1703 1243//1725
f  1243//1725 1244//1726 1225//1704
f  1228//1707 1225//1704 1244//1726
f  1244//1726 1245//1727 1228//1707
f  1230//1709 1228//1707 1245//1727
f  1245//1727 1246//1728 1230//1709
f  1232//1711 1230//1709 1246//1728
f  1246//1728 1247//1729 1232//1711
f  1234//1713 1232//1711 1247//1729
f  1247//1729 1242//1730 1234//1713
f  1224//1715 1234//1713 1242//1730
f  1175//1731 1174//1732 1200//1675
f  1201//1676 1200//1675 1174//1732
f  1177//1733 1175//1731 1204//1679
f  1200//1675 1204//1679 1175//1731
f  1178//1734 1177//1733 1206//1681
f  1204//1679 1206//1681 1177//1733
f  1179//1735 1178//1736 1208//1683
f  1206//1684 1208//1683 1178//1736
f  1180//1737 1179//1735 1210//1687
f  1208//1683 1210//1687 1179//1735
f  1174//1732 1180//1737 1201//1676
f  1210//1687 1201//1676 1180//1737
f  1191//1738 1248//1739 1190//1740
f  1190//1740 1248//1739 1193//1741
f  1193//1741 1248//1739 1195//1742
f  1195//1742 1248//1739 1197//1743
f  1197//1743 1248//1739 1199//1744
f  1199//1744 1248//1739 1191//1738
f  1182//1745 1181//1746 1212//1689
f  1213//1690 1212//1689 1181//1746
f  1181//1746 1184//1747 1213//1690
f  1216//1693 1213//1690 1184//1747
f  1184//1747 1185//1748 1216//1693
f  1218//1695 1216//1693 1185//1748
f  1185//1748 1186//1749 1218//1695
f  1220//1697 1218//1695 1186//1749
f  1186//1749 1187//1750 1220//1697
f  1222//1699 1220//1697 1187//1750
f  1187//1750 1182//1751 1222//1699
f  1212//1701 1222//1699 1182//1751
f  1227//1752 1249//1753 1226//1754
f  1229//1755 1249//1753 1227//1752
f  1231//1756 1249//1753 1229//1755
f  1233//1757 1249//1753 1231//1756
f  1235//1758 1249//1753 1233//1757
f  1226//1754 1249//1753 1235//1758
f  1250//1759 1251//1760 1252//1761
f  1251//1760 1250//1759 1253//1762
f  1254//1763 1255//1764 1256//1765
f  1257//1766 1258//1767 1259//1768
f  1260//1769 1252//1761 1261//1770
f  1260//1769 1261//1770 1262//1771
f  1263//1772 1262//1771 1264//1773
f  1265//1774 1266//1775 1267//1776
f  1266//1775 1268//1777 1269//1778
f  1268//1777 1270//1779 1269//1778
f  1271//1780 1272//1781 1273//1782
f  1268//1777 1274//1783 1270//1779
f  1275//1784 1276//1785 1277//1786
f  1270//1779 1274//1783 1278//1787
f  1279//1788 1278//1787 1280//1789
f  1279//1788 1270//1779 1278//1787
f  1281//1790 1282//1791 1283//1792
f  1280//1789 1284//1793 1285//1794
f  1286//1795 1280//1789 1285//1794
f  1286//1795 1279//1788 1280//1789
f  1283//1792 1287//1796 1288//1797
f  1281//1790 1283//1792 1288//1797
f  1289//1798 1290//1799 1251//1760
f  1269//1778 1267//1776 1266//1775
f  1262//1771 1263//1772 1260//1769
f  1260//1769 1250//1759 1252//1761
f  1291//1800 1292//1801 1293//1802
f  1289//1803 1294//1804 1295//1805
f  1296//1806 1297//1807 1298//1808
f  1299//1809 1300//1810 1301//1811
f  1302//1812 1303//1813 1304//1814
f  1294//1804 1305//1815 1295//1805
f  1306//1816 1286//1817 1285//1818
f  1306//1816 1307//1819 1286//1817
f  1308//1820 1309//1821 1310//1822
f  1311//1823 1312//1824 1313//1825
f  1314//1826 1315//1827 1316//1828
f  1286//1795 1317//1829 1279//1788
f  1316//1828 1303//1830 1317//1831
f  1318//1832 1292//1833 1311//1823
f  1253//1762 1318//1834 1294//1835
f  1317//1831 1319//1836 1320//1837
f  1320//1837 1316//1828 1317//1831
f  1319//1836 1307//1838 1321//1839
f  1322//1840 1323//1841 1318//1832
f  1318//1832 1311//1823 1322//1840
f  1324//1842 1305//1843 1323//1841
f  1319//1836 1321//1839 1325//1844
f  1326//1845 1324//1842 1323//1841
f  1327//1846 1328//1847 1329//1848
f  1328//1847 1327//1846 1315//1827
f  1312//1824 1310//1822 1309//1821
f  1252//1761 1251//1760 1256//1765
f  1330//1849 1256//1765 1251//1760
f  1287//1796 1330//1849 1251//1760
f  1256//1765 1255//1764 1252//1761
f  1254//1763 1331//1850 1332//1851
f  1254//1763 1332//1851 1255//1764
f  1257//1766 1332//1851 1258//1767
f  1258//1767 1332//1851 1331//1850
f  1261//1770 1252//1761 1333//1852
f  1255//1764 1333//1852 1252//1761
f  1255//1764 1332//1851 1333//1852
f  1333//1852 1332//1851 1257//1766
f  1257//1766 1261//1770 1333//1852
f  1262//1771 1261//1770 1259//1768
f  1257//1766 1259//1768 1261//1770
f  1264//1773 1262//1771 1334//1853
f  1259//1768 1334//1853 1262//1771
f  1335//1854 1264//1773 1336//1855
f  1334//1853 1336//1855 1264//1773
f  1263//1772 1264//1773 1337//1856
f  1335//1854 1337//1856 1264//1773
f  1338//1857 1335//1854 1339//1858
f  1336//1855 1339//1858 1335//1854
f  1337//1856 1335//1854 1340//1859
f  1338//1857 1340//1859 1335//1854
f  1338//1860 1339//1861 1265//1774
f  1341//1862 1265//1774 1339//1861
f  1338//1860 1265//1774 1340//1863
f  1267//1776 1340//1863 1265//1774
f  1265//1774 1341//1862 1266//1775
f  1342//1864 1266//1775 1341//1862
f  1266//1775 1342//1864 1268//1777
f  1272//1781 1268//1777 1342//1864
f  1271//1780 1268//1777 1272//1781
f  1273//1782 1343//1865 1344//1866
f  1273//1782 1344//1866 1271//1780
f  1274//1783 1268//1777 1345//1867
f  1271//1780 1345//1867 1268//1777
f  1277//1786 1344//1866 1343//1865
f  1277//1786 1276//1785 1344//1866
f  1276//1785 1345//1867 1344//1866
f  1274//1783 1345//1867 1278//1787
f  1276//1785 1278//1787 1345//1867
f  1275//1784 1278//1787 1276//1785
f  1278//1787 1275//1784 1280//1789
f  1346//1868 1280//1789 1275//1784
f  1282//1791 1280//1789 1346//1868
f  1281//1790 1284//1793 1282//1791
f  1280//1789 1282//1791 1284//1793
f  1288//1797 1287//1796 1290//1799
f  1251//1760 1290//1799 1287//1796
f  1281//1790 1288//1797 1284//1793
f  1290//1799 1284//1793 1288//1797
f  1284//1793 1290//1799 1285//1794
f  1289//1798 1285//1794 1290//1799
f  1347//1869 1348//1870 1267//1776
f  1340//1863 1267//1776 1348//1870
f  1348//1871 1349//1872 1340//1859
f  1337//1856 1340//1859 1349//1872
f  1263//1772 1337//1856 1350//1873
f  1349//1872 1350//1873 1337//1856
f  1347//1869 1267//1776 1351//1874
f  1269//1778 1351//1874 1267//1776
f  1350//1873 1352//1875 1263//1772
f  1260//1769 1263//1772 1352//1875
f  1353//1876 1250//1759 1352//1875
f  1260//1769 1352//1875 1250//1759
f  1293//1802 1253//1762 1353//1876
f  1250//1759 1353//1876 1253//1762
f  1306//1877 1285//1878 1295//1879
f  1289//1880 1295//1879 1285//1878
f  1299//1809 1301//1811 1298//1808
f  1296//1806 1298//1808 1301//1811
f  1297//1881 1296//1806 1300//1882
f  1301//1811 1300//1882 1296//1806
f  1354//1883 1355//1884 1308//1820
f  1309//1821 1308//1820 1355//1884
f  1354//1883 1356//1885 1355//1884
f  1357//1886 1355//1884 1356//1885
f  1356//1885 1354//1883 1329//1887
f  1308//1888 1329//1887 1354//1883
f  1356//1885 1329//1848 1357//1886
f  1328//1847 1357//1886 1329//1848
f  1303//1813 1292//1801 1304//1814
f  1291//1800 1304//1814 1292//1801
f  1298//1808 1306//1877 1299//1809
f  1295//1879 1299//1809 1306//1877
f  1297//1807 1307//1819 1298//1808
f  1306//1816 1298//1808 1307//1819
f  1300//1810 1299//1809 1305//1815
f  1295//1805 1305//1815 1299//1809
f  1297//1881 1300//1882 1307//1889
f  1305//1890 1307//1889 1300//1882
f  1328//1847 1309//1821 1357//1886
f  1355//1884 1357//1886 1309//1821
f  1308//1888 1310//1891 1329//1887
f  1327//1892 1329//1887 1310//1891
f  1313//1825 1314//1826 1358//1893
f  1359//1894 1358//1893 1314//1826
f  1313//1825 1358//1893 1311//1823
f  1322//1840 1311//1823 1358//1893
f  1315//1827 1314//1826 1312//1824
f  1313//1825 1312//1824 1314//1826
f  1320//1837 1359//1894 1316//1828
f  1314//1826 1316//1828 1359//1894
f  1303//1813 1302//1812 1317//1829
f  1279//1788 1317//1829 1302//1812
f  1302//1812 1360//1895 1279//1788
f  1270//1779 1279//1788 1360//1895
f  1327//1892 1310//1891 1303//1896
f  1292//1897 1303//1896 1310//1891
f  1327//1846 1303//1830 1315//1827
f  1316//1828 1315//1827 1303//1830
f  1358//1893 1359//1894 1326//1845
f  1325//1844 1326//1845 1359//1894
f  1325//1844 1359//1894 1319//1836
f  1320//1837 1319//1836 1359//1894
f  1321//1839 1307//1838 1324//1842
f  1305//1843 1324//1842 1307//1838
f  1360//1895 1351//1874 1270//1779
f  1269//1778 1270//1779 1351//1874
f  1271//1780 1344//1866 1345//1867
f  1289//1798 1251//1760 1294//1835
f  1253//1762 1294//1835 1251//1760
f  1253//1762 1293//1802 1318//1834
f  1292//1801 1318//1834 1293//1802
f  1317//1831 1286//1898 1319//1836
f  1307//1838 1319//1836 1286//1898
f  1310//1822 1312//1824 1292//1833
f  1311//1823 1292//1833 1312//1824
f  1305//1843 1294//1899 1323//1841
f  1318//1832 1323//1841 1294//1899
f  1323//1841 1322//1840 1326//1845
f  1358//1893 1326//1845 1322//1840
f  1321//1839 1324//1842 1325//1844
f  1326//1845 1325//1844 1324//1842
f  1315//1827 1312//1824 1328//1847
f  1309//1821 1328//1847 1312//1824
f  1256//1765 1361//1900 1254//1763
f  1258//1767 1362//1901 1259//1768
f  1363//1902 1259//1768 1362//1901
f  1272//1781 1364//1903 1273//1782
f  1365//1904 1273//1782 1364//1903
f  1277//1786 1366//1905 1275//1784
f  1282//1791 1367//1906 1283//1792
f  1368//1907 1283//1792 1367//1906
f  1283//1792 1368//1907 1287//1796
f  1369//1908 1287//1796 1368//1907
f  1330//1849 1370//1909 1256//1765
f  1361//1900 1256//1765 1370//1909
f  1287//1796 1369//1908 1330//1849
f  1370//1909 1330//1849 1369//1908
f  1254//1763 1361//1900 1331//1850
f  1371//1910 1331//1850 1361//1900
f  1331//1850 1371//1910 1258//1767
f  1362//1901 1258//1767 1371//1910
f  1259//1768 1363//1902 1334//1853
f  1372//1911 1334//1853 1363//1902
f  1334//1853 1372//1911 1336//1855
f  1373//1912 1336//1855 1372//1911
f  1336//1855 1373//1912 1339//1858
f  1374//1913 1339//1858 1373//1912
f  1339//1861 1374//1914 1341//1862
f  1375//1915 1341//1862 1374//1914
f  1341//1862 1375//1915 1342//1864
f  1376//1916 1342//1864 1375//1915
f  1342//1864 1376//1916 1272//1781
f  1364//1903 1272//1781 1376//1916
f  1273//1782 1365//1904 1343//1865
f  1377//1917 1343//1865 1365//1904
f  1343//1865 1377//1917 1277//1786
f  1366//1905 1277//1786 1377//1917
f  1275//1784 1366//1905 1346//1868
f  1378//1918 1346//1868 1366//1905
f  1346//1868 1378//1918 1282//1791
f  1367//1906 1282//1791 1378//1918
f  1362//1919 1379//1920 1363//1921
f  1364//1922 1379//1920 1365//1923
f  1367//1924 1379//1920 1368//1925
f  1368//1925 1379//1920 1369//1926
f  1370//1927 1379//1920 1361//1928
f  1369//1926 1379//1920 1370//1927
f  1361//1928 1379//1920 1371//1929
f  1371//1929 1379//1920 1362//1919
f  1363//1921 1379//1920 1372//1930
f  1372//1930 1379//1920 1373//1931
f  1373//1931 1379//1920 1374//1932
f  1374//1932 1379//1920 1375//1933
f  1375//1933 1379//1920 1376//1934
f  1376//1934 1379//1920 1364//1922
f  1365//1923 1379//1920 1377//1935
f  1377//1935 1379//1920 1366//1936
f  1366//1936 1379//1920 1378//1937
f  1378//1937 1379//1920 1367//1924
f  1293//1938 1380//1939 1291//1940
f  1304//1941 1380//1939 1302//1942
f  1347//1943 1380//1939 1348//1944
f  1348//1944 1380//1939 1349//1945
f  1349//1945 1380//1939 1350//1946
f  1351//1947 1380//1939 1347//1943
f  1350//1946 1380//1939 1352//1948
f  1352//1948 1380//1939 1353//1949
f  1353//1949 1380//1939 1293//1938
f  1291//1940 1380//1939 1304//1941
f  1302//1942 1380//1939 1360//1950
f  1360//1950 1380//1939 1351//1947
f  1381//1951 1382//1952 1383//1953
f  1381//1951 1384//1954 1385//1955
f  1386//1956 1383//1953 1387//1957
f  1388//1958 1389//1959 1390//1960
f  1389//1959 1388//1958 1391//1961
f  1392//1962 1393//1963 1394//1964
f  1384//1954 1395//1965 1396//1966
f  1396//1966 1397//1967 1384//1954
f  1398//1968 1399//1969 1400//1970
f  1401//1971 1390//1960 1402//1972
f  1388//1958 1390//1960 1401//1971
f  1403//1973 1404//1974 1405//1975
f  1406//1976 1407//1977 1408//1978
f  1407//1977 1406//1976 1409//1979
f  1407//1977 1410//1980 1408//1978
f  1411//1981 1409//1979 1412//1982
f  1413//1983 1414//1984 1415//1985
f  1416//1986 1415//1985 1417//1987
f  1416//1986 1413//1983 1415//1985
f  1417//1987 1418//1988 1416//1986
f  1412//1982 1419//1989 1411//1981
f  1419//1989 1412//1982 1420//1990
f  1421//1991 1396//1966 1413//1992
f  1422//1993 1413//1983 1416//1986
f  1413//1992 1422//1994 1421//1991
f  1396//1966 1423//1995 1397//1967
f  1396//1966 1421//1991 1423//1995
f  1416//1986 1424//1996 1422//1993
f  1416//1986 1425//1997 1424//1996
f  1424//1996 1425//1997 1426//1998
f  1427//1999 1428//2000 1429//2001
f  1427//1999 1426//1998 1425//1997
f  1425//1997 1430//2002 1427//1999
f  1427//1999 1430//2002 1428//2000
f  1431//2003 1430//2002 1432//2004
f  1432//2005 1433//2006 1434//2007
f  1435//2008 1436//2009 1437//2010
f  1430//2002 1431//2003 1428//2000
f  1438//2011 1439//2012 1440//2013
f  1441//2014 1442//2015 1443//2016
f  1405//1975 1444//2017 1403//1973
f  1444//2017 1405//1975 1393//1963
f  1393//1963 1445//2018 1444//2017
f  1441//2019 1446//2020 1447//2021
f  1393//1963 1392//1962 1445//2018
f  1392//1962 1391//1961 1448//2022
f  1449//2023 1448//2022 1391//1961
f  1388//1958 1450//2024 1391//1961
f  1449//2023 1391//1961 1450//2024
f  1451//2025 1452//2026 1453//2027
f  1454//2028 1453//2027 1452//2026
f  1454//2028 1452//2026 1455//2029
f  1456//2030 1455//2029 1452//2026
f  1457//2031 1458//2032 1459//2033
f  1460//2034 1459//2033 1458//2032
f  1408//1978 1459//2033 1406//1976
f  1460//2034 1406//1976 1459//2033
f  1458//2032 1381//1951 1460//2034
f  1383//1953 1460//2034 1381//1951
f  1460//2034 1383//1953 1406//1976
f  1386//1956 1406//1976 1383//1953
f  1458//2032 1457//2031 1395//1965
f  1399//1969 1395//1965 1457//2031
f  1381//1951 1389//2035 1382//1952
f  1394//2036 1382//1952 1389//2035
f  1381//1951 1385//1955 1389//2035
f  1390//2037 1389//2035 1385//1955
f  1383//1953 1382//1952 1393//2038
f  1394//2036 1393//2038 1382//1952
f  1383//1953 1393//2038 1387//1957
f  1405//2039 1387//1957 1393//2038
f  1389//1959 1391//1961 1394//1964
f  1392//1962 1394//1964 1391//1961
f  1384//1954 1402//2040 1385//1955
f  1390//2037 1385//1955 1402//2040
f  1384//1954 1397//1967 1402//2040
f  1461//2041 1402//2040 1397//1967
f  1395//1965 1399//1969 1414//2042
f  1398//1968 1414//2042 1399//1969
f  1453//2027 1454//2028 1461//2043
f  1402//2044 1461//2043 1454//2028
f  1455//2029 1402//2044 1454//2028
f  1386//1956 1387//1957 1404//2045
f  1405//2039 1404//2045 1387//1957
f  1386//1956 1404//2045 1462//2046
f  1463//2047 1462//2046 1404//2045
f  1462//2046 1409//1979 1386//1956
f  1406//1976 1386//1956 1409//1979
f  1463//2048 1404//1974 1464//2049
f  1403//1973 1464//2049 1404//1974
f  1407//1977 1465//2050 1410//1980
f  1466//2051 1410//1980 1465//2050
f  1409//1979 1411//1981 1407//1977
f  1465//2050 1407//1977 1411//1981
f  1409//1979 1462//2046 1412//1982
f  1467//2052 1412//1982 1462//2046
f  1463//2047 1468//2053 1462//2046
f  1467//2052 1462//2046 1468//2053
f  1468//2054 1463//2055 1469//2056
f  1464//2057 1469//2056 1463//2055
f  1465//2050 1470//2058 1466//2051
f  1471//2059 1466//2051 1470//2058
f  1411//1981 1419//1989 1465//2050
f  1470//2058 1465//2050 1419//1989
f  1470//2058 1472//2060 1471//2059
f  1473//2061 1471//2059 1472//2060
f  1419//1989 1417//1987 1470//2058
f  1472//2060 1470//2058 1417//1987
f  1472//2060 1474//2062 1473//2061
f  1475//2063 1473//2061 1474//2062
f  1415//1985 1474//2062 1417//1987
f  1472//2060 1417//1987 1474//2062
f  1474//2062 1398//2064 1475//2063
f  1400//2065 1475//2063 1398//2064
f  1417//1987 1419//1989 1418//1988
f  1420//1990 1418//1988 1419//1989
f  1429//2066 1461//2041 1427//2067
f  1397//1967 1427//2067 1461//2041
f  1397//1967 1426//2068 1427//2067
f  1461//2043 1429//2069 1453//2027
f  1476//2070 1453//2027 1429//2069
f  1477//2071 1425//1997 1418//1988
f  1416//1986 1418//1988 1425//1997
f  1418//1988 1420//1990 1477//2071
f  1478//2072 1477//2071 1420//1990
f  1420//1990 1412//1982 1478//2072
f  1467//2052 1478//2072 1412//1982
f  1468//2053 1435//2073 1467//2052
f  1478//2072 1467//2052 1435//2073
f  1435//2008 1468//2054 1436//2009
f  1469//2056 1436//2009 1468//2054
f  1421//2074 1479//2075 1423//2076
f  1480//2077 1423//2076 1479//2075
f  1426//2078 1423//2076 1481//2079
f  1480//2077 1481//2079 1423//2076
f  1422//2080 1482//2081 1421//2074
f  1479//2075 1421//2074 1482//2081
f  1422//2080 1424//2082 1482//2081
f  1483//2083 1482//2081 1424//2082
f  1426//2078 1481//2079 1424//2084
f  1483//2085 1424//2084 1481//2079
f  1428//2086 1484//2087 1429//2069
f  1476//2070 1429//2069 1484//2087
f  1425//1997 1477//2071 1430//2002
f  1432//2004 1430//2002 1477//2071
f  1432//2004 1477//2071 1435//2073
f  1478//2072 1435//2073 1477//2071
f  1432//2005 1435//2008 1433//2006
f  1437//2010 1433//2006 1435//2008
f  1432//2005 1434//2007 1431//2088
f  1485//2089 1431//2088 1434//2007
f  1428//2086 1431//2090 1484//2087
f  1486//2091 1484//2087 1431//2090
f  1431//2092 1485//2093 1401//1971
f  1388//1958 1401//1971 1485//2093
f  1486//2094 1431//2095 1455//2029
f  1401//2096 1455//2029 1431//2095
f  1487//2097 1488//2098 1489//2099
f  1490//2100 1489//2099 1488//2098
f  1438//2011 1491//2101 1488//2098
f  1490//2100 1488//2098 1491//2101
f  1489//2099 1483//2083 1487//2097
f  1439//2102 1487//2097 1483//2083
f  1481//2079 1440//2103 1483//2085
f  1439//2104 1483//2085 1440//2103
f  1403//1973 1492//2105 1464//2049
f  1493//2106 1464//2049 1492//2105
f  1494//2107 1469//2056 1495//2108
f  1493//2109 1495//2108 1469//2056
f  1441//2014 1494//2110 1442//2015
f  1495//2111 1442//2015 1494//2110
f  1496//2112 1492//2105 1444//2017
f  1403//1973 1444//2017 1492//2105
f  1497//2113 1496//2112 1445//2018
f  1444//2017 1445//2018 1496//2112
f  1441//2114 1443//2115 1446//2116
f  1498//2117 1446//2116 1443//2115
f  1469//2056 1494//2107 1436//2009
f  1441//2019 1436//2009 1494//2107
f  1447//2021 1437//2010 1441//2019
f  1436//2009 1441//2019 1437//2010
f  1499//2118 1433//2006 1447//2021
f  1437//2010 1447//2021 1433//2006
f  1500//2119 1447//2120 1498//2117
f  1446//2121 1498//2117 1447//2120
f  1500//2119 1501//2122 1447//2120
f  1499//2123 1447//2120 1501//2122
f  1445//2018 1392//1962 1497//2113
f  1448//2022 1497//2113 1392//1962
f  1502//2124 1503//2125 1501//2122
f  1499//2123 1501//2122 1503//2125
f  1433//2006 1499//2118 1434//2007
f  1503//2126 1434//2007 1499//2118
f  1503//2126 1504//2127 1434//2007
f  1485//2089 1434//2007 1504//2127
f  1450//2024 1388//1958 1485//2093
f  1505//2128 1486//2094 1506//2129
f  1456//2030 1506//2129 1486//2094
f  1507//2130 1508//2131 1509//2132
f  1510//2133 1509//2132 1508//2131
f  1451//2025 1476//2070 1508//2134
f  1510//2135 1508//2134 1476//2070
f  1507//2130 1509//2132 1506//2129
f  1505//2136 1506//2129 1509//2132
f  1484//2087 1509//2137 1476//2070
f  1510//2135 1476//2070 1509//2137
f  1395//1965 1384//1954 1458//2032
f  1381//1951 1458//2032 1384//1954
f  1395//1965 1414//2042 1396//1966
f  1413//1992 1396//1966 1414//2042
f  1415//1985 1414//1984 1474//2062
f  1398//2064 1474//2062 1414//1984
f  1481//2079 1491//2101 1440//2103
f  1438//2011 1440//2103 1491//2101
f  1439//2012 1438//2011 1487//2138
f  1488//2098 1487//2138 1438//2011
f  1503//2125 1502//2124 1504//2139
f  1511//2140 1504//2139 1502//2124
f  1484//2087 1486//2091 1509//2137
f  1505//2141 1509//2137 1486//2091
f  1480//2077 1491//2101 1481//2079
f  1480//2077 1479//2075 1491//2101
f  1490//2100 1491//2101 1479//2075
f  1479//2075 1482//2081 1490//2100
f  1489//2099 1490//2100 1482//2081
f  1482//2081 1483//2083 1489//2099
f  1498//2117 1443//2115 1500//2119
f  1401//2096 1402//2044 1455//2029
f  1507//2130 1452//2026 1508//2134
f  1451//2025 1508//2134 1452//2026
f  1507//2130 1506//2129 1452//2026
f  1456//2030 1452//2026 1506//2129
f  1502//2124 1449//2023 1511//2142
f  1450//2024 1511//2142 1449//2023
f  1502//2124 1501//2122 1449//2023
f  1448//2022 1449//2023 1501//2122
f  1501//2122 1500//2119 1448//2022
f  1497//2113 1448//2022 1500//2119
f  1500//2119 1443//2115 1497//2113
f  1496//2112 1497//2113 1443//2115
f  1443//2115 1442//2143 1496//2112
f  1492//2105 1496//2112 1442//2143
f  1442//2143 1495//2144 1492//2105
f  1493//2106 1492//2105 1495//2144
f  1464//2057 1493//2109 1469//2056
f  1504//2145 1511//2142 1485//2093
f  1450//2024 1485//2093 1511//2142
f  1455//2029 1456//2030 1486//2094
f  1453//2027 1476//2070 1451//2025
f  1512//2146 1513//2147 1514//2148
f  1515//2149 1516//2150 1517//2151
f  1516//2150 1515//2149 1518//2152
f  1519//2153 1520//2154 1521//2155
f  1518//2152 1520//2154 1519//2153
f  1522//2156 1523//2157 1524//2158
f  1525//2159 1526//2160 1527//2161
f  1526//2160 1525//2159 1528//2162
f  1524//2158 1528//2162 1525//2159
f  1528//2162 1524//2158 1523//2157
f  1529//2163 1530//2164 1531//2165
f  1531//2165 1532//2166 1533//2167
f  1532//2166 1531//2165 1530//2164
f  1534//2168 1535//2169 1536//2170
f  1537//2171 1538//2172 1534//2168
f  1535//2169 1534//2168 1538//2172
f  1539//2173 1540//2174 1541//2175
f  1541//2175 1540//2174 1542//2176
f  1542//2176 1540//2174 1543//2177
f  1543//2177 1540//2174 1544//2178
f  1544//2178 1540//2174 1545//2179
f  1545//2179 1540//2174 1546//2180
f  1546//2180 1540//2174 1547//2181
f  1547//2181 1540//2174 1548//2182
f  1548//2182 1540//2174 1549//2183
f  1549//2183 1540//2174 1550//2184
f  1550//2184 1540//2174 1551//2185
f  1551//2185 1540//2174 1539//2173
f  1520//2154 1518//2152 1515//2149
f  1552//2186 1553//2187 1554//2188
f  1555//2189 1554//2188 1553//2187
f  1556//2190 1554//2188 1557//2191
f  1555//2189 1557//2191 1554//2188
f  1558//2192 1559//2193 1553//2187
f  1555//2189 1553//2187 1559//2193
f  1560//2194 1557//2191 1559//2193
f  1555//2189 1559//2193 1557//2191
f  1561//2195 1552//2186 1562//2196
f  1554//2188 1562//2196 1552//2186
f  1563//2197 1564//2198 1562//2196
f  1561//2195 1562//2196 1564//2198
f  1565//2199 1563//2197 1566//2200
f  1562//2196 1566//2200 1563//2197
f  1566//2200 1562//2196 1556//2190
f  1554//2188 1556//2190 1562//2196
f  1567//2201 1558//2192 1517//2151
f  1553//2187 1517//2151 1558//2192
f  1515//2149 1517//2151 1552//2186
f  1553//2187 1552//2186 1517//2151
f  1520//2154 1515//2149 1561//2195
f  1552//2186 1561//2195 1515//2149
f  1520//2154 1561//2195 1521//2155
f  1564//2198 1521//2155 1561//2195
f  1558//2192 1513//2202 1559//2193
f  1512//2203 1559//2193 1513//2202
f  1560//2194 1559//2193 1514//2204
f  1512//2203 1514//2204 1559//2193
f  1513//2202 1558//2192 1568//2205
f  1567//2201 1568//2205 1558//2192
f  1513//2147 1568//2206 1514//2148
f  1569//2207 1514//2148 1568//2206
f  1570//2208 1571//2209 1567//2201
f  1568//2205 1567//2201 1571//2209
f  1570//2208 1567//2201 1516//2150
f  1517//2151 1516//2150 1567//2201
f  1568//2206 1571//2210 1569//2207
f  1572//2211 1569//2207 1571//2210
f  1573//2212 1571//2209 1574//2213
f  1570//2208 1574//2213 1571//2209
f  1573//2214 1575//2215 1571//2210
f  1572//2211 1571//2210 1575//2215
f  1574//2213 1570//2208 1536//2170
f  1516//2150 1536//2170 1570//2208
f  1534//2168 1536//2170 1518//2152
f  1516//2150 1518//2152 1536//2170
f  1544//2216 1519//2153 1543//2217
f  1521//2155 1543//2217 1519//2153
f  1542//2218 1543//2217 1564//2198
f  1521//2155 1564//2198 1543//2217
f  1537//2171 1534//2168 1519//2153
f  1518//2152 1519//2153 1534//2168
f  1545//2219 1537//2171 1544//2216
f  1519//2153 1544//2216 1537//2171
f  1541//2220 1542//2218 1563//2197
f  1564//2198 1563//2197 1542//2218
f  1539//2221 1541//2220 1565//2199
f  1563//2197 1565//2199 1541//2220
f  1565//2199 1566//2200 1527//2161
f  1525//2159 1527//2161 1566//2200
f  1525//2159 1566//2200 1524//2158
f  1556//2190 1524//2158 1566//2200
f  1524//2158 1556//2190 1522//2156
f  1557//2191 1522//2156 1556//2190
f  1576//2222 1522//2156 1560//2194
f  1557//2191 1560//2194 1522//2156
f  1514//2204 1569//2223 1560//2194
f  1576//2222 1560//2194 1569//2223
f  1551//2224 1539//2221 1527//2161
f  1565//2199 1527//2161 1539//2221
f  1577//2225 1523//2157 1576//2222
f  1522//2156 1576//2222 1523//2157
f  1569//2223 1572//2226 1576//2222
f  1577//2225 1576//2222 1572//2226
f  1550//2227 1551//2224 1526//2160
f  1527//2161 1526//2160 1551//2224
f  1533//2167 1526//2160 1531//2165
f  1528//2162 1531//2165 1526//2160
f  1549//2228 1550//2227 1533//2167
f  1526//2160 1533//2167 1550//2227
f  1531//2165 1528//2162 1529//2163
f  1523//2157 1529//2163 1528//2162
f  1577//2225 1578//2229 1523//2157
f  1529//2163 1523//2157 1578//2229
f  1578//2229 1577//2225 1575//2230
f  1572//2226 1575//2230 1577//2225
f  1578//2229 1579//2231 1529//2163
f  1530//2164 1529//2163 1579//2231
f  1548//2232 1549//2228 1532//2166
f  1533//2167 1532//2166 1549//2228
f  1574//2213 1536//2170 1580//2233
f  1535//2169 1580//2233 1536//2170
f  1574//2213 1580//2233 1573//2212
f  1581//2234 1573//2212 1580//2233
f  1546//2235 1538//2172 1545//2219
f  1537//2171 1545//2219 1538//2172
f  1582//2236 1581//2234 1583//2237
f  1580//2233 1583//2237 1581//2234
f  1575//2230 1584//2238 1578//2229
f  1579//2231 1578//2229 1584//2238
f  1585//2239 1532//2166 1586//2240
f  1530//2164 1586//2240 1532//2166
f  1547//2241 1548//2232 1585//2239
f  1532//2166 1585//2239 1548//2232
f  1585//2242 1586//2243 1538//2172
f  1535//2169 1538//2172 1586//2243
f  1573//2214 1582//2244 1575//2215
f  1584//2245 1575//2215 1582//2244
f  1581//2246 1582//2244 1573//2214
f  1547//2247 1585//2242 1546//2235
f  1538//2172 1546//2235 1585//2242
f  1586//2243 1583//2237 1535//2169
f  1580//2233 1535//2169 1583//2237
f  1584//2238 1582//2248 1579//2231
f  1583//2249 1579//2231 1582//2248
f  1583//2249 1586//2240 1579//2231
f  1530//2164 1579//2231 1586//2240
f  1587//2250 1588//2251 1589//2252
f  1590//2253 1587//2250 1589//2252
f  1591//2254 1590//2253 1589//2252
f  1592//2255 1591//2254 1589//2252
f  1593//2256 1592//2255 1589//2252
f  1588//2251 1593//2256 1589//2252
f  1594//2257 1595//2258 1596//2259
f  1595//2258 1597//2260 1596//2259
f  1597//2260 1598//2261 1596//2259
f  1598//2261 1599//2262 1596//2259
f  1599//2262 1600//2263 1596//2259
f  1600//2263 1594//2257 1596//2259
f  1601//2264 1602//2265 1603//2266
f  1604//2267 1603//2266 1602//2265
f  1603//2266 1604//2267 1605//2268
f  1606//2269 1605//2268 1604//2267
f  1605//2268 1606//2269 1607//2270
f  1608//2271 1607//2270 1606//2269
f  1607//2272 1608//2273 1609//2274
f  1610//2275 1609//2274 1608//2273
f  1609//2274 1610//2275 1611//2276
f  1612//2277 1611//2276 1610//2275
f  1611//2276 1612//2277 1601//2264
f  1602//2265 1601//2264 1612//2277
f  1613//2278 1614//2279 1615//2280
f  1616//2281 1615//2280 1614//2279
f  1615//2280 1616//2281 1617//2282
f  1618//2283 1617//2282 1616//2281
f  1617//2282 1618//2283 1619//2284
f  1620//2285 1619//2284 1618//2283
f  1619//2286 1620//2287 1621//2288
f  1622//2289 1621//2288 1620//2287
f  1621//2288 1622//2289 1623//2290
f  1624//2291 1623//2290 1622//2289
f  1623//2290 1624//2291 1613//2278
f  1614//2279 1613//2278 1624//2291
f  1625//2292 1626//2293 1627//2294
f  1628//2295 1627//2294 1626//2293
f  1629//2296 1630//2297 1625//2292
f  1626//2293 1625//2292 1630//2297
f  1631//2298 1632//2299 1629//2296
f  1630//2297 1629//2296 1632//2299
f  1633//2300 1634//2301 1631//2298
f  1632//2299 1631//2298 1634//2301
f  1635//2302 1636//2303 1633//2300
f  1634//2301 1633//2300 1636//2303
f  1627//2304 1628//2305 1635//2302
f  1636//2303 1635//2302 1628//2305
f  1637//2306 1638//2307 1639//2308
f  1640//2309 1639//2308 1638//2307
f  1641//2310 1642//2311 1637//2306
f  1638//2307 1637//2306 1642//2311
f  1643//2312 1644//2313 1641//2310
f  1642//2311 1641//2310 1644//2313
f  1645//2314 1646//2315 1643//2312
f  1644//2313 1643//2312 1646//2315
f  1647//2316 1648//2317 1645//2314
f  1646//2315 1645//2314 1648//2317
f  1639//2318 1640//2319 1647//2316
f  1648//2317 1647//2316 1640//2319
f  1602//2265 1649//2320 1604//2267
f  1650//2321 1604//2267 1649//2320
f  1604//2267 1650//2321 1606//2269
f  1651//2322 1606//2269 1650//2321
f  1606//2269 1651//2322 1608//2271
f  1652//2323 1608//2271 1651//2322
f  1608//2273 1652//2324 1610//2275
f  1653//2325 1610//2275 1652//2324
f  1610//2275 1653//2325 1612//2277
f  1654//2326 1612//2277 1653//2325
f  1612//2277 1654//2326 1602//2265
f  1649//2320 1602//2265 1654//2326
f  1649//2320 1613//2278 1650//2321
f  1615//2280 1650//2321 1613//2278
f  1650//2321 1615//2280 1651//2322
f  1617//2282 1651//2322 1615//2280
f  1651//2322 1617//2282 1652//2323
f  1619//2284 1652//2323 1617//2282
f  1652//2324 1619//2286 1653//2325
f  1621//2288 1653//2325 1619//2286
f  1653//2325 1621//2288 1654//2326
f  1623//2290 1654//2326 1621//2288
f  1654//2326 1623//2290 1649//2320
f  1613//2278 1649//2320 1623//2290
f  1655//2327 1625//2292 1656//2328
f  1627//2294 1656//2328 1625//2292
f  1657//2329 1629//2296 1655//2327
f  1625//2292 1655//2327 1629//2296
f  1658//2330 1631//2298 1657//2329
f  1629//2296 1657//2329 1631//2298
f  1659//2331 1633//2300 1658//2330
f  1631//2298 1658//2330 1633//2300
f  1660//2332 1635//2302 1659//2331
f  1633//2300 1659//2331 1635//2302
f  1656//2333 1627//2304 1660//2332
f  1635//2302 1660//2332 1627//2304
f  1638//2307 1655//2327 1640//2309
f  1656//2328 1640//2309 1655//2327
f  1642//2311 1657//2329 1638//2307
f  1655//2327 1638//2307 1657//2329
f  1644//2313 1658//2330 1642//2311
f  1657//2329 1642//2311 1658//2330
f  1646//2315 1659//2331 1644//2313
f  1658//2330 1644//2313 1659//2331
f  1648//2317 1660//2332 1646//2315
f  1659//2331 1646//2315 1660//2332
f  1640//2319 1656//2333 1648//2317
f  1660//2332 1648//2317 1656//2333
f  1614//2279 1588//2334 1616//2281
f  1587//2335 1616//2281 1588//2334
f  1616//2281 1587//2335 1618//2283
f  1590//2336 1618//2283 1587//2335
f  1618//2283 1590//2336 1620//2285
f  1591//2337 1620//2285 1590//2336
f  1620//2287 1591//2338 1622//2289
f  1592//2339 1622//2289 1591//2338
f  1622//2289 1592//2339 1624//2291
f  1593//2340 1624//2291 1592//2339
f  1624//2291 1593//2340 1614//2279
f  1588//2334 1614//2279 1593//2340
f  1661//2341 1601//2342 1603//2343
f  1661//2341 1603//2343 1605//2344
f  1661//2341 1605//2344 1607//2345
f  1661//2341 1607//2345 1609//2346
f  1661//2341 1609//2346 1611//2347
f  1661//2341 1611//2347 1601//2342
f  1626//2293 1595//2348 1628//2295
f  1594//2349 1628//2295 1595//2348
f  1630//2297 1597//2350 1626//2293
f  1595//2348 1626//2293 1597//2350
f  1632//2299 1598//2351 1630//2297
f  1597//2350 1630//2297 1598//2351
f  1634//2301 1599//2352 1632//2299
f  1598//2351 1632//2299 1599//2352
f  1636//2303 1600//2353 1634//2301
f  1599//2352 1634//2301 1600//2353
f  1628//2305 1594//2354 1636//2303
f  1600//2353 1636//2303 1594//2354
f  1662//2355 1637//2356 1639//2357
f  1662//2355 1641//2358 1637//2356
f  1662//2355 1643//2359 1641//2358
f  1662//2355 1645//2360 1643//2359
f  1662//2355 1647//2361 1645//2360
f  1662//2355 1639//2357 1647//2361
f  1663//2362 1664//2363 1665//2364
f  1664//2363 1663//2362 1666//2365
f  1667//2366 1668//2367 1669//2368
f  1670//2369 1671//2370 1672//2371
f  1665//2364 1673//2372 1674//2373
f  1674//2373 1673//2372 1675//2374
f  1675//2374 1676//2375 1677//2376
f  1678//2377 1679//2378 1680//2379
f  1681//2380 1678//2377 1682//2381
f  1683//2382 1681//2380 1682//2381
f  1684//2383 1685//2384 1686//2385
f  1687//2386 1681//2380 1683//2382
f  1688//2387 1689//2388 1690//2389
f  1687//2386 1683//2382 1691//2390
f  1691//2390 1692//2391 1693//2392
f  1683//2382 1692//2391 1691//2390
f  1694//2393 1695//2394 1696//2395
f  1697//2396 1693//2392 1698//2397
f  1693//2392 1699//2398 1698//2397
f  1692//2391 1699//2398 1693//2392
f  1700//2399 1696//2395 1701//2400
f  1696//2395 1695//2394 1701//2400
f  1702//2401 1703//2402 1663//2362
f  1680//2379 1682//2381 1678//2377
f  1676//2375 1675//2374 1673//2372
f  1664//2363 1673//2372 1665//2364
f  1704//2403 1705//2404 1706//2405
f  1707//2406 1703//2407 1708//2408
f  1709//2409 1710//2410 1711//2411
f  1712//2412 1713//2413 1714//2414
f  1715//2415 1716//2416 1717//2417
f  1718//2418 1707//2406 1708//2408
f  1699//2419 1719//2420 1698//2421
f  1720//2422 1719//2420 1699//2419
f  1721//2423 1722//2424 1723//2425
f  1724//2426 1725//2427 1726//2428
f  1727//2429 1728//2430 1729//2431
f  1730//2432 1699//2398 1692//2391
f  1715//2433 1729//2431 1730//2434
f  1704//2435 1731//2436 1725//2427
f  1731//2437 1666//2365 1707//2438
f  1732//2439 1730//2434 1733//2440
f  1729//2431 1733//2440 1730//2434
f  1720//2441 1732//2439 1734//2442
f  1735//2443 1736//2444 1731//2436
f  1725//2427 1731//2436 1736//2444
f  1718//2445 1737//2446 1735//2443
f  1734//2442 1732//2439 1738//2447
f  1737//2446 1739//2448 1735//2443
f  1740//2449 1741//2450 1742//2451
f  1741//2450 1740//2449 1727//2429
f  1723//2425 1724//2426 1721//2423
f  1743//2452 1663//2362 1669//2368
f  1665//2364 1669//2368 1663//2362
f  1743//2452 1700//2399 1663//2362
f  1667//2366 1669//2368 1665//2364
f  1744//2453 1668//2367 1745//2454
f  1745//2454 1668//2367 1667//2366
f  1745//2454 1671//2370 1670//2369
f  1745//2454 1670//2369 1744//2453
f  1667//2366 1665//2364 1746//2455
f  1674//2373 1746//2455 1665//2364
f  1745//2454 1667//2366 1746//2455
f  1746//2455 1671//2370 1745//2454
f  1674//2373 1671//2370 1746//2455
f  1671//2370 1674//2373 1672//2371
f  1675//2374 1672//2371 1674//2373
f  1672//2371 1675//2374 1747//2456
f  1677//2376 1747//2456 1675//2374
f  1747//2456 1677//2376 1748//2457
f  1749//2458 1748//2457 1677//2376
f  1749//2458 1677//2376 1750//2459
f  1676//2375 1750//2459 1677//2376
f  1748//2457 1749//2458 1751//2460
f  1752//2461 1751//2460 1749//2458
f  1752//2461 1749//2458 1753//2462
f  1750//2459 1753//2462 1749//2458
f  1754//2463 1751//2464 1679//2378
f  1752//2465 1679//2378 1751//2464
f  1680//2379 1679//2378 1753//2466
f  1752//2465 1753//2466 1679//2378
f  1755//2467 1754//2463 1678//2377
f  1679//2378 1678//2377 1754//2463
f  1684//2383 1755//2467 1681//2380
f  1678//2377 1681//2380 1755//2467
f  1681//2380 1685//2384 1684//2383
f  1756//2468 1686//2385 1757//2469
f  1686//2385 1685//2384 1757//2469
f  1685//2384 1681//2380 1758//2470
f  1687//2386 1758//2470 1681//2380
f  1757//2469 1690//2389 1756//2468
f  1688//2387 1690//2389 1757//2469
f  1758//2470 1688//2387 1757//2469
f  1688//2387 1758//2470 1691//2390
f  1687//2386 1691//2390 1758//2470
f  1691//2390 1689//2388 1688//2387
f  1759//2471 1689//2388 1693//2392
f  1691//2390 1693//2392 1689//2388
f  1693//2392 1694//2393 1759//2471
f  1693//2392 1697//2396 1694//2393
f  1695//2394 1694//2393 1697//2396
f  1663//2362 1700//2399 1702//2401
f  1701//2400 1702//2401 1700//2399
f  1702//2401 1701//2400 1697//2396
f  1695//2394 1697//2396 1701//2400
f  1703//2402 1702//2401 1698//2397
f  1697//2396 1698//2397 1702//2401
f  1753//2466 1760//2472 1680//2379
f  1761//2473 1680//2379 1760//2472
f  1750//2459 1762//2474 1753//2462
f  1760//2475 1753//2462 1762//2474
f  1762//2474 1750//2459 1763//2476
f  1676//2375 1763//2476 1750//2459
f  1682//2381 1680//2379 1764//2477
f  1761//2473 1764//2477 1680//2379
f  1673//2372 1765//2478 1676//2375
f  1763//2476 1676//2375 1765//2478
f  1673//2372 1664//2363 1765//2478
f  1766//2479 1765//2478 1664//2363
f  1664//2363 1666//2365 1766//2479
f  1706//2405 1766//2479 1666//2365
f  1703//2480 1698//2481 1708//2482
f  1719//2483 1708//2482 1698//2481
f  1710//2410 1714//2414 1711//2411
f  1713//2413 1711//2411 1714//2414
f  1714//2414 1710//2410 1712//2484
f  1709//2485 1712//2484 1710//2410
f  1721//2423 1767//2486 1722//2424
f  1768//2487 1722//2424 1767//2486
f  1769//2488 1770//2489 1767//2486
f  1768//2487 1767//2486 1770//2489
f  1722//2490 1768//2487 1742//2491
f  1770//2489 1742//2491 1768//2487
f  1740//2449 1742//2451 1769//2488
f  1770//2489 1769//2488 1742//2451
f  1705//2404 1704//2403 1717//2417
f  1715//2415 1717//2417 1704//2403
f  1708//2482 1719//2483 1713//2413
f  1711//2411 1713//2413 1719//2483
f  1719//2420 1720//2422 1711//2411
f  1709//2409 1711//2411 1720//2422
f  1708//2408 1713//2413 1718//2418
f  1712//2412 1718//2418 1713//2413
f  1718//2492 1712//2484 1720//2493
f  1709//2485 1720//2493 1712//2484
f  1767//2486 1721//2423 1769//2488
f  1740//2449 1769//2488 1721//2423
f  1741//2494 1723//2495 1742//2491
f  1722//2490 1742//2491 1723//2495
f  1771//2496 1728//2430 1772//2497
f  1726//2428 1772//2497 1728//2430
f  1736//2444 1772//2497 1725//2427
f  1726//2428 1725//2427 1772//2497
f  1726//2428 1728//2430 1724//2426
f  1727//2429 1724//2426 1728//2430
f  1728//2430 1771//2496 1729//2431
f  1733//2440 1729//2431 1771//2496
f  1692//2391 1716//2416 1730//2432
f  1715//2415 1730//2432 1716//2416
f  1683//2382 1773//2498 1692//2391
f  1716//2416 1692//2391 1773//2498
f  1704//2499 1723//2495 1715//2500
f  1741//2494 1715//2500 1723//2495
f  1729//2431 1715//2433 1727//2429
f  1741//2450 1727//2429 1715//2433
f  1738//2447 1771//2496 1739//2448
f  1772//2497 1739//2448 1771//2496
f  1733//2440 1771//2496 1732//2439
f  1738//2447 1732//2439 1771//2496
f  1718//2445 1720//2441 1737//2446
f  1734//2442 1737//2446 1720//2441
f  1682//2381 1764//2477 1683//2382
f  1773//2498 1683//2382 1764//2477
f  1757//2469 1685//2384 1758//2470
f  1666//2365 1663//2362 1707//2438
f  1703//2402 1707//2438 1663//2362
f  1704//2403 1706//2405 1731//2437
f  1666//2365 1731//2437 1706//2405
f  1720//2441 1699//2501 1732//2439
f  1730//2434 1732//2439 1699//2501
f  1725//2427 1724//2426 1704//2435
f  1723//2425 1704//2435 1724//2426
f  1731//2436 1707//2502 1735//2443
f  1718//2445 1735//2443 1707//2502
f  1772//2497 1736//2444 1739//2448
f  1735//2443 1739//2448 1736//2444
f  1739//2448 1737//2446 1738//2447
f  1734//2442 1738//2447 1737//2446
f  1721//2423 1724//2426 1740//2449
f  1727//2429 1740//2449 1724//2426
f  1774//2503 1669//2368 1668//2367
f  1775//2504 1776//2505 1672//2371
f  1670//2369 1672//2371 1776//2505
f  1777//2506 1778//2507 1686//2385
f  1684//2383 1686//2385 1778//2507
f  1779//2508 1690//2389 1689//2388
f  1780//2509 1781//2510 1696//2395
f  1694//2393 1696//2395 1781//2510
f  1782//2511 1780//2509 1700//2399
f  1696//2395 1700//2399 1780//2509
f  1774//2503 1783//2512 1669//2368
f  1743//2452 1669//2368 1783//2512
f  1783//2512 1782//2511 1743//2452
f  1700//2399 1743//2452 1782//2511
f  1784//2513 1774//2503 1744//2453
f  1668//2367 1744//2453 1774//2503
f  1776//2505 1784//2513 1670//2369
f  1744//2453 1670//2369 1784//2513
f  1785//2514 1775//2504 1747//2456
f  1672//2371 1747//2456 1775//2504
f  1786//2515 1785//2514 1748//2457
f  1747//2456 1748//2457 1785//2514
f  1787//2516 1786//2515 1751//2460
f  1748//2457 1751//2460 1786//2515
f  1788//2517 1787//2518 1754//2463
f  1751//2464 1754//2463 1787//2518
f  1789//2519 1788//2517 1755//2467
f  1754//2463 1755//2467 1788//2517
f  1778//2507 1789//2519 1684//2383
f  1755//2467 1684//2383 1789//2519
f  1790//2520 1777//2506 1756//2468
f  1686//2385 1756//2468 1777//2506
f  1779//2508 1790//2520 1690//2389
f  1756//2468 1690//2389 1790//2520
f  1791//2521 1779//2508 1759//2471
f  1689//2388 1759//2471 1779//2508
f  1781//2510 1791//2521 1694//2393
f  1759//2471 1694//2393 1791//2521
f  1792//2522 1776//2523 1775//2524
f  1792//2522 1778//2525 1777//2526
f  1792//2522 1781//2527 1780//2528
f  1792//2522 1780//2528 1782//2529
f  1792//2522 1783//2530 1774//2531
f  1792//2522 1782//2529 1783//2530
f  1792//2522 1774//2531 1784//2532
f  1792//2522 1784//2532 1776//2523
f  1792//2522 1775//2524 1785//2533
f  1792//2522 1785//2533 1786//2534
f  1792//2522 1786//2534 1787//2535
f  1792//2522 1787//2535 1788//2536
f  1792//2522 1788//2536 1789//2537
f  1792//2522 1789//2537 1778//2525
f  1792//2522 1777//2526 1790//2538
f  1792//2522 1790//2538 1779//2539
f  1792//2522 1779//2539 1791//2540
f  1792//2522 1791//2540 1781//2527
f  1793//2541 1706//2542 1705//2543
f  1793//2541 1717//2544 1716//2545
f  1793//2541 1761//2546 1760//2547
f  1793//2541 1760//2547 1762//2548
f  1793//2541 1762//2548 1763//2549
f  1793//2541 1764//2550 1761//2546
f  1793//2541 1763//2549 1765//2551
f  1793//2541 1765//2551 1766//2552
f  1793//2541 1766//2552 1706//2542
f  1793//2541 1705//2543 1717//2544
f  1793//2541 1716//2545 1773//2553
f  1793//2541 1773//2553 1764//2550
f  1794//2554 1795//2555 1796//2556
f  1797//2557 1795//2555 1798//2558
f  1796//2556 1799//2559 1800//2560
f  1801//2561 1802//2562 1803//2563
f  1802//2562 1801//2561 1804//2564
f  1805//2565 1806//2566 1807//2567
f  1808//2568 1797//2557 1809//2569
f  1810//2570 1809//2569 1797//2557
f  1811//2571 1812//2572 1813//2573
f  1803//2563 1814//2574 1815//2575
f  1803//2563 1802//2562 1814//2574
f  1816//2576 1817//2577 1818//2578
f  1819//2579 1820//2580 1821//2581
f  1820//2580 1819//2579 1822//2582
f  1823//2583 1819//2579 1821//2581
f  1822//2582 1824//2584 1825//2585
f  1826//2586 1827//2587 1828//2588
f  1828//2588 1829//2589 1830//2590
f  1827//2587 1829//2589 1828//2588
f  1831//2591 1830//2590 1829//2589
f  1832//2592 1825//2585 1824//2584
f  1825//2585 1832//2592 1833//2593
f  1809//2569 1834//2594 1827//2595
f  1827//2587 1835//2596 1829//2589
f  1835//2597 1827//2595 1834//2594
f  1836//2598 1809//2569 1810//2570
f  1834//2594 1809//2569 1836//2598
f  1837//2599 1829//2589 1835//2596
f  1838//2600 1829//2589 1837//2599
f  1838//2600 1837//2599 1839//2601
f  1840//2602 1841//2603 1842//2604
f  1839//2601 1841//2603 1838//2600
f  1843//2605 1838//2600 1841//2603
f  1843//2605 1841//2603 1840//2602
f  1843//2605 1844//2606 1845//2607
f  1846//2608 1845//2609 1847//2610
f  1848//2611 1849//2612 1850//2613
f  1844//2606 1843//2605 1840//2602
f  1851//2614 1852//2615 1853//2616
f  1854//2617 1855//2618 1856//2619
f  1857//2620 1818//2578 1817//2577
f  1818//2578 1857//2620 1805//2565
f  1858//2621 1805//2565 1857//2620
f  1859//2622 1855//2623 1860//2624
f  1806//2566 1805//2565 1858//2621
f  1861//2625 1804//2564 1862//2626
f  1806//2566 1862//2626 1804//2564
f  1861//2625 1863//2627 1804//2564
f  1802//2562 1804//2564 1863//2627
f  1864//2628 1865//2629 1866//2630
f  1867//2631 1866//2630 1865//2629
f  1868//2632 1865//2629 1869//2633
f  1864//2628 1869//2633 1865//2629
f  1870//2634 1871//2635 1872//2636
f  1873//2637 1872//2636 1871//2635
f  1870//2634 1872//2636 1820//2580
f  1821//2581 1820//2580 1872//2636
f  1796//2556 1795//2555 1870//2634
f  1871//2635 1870//2634 1795//2555
f  1799//2559 1796//2556 1820//2580
f  1870//2634 1820//2580 1796//2556
f  1811//2571 1873//2637 1808//2568
f  1871//2635 1808//2568 1873//2637
f  1807//2638 1801//2639 1794//2554
f  1795//2555 1794//2554 1801//2639
f  1803//2640 1798//2558 1801//2639
f  1795//2555 1801//2639 1798//2558
f  1807//2638 1794//2554 1805//2641
f  1796//2556 1805//2641 1794//2554
f  1818//2642 1805//2641 1800//2560
f  1796//2556 1800//2560 1805//2641
f  1806//2566 1804//2564 1807//2567
f  1801//2561 1807//2567 1804//2564
f  1803//2640 1815//2643 1798//2558
f  1797//2557 1798//2558 1815//2643
f  1874//2644 1810//2570 1815//2643
f  1797//2557 1815//2643 1810//2570
f  1812//2572 1811//2571 1826//2645
f  1808//2568 1826//2645 1811//2571
f  1815//2646 1864//2628 1874//2647
f  1866//2630 1874//2647 1864//2628
f  1815//2646 1869//2633 1864//2628
f  1818//2642 1800//2560 1816//2648
f  1799//2559 1816//2648 1800//2560
f  1875//2649 1816//2648 1876//2650
f  1799//2559 1876//2650 1816//2648
f  1820//2580 1822//2582 1799//2559
f  1876//2650 1799//2559 1822//2582
f  1817//2577 1816//2576 1877//2651
f  1875//2652 1877//2651 1816//2576
f  1878//2653 1879//2654 1823//2583
f  1819//2579 1823//2583 1879//2654
f  1879//2654 1824//2584 1819//2579
f  1822//2582 1819//2579 1824//2584
f  1880//2655 1876//2650 1825//2585
f  1822//2582 1825//2585 1876//2650
f  1880//2655 1881//2656 1876//2650
f  1875//2649 1876//2650 1881//2656
f  1877//2657 1875//2658 1882//2659
f  1881//2660 1882//2659 1875//2658
f  1883//2661 1884//2662 1878//2653
f  1879//2654 1878//2653 1884//2662
f  1884//2662 1832//2592 1879//2654
f  1824//2584 1879//2654 1832//2592
f  1885//2663 1886//2664 1883//2661
f  1884//2662 1883//2661 1886//2664
f  1886//2664 1830//2590 1884//2662
f  1832//2592 1884//2662 1830//2590
f  1887//2665 1888//2666 1885//2663
f  1886//2664 1885//2663 1888//2666
f  1886//2664 1888//2666 1830//2590
f  1828//2588 1830//2590 1888//2666
f  1813//2667 1812//2668 1887//2665
f  1888//2666 1887//2665 1812//2668
f  1833//2593 1832//2592 1831//2591
f  1830//2590 1831//2591 1832//2592
f  1810//2570 1874//2644 1841//2669
f  1842//2670 1841//2669 1874//2644
f  1839//2671 1810//2570 1841//2669
f  1889//2672 1842//2673 1866//2630
f  1874//2647 1866//2630 1842//2673
f  1829//2589 1838//2600 1831//2591
f  1890//2674 1831//2591 1838//2600
f  1891//2675 1833//2593 1890//2674
f  1831//2591 1890//2674 1833//2593
f  1880//2655 1825//2585 1891//2675
f  1833//2593 1891//2675 1825//2585
f  1891//2675 1849//2676 1880//2655
f  1881//2656 1880//2655 1849//2676
f  1882//2659 1881//2660 1848//2611
f  1849//2612 1848//2611 1881//2660
f  1892//2677 1893//2678 1836//2679
f  1834//2680 1836//2679 1893//2678
f  1892//2677 1836//2679 1894//2681
f  1839//2682 1894//2681 1836//2679
f  1893//2678 1895//2683 1834//2680
f  1835//2684 1834//2680 1895//2683
f  1896//2685 1837//2686 1895//2683
f  1835//2684 1895//2683 1837//2686
f  1896//2687 1894//2681 1837//2688
f  1839//2682 1837//2688 1894//2681
f  1889//2672 1897//2689 1842//2673
f  1840//2690 1842//2673 1897//2689
f  1845//2607 1890//2674 1843//2605
f  1838//2600 1843//2605 1890//2674
f  1891//2675 1890//2674 1849//2676
f  1845//2607 1849//2676 1890//2674
f  1850//2613 1849//2612 1846//2608
f  1845//2609 1846//2608 1849//2612
f  1898//2691 1847//2610 1844//2692
f  1845//2609 1844//2692 1847//2610
f  1899//2693 1844//2694 1897//2689
f  1840//2690 1897//2689 1844//2694
f  1802//2562 1898//2695 1814//2574
f  1844//2696 1814//2574 1898//2695
f  1814//2697 1844//2698 1869//2633
f  1899//2699 1869//2633 1844//2698
f  1900//2700 1901//2701 1902//2702
f  1903//2703 1902//2702 1901//2701
f  1900//2700 1904//2704 1901//2701
f  1852//2615 1901//2701 1904//2704
f  1851//2705 1896//2685 1903//2703
f  1902//2702 1903//2703 1896//2685
f  1851//2706 1853//2707 1896//2687
f  1894//2681 1896//2687 1853//2707
f  1905//2708 1906//2709 1877//2651
f  1817//2577 1877//2651 1906//2709
f  1905//2710 1882//2659 1907//2711
f  1908//2712 1907//2711 1882//2659
f  1907//2713 1908//2714 1854//2617
f  1855//2618 1854//2617 1908//2714
f  1817//2577 1906//2709 1857//2620
f  1909//2715 1857//2620 1906//2709
f  1857//2620 1909//2715 1858//2621
f  1910//2716 1858//2621 1909//2715
f  1911//2717 1856//2718 1859//2719
f  1855//2720 1859//2719 1856//2718
f  1855//2623 1908//2712 1848//2611
f  1882//2659 1848//2611 1908//2712
f  1848//2611 1850//2613 1855//2623
f  1860//2624 1855//2623 1850//2613
f  1850//2613 1846//2608 1860//2624
f  1912//2721 1860//2624 1846//2608
f  1859//2722 1860//2723 1911//2717
f  1913//2724 1911//2717 1860//2723
f  1912//2725 1914//2726 1860//2723
f  1913//2724 1860//2723 1914//2726
f  1862//2626 1806//2566 1910//2716
f  1858//2621 1910//2716 1806//2566
f  1912//2725 1915//2727 1914//2726
f  1916//2728 1914//2726 1915//2727
f  1915//2729 1912//2721 1847//2610
f  1846//2608 1847//2610 1912//2721
f  1898//2691 1917//2730 1847//2610
f  1915//2729 1847//2610 1917//2730
f  1802//2562 1863//2627 1898//2695
f  1868//2632 1899//2699 1918//2731
f  1919//2732 1918//2731 1899//2699
f  1920//2733 1921//2734 1922//2735
f  1923//2736 1922//2735 1921//2734
f  1920//2737 1889//2672 1921//2738
f  1867//2631 1921//2738 1889//2672
f  1919//2739 1922//2735 1918//2731
f  1923//2736 1918//2731 1922//2735
f  1920//2737 1922//2740 1889//2672
f  1897//2689 1889//2672 1922//2740
f  1795//2555 1797//2557 1871//2635
f  1808//2568 1871//2635 1797//2557
f  1827//2595 1826//2645 1809//2569
f  1808//2568 1809//2569 1826//2645
f  1812//2668 1826//2586 1888//2666
f  1828//2588 1888//2666 1826//2586
f  1852//2615 1904//2704 1853//2707
f  1894//2681 1853//2707 1904//2704
f  1901//2701 1852//2615 1903//2741
f  1851//2614 1903//2741 1852//2615
f  1924//2742 1916//2728 1917//2743
f  1915//2727 1917//2743 1916//2728
f  1919//2744 1899//2693 1922//2740
f  1897//2689 1922//2740 1899//2693
f  1904//2704 1892//2677 1894//2681
f  1900//2700 1893//2678 1904//2704
f  1892//2677 1904//2704 1893//2678
f  1902//2702 1895//2683 1900//2700
f  1893//2678 1900//2700 1895//2683
f  1896//2685 1895//2683 1902//2702
f  1856//2718 1911//2717 1913//2724
f  1815//2646 1814//2697 1869//2633
f  1867//2631 1865//2629 1921//2738
f  1923//2736 1921//2738 1865//2629
f  1868//2632 1918//2731 1865//2629
f  1923//2736 1865//2629 1918//2731
f  1863//2627 1861//2625 1924//2745
f  1916//2728 1924//2745 1861//2625
f  1862//2626 1914//2726 1861//2625
f  1916//2728 1861//2625 1914//2726
f  1910//2716 1913//2724 1862//2626
f  1914//2726 1862//2626 1913//2724
f  1909//2715 1856//2718 1910//2716
f  1913//2724 1910//2716 1856//2718
f  1906//2709 1854//2746 1909//2715
f  1856//2718 1909//2715 1854//2746
f  1905//2708 1907//2747 1906//2709
f  1854//2746 1906//2709 1907//2747
f  1905//2710 1877//2657 1882//2659
f  1863//2627 1924//2745 1898//2695
f  1917//2748 1898//2695 1924//2745
f  1868//2632 1869//2633 1899//2699
f  1889//2672 1866//2630 1867//2631
f  201//2749 198//240 278//333
f  198//240 103//119 278//333
f  11//2750 104//120 6//6
f  6//6 104//120 103//119
f  1925//2751 1926//2752 1927//2753
f  1928//2754 1929//2755 1930//2756
f  1931//2757 1930//2756 1929//2755
f  1932//2758 1933//2759 1934//2760
f  1935//2761 1934//2760 1933//2759
f  1936//2762 1937//2763 1938//2764
f  1937//2763 1936//2762 1939//2765
f  1938//2764 1940//2766 1936//2762
f  1938//2764 1941//2767 1940//2766
f  1941//2767 1938//2764 1942//2768
f  1943//2769 1930//2756 1939//2765
f  1943//2769 1939//2765 1936//2762
f  1944//2770 1936//2762 1940//2766
f  1944//2770 1943//2769 1936//2762
f  1944//2770 1940//2766 1945//2771
f  1941//2767 1945//2771 1940//2766
f  1943//2769 1944//2770 1946//2772
f  1945//2771 1947//2773 1944//2770
f  1946//2772 1948//2774 1949//2775
f  1948//2774 1946//2772 1950//2776
f  1949//2775 1948//2774 1951//2777
f  1952//2778 1953//2779 1954//2780
f  1954//2780 1955//2781 1952//2778
f  1934//2760 1956//2782 1932//2758
f  1957//2783 1958//2784 1956//2785
f  1932//2786 1956//2785 1958//2784
f  1955//2781 1954//2780 1959//2787
f  1960//2788 1959//2787 1954//2780
f  1959//2787 1961//2789 1955//2781
f  1961//2789 1959//2787 1962//2790
f  1962//2790 1963//2791 1961//2789
f  1964//2792 1962//2790 1959//2787
f  1962//2790 1964//2792 1965//2793
f  1965//2793 1966//2794 1962//2790
f  1967//2795 1968//2796 1969//2797
f  1970//2798 1971//2799 1965//2793
f  1972//2800 1973//2801 1974//2802
f  1972//2800 1975//2803 1973//2801
f  1976//2804 1977//2805 1975//2803
f  1973//2801 1975//2803 1977//2805
f  1965//2793 1978//2806 1970//2798
f  1964//2792 1979//2807 1965//2793
f  1978//2806 1965//2793 1979//2807
f  1964//2792 1959//2787 1960//2788
f  1964//2792 1960//2788 1980//2808
f  1964//2792 1980//2808 1981//2809
f  1979//2807 1982//2810 1978//2806
f  1978//2806 1982//2810 1983//2811
f  1984//2812 1985//2813 1986//2814
f  1987//2815 1988//2816 1989//2817
f  1990//2818 1989//2817 1988//2816
f  1991//2819 1951//2777 1948//2774
f  1992//2820 1974//2802 1993//2821
f  1973//2801 1993//2821 1974//2802
f  1994//2822 1995//2823 1996//2824
f  1994//2822 1997//2825 1998//2826
f  1999//2827 1998//2826 1997//2825
f  1997//2825 2000//2828 2001//2829
f  2002//2830 2001//2829 2000//2828
f  1992//2820 1993//2821 2003//2831
f  2003//2831 2004//2832 1992//2820
f  2005//2833 2006//2834 2007//2835
f  2003//2831 2007//2835 2006//2834
f  2004//2832 2003//2831 2008//2836
f  2008//2836 2009//2837 2004//2832
f  2002//2830 2010//2838 2001//2829
f  2001//2829 2010//2838 2006//2834
f  2006//2834 2011//2839 2001//2829
f  2008//2836 2012//2840 2009//2837
f  2012//2840 2013//2841 2009//2837
f  2014//2842 2015//2843 2016//2844
f  2014//2842 2017//2845 2015//2843
f  2014//2842 2018//2846 2017//2845
f  2014//2842 2019//2847 2018//2846
f  2014//2842 2020//2848 2019//2847
f  2021//2849 2022//2850 2023//2851
f  2022//2850 2021//2849 2024//2852
f  1948//2774 2022//2850 1991//2819
f  2025//2853 1991//2819 2022//2850
f  2022//2850 2024//2852 2025//2853
f  2017//2845 2026//2854 2027//2855
f  2026//2854 2017//2845 2028//2856
f  2028//2856 2017//2845 2018//2846
f  2029//2857 2021//2849 2030//2858
f  2021//2849 2029//2857 2024//2852
f  2031//2859 2032//2860 2033//2861
f  1929//2755 1927//2862 1926//2863
f  1952//2778 2034//2864 1953//2779
f  2035//2865 1926//2752 2036//2866
f  1925//2751 2036//2866 1926//2752
f  2037//2867 1931//2757 2038//2868
f  2035//2869 2038//2868 1931//2757
f  2035//2865 2036//2866 2038//2870
f  2039//2871 2038//2870 2036//2866
f  1939//2765 1930//2756 2037//2867
f  1931//2757 2037//2867 1930//2756
f  2040//2872 2037//2867 1935//2873
f  2038//2868 1935//2873 2037//2867
f  2038//2870 2039//2871 1935//2761
f  1934//2760 1935//2761 2039//2871
f  1937//2763 1939//2765 2040//2872
f  2037//2867 2040//2872 1939//2765
f  2041//2874 2040//2872 1933//2875
f  1935//2873 1933//2875 2040//2872
f  2042//2876 1937//2763 2041//2874
f  2040//2872 2041//2874 1937//2763
f  1933//2875 1932//2786 2041//2874
f  2043//2877 2041//2874 1932//2786
f  2041//2874 2043//2877 2042//2876
f  2044//2878 2042//2876 2043//2877
f  1937//2763 2042//2876 1938//2764
f  1967//2795 1938//2764 2042//2876
f  1967//2795 2042//2876 2044//2878
f  1969//2797 1942//2768 1967//2795
f  1938//2764 1967//2795 1942//2768
f  2045//2879 1928//2754 1943//2769
f  1930//2756 1943//2769 1928//2754
f  1943//2769 1946//2772 2045//2879
f  1949//2775 2045//2879 1946//2772
f  1946//2772 1944//2770 1950//2776
f  1947//2773 1950//2776 1944//2770
f  2043//2877 1932//2786 2046//2880
f  1958//2784 2046//2880 1932//2786
f  1966//2794 1958//2784 2047//2881
f  1957//2783 2047//2881 1958//2784
f  1962//2790 1966//2794 1963//2791
f  2047//2881 1963//2791 1966//2794
f  1966//2794 1971//2799 1958//2784
f  2046//2880 1958//2784 1971//2799
f  1966//2794 1965//2793 1971//2799
f  2048//2882 2044//2878 2046//2880
f  2043//2877 2046//2880 2044//2878
f  2044//2878 2048//2882 1967//2795
f  2049//2883 1967//2795 2048//2882
f  2046//2880 1971//2799 2048//2882
f  2050//2884 2048//2882 1971//2799
f  1971//2799 2051//2885 2050//2884
f  2052//2886 2050//2884 2051//2885
f  1972//2800 2049//2883 2050//2884
f  2048//2882 2050//2884 2049//2883
f  2050//2884 2052//2886 1972//2800
f  1975//2803 1972//2800 2052//2886
f  2053//2887 1995//2823 2052//2886
f  1975//2803 2052//2886 1995//2823
f  2053//2887 2052//2886 2054//2888
f  2051//2885 2054//2888 2052//2886
f  2051//2885 1970//2798 1986//2814
f  1978//2806 1984//2812 1970//2798
f  1986//2814 1970//2798 1984//2812
f  1979//2807 1964//2792 2055//2889
f  1981//2809 2055//2889 1964//2792
f  1984//2812 1978//2806 1983//2811
f  2056//2890 2057//2891 1983//2811
f  1984//2812 1983//2811 2057//2891
f  2058//2892 1985//2813 1984//2812
f  2054//2888 1986//2814 1985//2813
f  2058//2892 2059//2893 1985//2813
f  1987//2815 1985//2813 2059//2893
f  1985//2813 1987//2815 2054//2888
f  1989//2817 2054//2888 1987//2815
f  1989//2817 1990//2818 2053//2887
f  2053//2887 1990//2818 1995//2823
f  1996//2824 1995//2823 1990//2818
f  2059//2893 2060//2894 1987//2815
f  1988//2816 1987//2815 2060//2894
f  1996//2895 1990//2896 2061//2897
f  2062//2898 2061//2897 1990//2896
f  1990//2896 1988//2899 2062//2898
f  2063//2900 2062//2898 1988//2899
f  1988//2899 2060//2901 2063//2900
f  2064//2902 2063//2900 2060//2901
f  2022//2850 1948//2774 1950//2776
f  1947//2773 2023//2851 1950//2776
f  2022//2850 1950//2776 2023//2851
f  1945//2771 2023//2851 1947//2773
f  1942//2768 2065//2903 1941//2767
f  2066//2904 1941//2767 2065//2903
f  2065//2903 1942//2768 2067//2905
f  1969//2797 2067//2905 1942//2768
f  2068//2906 2067//2905 1968//2796
f  1969//2797 1968//2796 2067//2905
f  2069//2907 2070//2908 1968//2796
f  2068//2906 1968//2796 2070//2908
f  1992//2820 2070//2908 1974//2802
f  2069//2907 1974//2802 2070//2908
f  1973//2801 1977//2805 2071//2909
f  2072//2910 2071//2909 1977//2805
f  1973//2801 2071//2909 1993//2821
f  2073//2911 1993//2821 2071//2909
f  2066//2904 2023//2851 1941//2767
f  1945//2771 1941//2767 2023//2851
f  2074//2912 2072//2910 1976//2804
f  1977//2805 1976//2804 2072//2910
f  2075//2913 2074//2912 1994//2822
f  1976//2804 1994//2822 2074//2912
f  1998//2826 2076//2914 1994//2822
f  2075//2913 1994//2822 2076//2914
f  1994//2822 1996//2824 1997//2825
f  2077//2915 1997//2825 1996//2824
f  2071//2909 2072//2910 2075//2913
f  2074//2912 2075//2913 2072//2910
f  2076//2914 2073//2911 2075//2913
f  2071//2909 2075//2913 2073//2911
f  2076//2914 1998//2826 2078//2916
f  1999//2827 2078//2916 1998//2826
f  2076//2914 2078//2916 2073//2911
f  2007//2835 2073//2911 2078//2916
f  2000//2828 1997//2825 2079//2917
f  2077//2915 2079//2917 1997//2825
f  2077//2918 2080//2919 2079//2920
f  2081//2921 2079//2920 2080//2919
f  1996//2895 2061//2897 2077//2918
f  2080//2919 2077//2918 2061//2897
f  1997//2825 2001//2829 1999//2827
f  2011//2839 1999//2827 2001//2829
f  2000//2828 2079//2917 2082//2922
f  2083//2923 2082//2922 2079//2917
f  2083//2924 2079//2920 2084//2925
f  2081//2921 2084//2925 2079//2920
f  2085//2926 2002//2830 2082//2922
f  2000//2828 2082//2922 2002//2830
f  2082//2922 2083//2923 2086//2927
f  2087//2928 2086//2927 2083//2923
f  2088//2929 2085//2926 2086//2927
f  2082//2922 2086//2927 2085//2926
f  2084//2925 2089//2930 2083//2924
f  2087//2931 2083//2924 2089//2930
f  2070//2908 1992//2820 2090//2932
f  2004//2832 2090//2932 1992//2820
f  2090//2932 2091//2933 2070//2908
f  2068//2906 2070//2908 2091//2933
f  2003//2831 2010//2838 2008//2836
f  2002//2830 2008//2836 2010//2838
f  2090//2932 2004//2832 2013//2841
f  2009//2837 2013//2841 2004//2832
f  2013//2841 2016//2844 2090//2932
f  2091//2933 2090//2932 2016//2844
f  2011//2839 2006//2834 2092//2934
f  2005//2833 2092//2934 2006//2834
f  2007//2835 2078//2916 2005//2833
f  2092//2934 2005//2833 2078//2916
f  2008//2836 2002//2830 2093//2935
f  2085//2926 2093//2935 2002//2830
f  2093//2935 2085//2926 2094//2936
f  2088//2929 2094//2936 2085//2926
f  2093//2935 2094//2936 2095//2937
f  2096//2938 2095//2937 2094//2936
f  2012//2840 2008//2836 2093//2935
f  2012//2840 2014//2842 2013//2841
f  2016//2844 2013//2841 2014//2842
f  2095//2937 2020//2848 2012//2840
f  2014//2842 2012//2840 2020//2848
f  2068//2906 2091//2933 2067//2905
f  2097//2939 2067//2905 2091//2933
f  2016//2844 2015//2843 2091//2933
f  2097//2939 2091//2933 2015//2843
f  2027//2855 2065//2903 2097//2939
f  2067//2905 2097//2939 2065//2903
f  2026//2854 2066//2904 2027//2855
f  2065//2903 2027//2855 2066//2904
f  2066//2904 2026//2854 2023//2851
f  2021//2849 2023//2851 2026//2854
f  2026//2854 2028//2856 2021//2849
f  2030//2858 2021//2849 2028//2856
f  2030//2858 2028//2856 2098//2940
f  2099//2941 2098//2940 2028//2856
f  2018//2846 2100//2942 2028//2856
f  2099//2941 2028//2856 2100//2942
f  2099//2941 2033//2861 2098//2940
f  2032//2860 2098//2940 2033//2861
f  2099//2941 2100//2942 2033//2861
f  2031//2859 2033//2861 2100//2942
f  2030//2858 2098//2940 2029//2857
f  2101//2943 2029//2857 2098//2940
f  2101//2943 2098//2940 2102//2944
f  2032//2860 2102//2944 2098//2940
f  2018//2846 2019//2847 2100//2942
f  2103//2945 2100//2942 2019//2847
f  2100//2942 2103//2945 2031//2859
f  2104//2946 2031//2859 2103//2945
f  2019//2847 2105//2947 2103//2945
f  2106//2948 2103//2945 2105//2947
f  2103//2945 2106//2948 2104//2946
f  2107//2949 2104//2946 2106//2948
f  2019//2847 2020//2848 2105//2947
f  2108//2950 2105//2947 2020//2848
f  2029//2857 2101//2943 2109//2951
f  2110//2952 2109//2951 2101//2943
f  2110//2952 2101//2943 2111//2953
f  2102//2944 2111//2953 2101//2943
f  2095//2937 2096//2938 2020//2848
f  2108//2950 2020//2848 2096//2938
f  2102//2944 2032//2860 2104//2946
f  2031//2859 2104//2946 2032//2860
f  2007//2835 2003//2831 2073//2911
f  1993//2821 2073//2911 2003//2831
f  2092//2934 2078//2916 2011//2839
f  1999//2827 2011//2839 2078//2916
f  2017//2845 2027//2855 2015//2843
f  2097//2939 2015//2843 2027//2855
f  2025//2853 2024//2852 2109//2951
f  2029//2857 2109//2951 2024//2852
f  2111//2953 2102//2944 2107//2949
f  2104//2946 2107//2949 2102//2944
f  1955//2954 2112//2955 1952//2956
f  1934//2957 2112//2955 1956//2958
f  1956//2958 2112//2955 1957//2959
f  1961//2960 2112//2955 1955//2954
f  1963//2961 2112//2955 1961//2960
f  1952//2956 2112//2955 1925//2962
f  1925//2962 2112//2955 2036//2963
f  2036//2963 2112//2955 2039//2964
f  2039//2964 2112//2955 1934//2957
f  1957//2959 2112//2955 2047//2965
f  2047//2965 2112//2955 1963//2961
f  1979//2966 2113//2967 1982//2968
f  2114//2969 1982//2968 2113//2967
f  1982//2968 2114//2969 1983//2970
f  2115//2971 1983//2970 2114//2969
f  2055//2972 2116//2973 1979//2974
f  2113//2967 1979//2974 2116//2973
f  1983//2975 2115//2971 2056//2976
f  2117//2977 2056//2976 2115//2971
f  2115//2971 2114//2969 2117//2977
f  2118//2978 2117//2977 2114//2969
f  2118//2978 2114//2969 2116//2973
f  2113//2967 2116//2973 2114//2969
f  2119//2979 2120//2980 1927//2753
f  1928//2754 2121//2981 1929//2755
f  2122//2982 1929//2755 2121//2981
f  2123//2983 2124//2984 2125//2985
f  2126//2986 2125//2985 2124//2984
f  2127//2987 2128//2988 2129//2989
f  2128//2988 2127//2987 2130//2990
f  2131//2991 2129//2989 2128//2988
f  2132//2992 2129//2989 2131//2991
f  2129//2989 2132//2992 2133//2993
f  2121//2981 2134//2994 2130//2990
f  2130//2990 2134//2994 2128//2988
f  2128//2988 2135//2995 2131//2991
f  2134//2994 2135//2995 2128//2988
f  2131//2991 2135//2995 2136//2996
f  2136//2996 2132//2992 2131//2991
f  2135//2995 2134//2994 2137//2997
f  2138//2998 2136//2996 2135//2995
f  2139//2999 2137//2997 1949//2775
f  2137//2997 2139//2999 2140//3000
f  2139//2999 1949//2775 1951//2777
f  1953//2779 2141//3001 1954//2780
f  2142//3002 1954//2780 2141//3001
f  2143//3003 2124//2984 2123//2983
f  2144//3004 2143//3005 2145//3006
f  2123//3007 2145//3006 2143//3005
f  1954//2780 2142//3002 2146//3008
f  2146//3008 1960//2788 1954//2780
f  2147//3009 2146//3008 2142//3002
f  2146//3008 2147//3009 2148//3010
f  2149//3011 2148//3010 2147//3009
f  2148//3010 2150//3012 2146//3008
f  2151//3013 2152//3014 2148//3010
f  2153//3015 2154//3016 2155//3017
f  2154//3016 2156//3018 2157//3019
f  2158//3020 2159//3021 2152//3014
f  2160//3022 2153//3015 2155//3017
f  2161//3023 2162//3024 2163//3025
f  2160//3022 2163//3025 2162//3024
f  2164//3026 2165//3027 2161//3023
f  2161//3023 2163//3025 2166//3028
f  2167//3029 2152//3014 2159//3021
f  2150//3012 2152//3014 2168//3030
f  2167//3029 2168//3030 2152//3014
f  2146//3008 2150//3012 1960//2788
f  1960//2788 2150//3012 1980//2808
f  1980//2808 2150//3012 1981//2809
f  2169//3031 2168//3030 2167//3029
f  2169//3031 2167//3029 2170//3032
f  2171//3033 2172//3034 2173//3035
f  2174//3036 2175//3037 2176//3038
f  2176//3038 2177//3039 2174//3036
f  1951//2777 1991//2819 2139//2999
f  2163//3025 2160//3022 2178//3040
f  2179//3041 2178//3040 2160//3022
f  2165//3027 2180//3042 2181//3043
f  2182//3044 2180//3042 2183//3045
f  2183//3045 2184//3046 2182//3044
f  2185//3047 2182//3044 2186//3048
f  2186//3048 2187//3049 2185//3047
f  2178//3040 2179//3041 2188//3050
f  2189//3051 2188//3050 2179//3041
f  2188//3050 2190//3052 2191//3053
f  2192//3054 2191//3053 2190//3052
f  2188//3050 2189//3051 2193//3055
f  2194//3056 2193//3055 2189//3051
f  2195//3057 2187//3049 2186//3048
f  2195//3057 2186//3048 2190//3052
f  2196//3058 2190//3052 2186//3048
f  2197//3059 2193//3055 2194//3056
f  2198//3060 2197//3059 2194//3056
f  2199//3061 2200//3062 2201//3063
f  2202//3064 2200//3062 2199//3061
f  2203//3065 2200//3062 2202//3064
f  2204//3066 2200//3062 2203//3065
f  2205//3067 2200//3062 2204//3066
f  2206//3068 2207//3069 2208//3070
f  2207//3069 2206//3068 2209//3071
f  2206//3068 2139//2999 1991//2819
f  1991//2819 2025//2853 2206//3068
f  2209//3071 2206//3068 2025//2853
f  2210//3072 2202//3064 2211//3073
f  2202//3064 2210//3072 2212//3074
f  2202//3064 2212//3074 2203//3065
f  2207//3069 2213//3075 2214//3076
f  2213//3075 2207//3069 2209//3071
f  2215//3077 2216//3078 2217//3079
f  1929//2755 2122//2982 2119//3080
f  2034//2864 2141//3001 1953//2779
f  2120//2980 2119//2979 2218//3081
f  2219//3082 2218//3081 2119//2979
f  2219//3083 2122//2982 2220//3084
f  2221//3085 2220//3084 2122//2982
f  2222//3086 2218//3081 2220//3087
f  2219//3082 2220//3087 2218//3081
f  2122//2982 2121//2981 2221//3085
f  2130//2990 2221//3085 2121//2981
f  2220//3084 2221//3085 2126//3088
f  2223//3089 2126//3088 2221//3085
f  2124//2984 2222//3086 2126//2986
f  2220//3087 2126//2986 2222//3086
f  2221//3085 2130//2990 2223//3089
f  2127//2987 2223//3089 2130//2990
f  2126//3088 2223//3089 2125//3090
f  2224//3091 2125//3090 2223//3089
f  2223//3089 2127//2987 2224//3091
f  2225//3092 2224//3091 2127//2987
f  2226//3093 2123//3007 2224//3091
f  2125//3090 2224//3091 2123//3007
f  2227//3094 2226//3093 2225//3092
f  2224//3091 2225//3092 2226//3093
f  2156//3018 2225//3092 2129//2989
f  2127//2987 2129//2989 2225//3092
f  2225//3092 2156//3018 2227//3094
f  2129//2989 2133//2993 2156//3018
f  2157//3019 2156//3018 2133//2993
f  2121//2981 1928//2754 2134//2994
f  2045//2879 2134//2994 1928//2754
f  1949//2775 2137//2997 2045//2879
f  2134//2994 2045//2879 2137//2997
f  2138//2998 2135//2995 2140//3000
f  2137//2997 2140//3000 2135//2995
f  2145//3006 2123//3007 2228//3095
f  2226//3093 2228//3095 2123//3007
f  2144//3004 2145//3006 2229//3096
f  2151//3013 2229//3096 2145//3006
f  2229//3096 2151//3013 2149//3011
f  2148//3010 2149//3011 2151//3013
f  2151//3013 2145//3006 2158//3020
f  2228//3095 2158//3020 2145//3006
f  2226//3093 2227//3094 2228//3095
f  2230//3097 2228//3095 2227//3094
f  2153//3015 2230//3097 2156//3018
f  2227//3094 2156//3018 2230//3097
f  2231//3098 2158//3020 2230//3097
f  2228//3095 2230//3097 2158//3020
f  2232//3099 2233//3100 2231//3098
f  2158//3020 2231//3098 2233//3100
f  2162//3024 2231//3098 2153//3015
f  2230//3097 2153//3015 2231//3098
f  2161//3023 2232//3099 2162//3024
f  2231//3098 2162//3024 2232//3099
f  2161//3023 2165//3027 2232//3099
f  2234//3101 2232//3099 2165//3027
f  2234//3101 2235//3102 2232//3099
f  2233//3100 2232//3099 2235//3102
f  2233//3100 2235//3102 2173//3035
f  2173//3035 2172//3034 2159//3021
f  2167//3029 2159//3021 2172//3034
f  1981//2809 2150//3012 2055//2889
f  2168//3030 2055//2889 2150//3012
f  2167//3029 2172//3034 2170//3032
f  2056//2890 2170//3032 2057//2891
f  2172//3034 2057//2891 2170//3032
f  2058//2892 2057//2891 2172//3034
f  2173//3035 2235//3102 2171//3033
f  2175//3037 2059//2893 2171//3033
f  2058//2892 2171//3033 2059//2893
f  2176//3038 2175//3037 2235//3102
f  2171//3033 2235//3102 2175//3037
f  2176//3038 2235//3102 2234//3101
f  2181//3043 2177//3039 2165//3027
f  2234//3101 2165//3027 2177//3039
f  2174//3036 2060//2894 2175//3037
f  2059//2893 2175//3037 2060//2894
f  2236//3103 2177//3104 2237//3105
f  2181//3106 2237//3105 2177//3104
f  2238//3107 2174//3108 2236//3103
f  2177//3104 2236//3103 2174//3108
f  2064//2902 2060//2901 2238//3107
f  2174//3108 2238//3107 2060//2901
f  2139//2999 2206//3068 2140//3000
f  2206//3068 2208//3070 2140//3000
f  2138//2998 2140//3000 2208//3070
f  2208//3070 2136//2996 2138//2998
f  2239//3109 2240//3110 2132//2992
f  2133//2993 2132//2992 2240//3110
f  2157//3019 2133//2993 2241//3111
f  2240//3110 2241//3111 2133//2993
f  2157//3019 2241//3111 2154//3016
f  2242//3112 2154//3016 2241//3111
f  2242//3112 2243//3113 2154//3016
f  2155//3017 2154//3016 2243//3113
f  2155//3017 2243//3113 2160//3022
f  2179//3041 2160//3022 2243//3113
f  2244//3114 2166//3028 2245//3115
f  2163//3025 2245//3115 2166//3028
f  2246//3116 2245//3115 2178//3040
f  2163//3025 2178//3040 2245//3115
f  2136//2996 2208//3070 2132//2992
f  2239//3109 2132//2992 2208//3070
f  2166//3028 2244//3114 2164//3026
f  2247//3117 2164//3026 2244//3114
f  2164//3026 2247//3117 2180//3042
f  2248//3118 2180//3042 2247//3117
f  2248//3118 2249//3119 2180//3042
f  2183//3045 2180//3042 2249//3119
f  2250//3120 2181//3043 2182//3044
f  2180//3042 2182//3044 2181//3043
f  2247//3117 2244//3114 2248//3118
f  2245//3115 2248//3118 2244//3114
f  2245//3115 2246//3116 2248//3118
f  2249//3119 2248//3118 2246//3116
f  2184//3046 2183//3045 2251//3121
f  2249//3119 2251//3121 2183//3045
f  2191//3053 2251//3121 2246//3116
f  2249//3119 2246//3116 2251//3121
f  2250//3120 2182//3044 2252//3122
f  2185//3047 2252//3122 2182//3044
f  2253//3123 2254//3124 2252//3125
f  2250//3126 2252//3125 2254//3124
f  2254//3124 2237//3105 2250//3126
f  2181//3106 2250//3126 2237//3105
f  2196//3058 2186//3048 2184//3046
f  2182//3044 2184//3046 2186//3048
f  2255//3127 2252//3122 2256//3128
f  2185//3047 2256//3128 2252//3122
f  2253//3123 2252//3125 2257//3129
f  2255//3130 2257//3129 2252//3125
f  2185//3047 2187//3049 2256//3128
f  2258//3131 2256//3128 2187//3049
f  2087//2928 2255//3127 2086//2927
f  2256//3128 2086//2927 2255//3127
f  2256//3128 2258//3131 2086//2927
f  2088//2929 2086//2927 2258//3131
f  2087//2931 2089//2930 2255//3130
f  2257//3129 2255//3130 2089//2930
f  2189//3051 2179//3041 2259//3132
f  2243//3113 2259//3132 2179//3041
f  2259//3132 2243//3113 2260//3133
f  2242//3112 2260//3133 2243//3113
f  2187//3049 2195//3057 2193//3055
f  2188//3050 2193//3055 2195//3057
f  2194//3056 2189//3051 2198//3060
f  2259//3132 2198//3060 2189//3051
f  2260//3133 2201//3063 2259//3132
f  2198//3060 2259//3132 2201//3063
f  2192//3054 2190//3052 2261//3134
f  2196//3058 2261//3134 2190//3052
f  2261//3134 2251//3121 2192//3054
f  2191//3053 2192//3054 2251//3121
f  2258//3131 2187//3049 2262//3135
f  2193//3055 2262//3135 2187//3049
f  2088//2929 2258//3131 2094//2936
f  2262//3135 2094//2936 2258//3131
f  2096//2938 2094//2936 2263//3136
f  2262//3135 2263//3136 2094//2936
f  2197//3059 2263//3136 2262//3135
f  2201//3063 2200//3062 2198//3060
f  2197//3059 2198//3060 2200//3062
f  2200//3062 2205//3067 2197//3059
f  2263//3136 2197//3059 2205//3067
f  2264//3137 2260//3133 2241//3111
f  2242//3112 2241//3111 2260//3133
f  2264//3137 2199//3061 2260//3133
f  2201//3063 2260//3133 2199//3061
f  2241//3111 2240//3110 2264//3137
f  2211//3073 2264//3137 2240//3110
f  2240//3110 2239//3109 2211//3073
f  2210//3072 2211//3073 2239//3109
f  2207//3069 2210//3072 2208//3070
f  2239//3109 2208//3070 2210//3072
f  2214//3076 2212//3074 2207//3069
f  2210//3072 2207//3069 2212//3074
f  2265//3138 2212//3074 2266//3139
f  2214//3076 2266//3139 2212//3074
f  2265//3138 2267//3140 2212//3074
f  2203//3065 2212//3074 2267//3140
f  2215//3077 2217//3079 2266//3139
f  2265//3138 2266//3139 2217//3079
f  2216//3078 2267//3140 2217//3079
f  2265//3138 2217//3079 2267//3140
f  2268//3141 2266//3139 2213//3075
f  2214//3076 2213//3075 2266//3139
f  2215//3077 2266//3139 2269//3142
f  2268//3141 2269//3142 2266//3139
f  2270//3143 2204//3066 2267//3140
f  2203//3065 2267//3140 2204//3066
f  2271//3144 2270//3143 2216//3078
f  2267//3140 2216//3078 2270//3143
f  2106//2948 2105//2947 2270//3143
f  2204//3066 2270//3143 2105//2947
f  2107//2949 2106//2948 2271//3144
f  2270//3143 2271//3144 2106//2948
f  2108//2950 2205//3067 2105//2947
f  2204//3066 2105//2947 2205//3067
f  2110//2952 2268//3141 2109//2951
f  2213//3075 2109//2951 2268//3141
f  2269//3142 2268//3141 2111//2953
f  2110//2952 2111//2953 2268//3141
f  2263//3136 2205//3067 2096//2938
f  2108//2950 2096//2938 2205//3067
f  2216//3078 2215//3077 2271//3144
f  2269//3142 2271//3144 2215//3077
f  2150//3012 2148//3010 2152//3014
f  2178//3040 2188//3050 2246//3116
f  2191//3053 2246//3116 2188//3050
f  2184//3046 2251//3121 2196//3058
f  2261//3134 2196//3058 2251//3121
f  2264//3137 2211//3073 2199//3061
f  2202//3064 2199//3061 2211//3073
f  2213//3075 2209//3071 2109//2951
f  2025//2853 2109//2951 2209//3071
f  2271//3144 2269//3142 2107//2949
f  2111//2953 2107//2949 2269//3142
f  2272//3145 2142//3146 2141//3147
f  2272//3145 2124//3148 2143//3149
f  2272//3145 2143//3149 2144//3150
f  2272//3145 2147//3151 2142//3146
f  2272//3145 2149//3152 2147//3151
f  2141//3001 2034//2864 2120//2980
f  2272//3145 2120//3153 2218//3154
f  2272//3145 2218//3154 2222//3155
f  2272//3145 2222//3155 2124//3148
f  2272//3145 2144//3150 2229//3156
f  2272//3145 2229//3156 2149//3152
f  2273//3157 2274//3158 2169//3159
f  2168//3160 2169//3159 2274//3158
f  2275//3161 2273//3157 2170//3162
f  2169//3159 2170//3162 2273//3157
f  2274//3158 2116//2973 2168//3163
f  2055//2972 2168//3163 2116//2973
f  2117//2977 2275//3161 2056//2976
f  2170//3164 2056//2976 2275//3161
f  2118//2978 2273//3157 2117//2977
f  2275//3161 2117//2977 2273//3157
f  2274//3158 2273//3157 2116//2973
f  2118//2978 2116//2973 2273//3157
f  2057//2891 2058//2892 1984//2812
f  2171//3033 2058//2892 2172//3034
f  2049//2883 1968//2796 1967//2795
f  1974//2802 2069//2907 2049//2883
f  1931//2757 1929//2755 1926//2863
f  1927//2862 1929//2755 2119//3080
f  2035//2869 1931//2757 1926//2863
f  2219//3083 2119//3080 2122//2982
f  2051//2885 1971//2799 1970//2798
f  2233//3100 2159//3021 2158//3020
f  2054//2888 2051//2885 1986//2814
f  2159//3021 2233//3100 2173//3035
f  2180//3042 2165//3027 2164//3026
f  2166//3028 2164//3026 2161//3023
f  1994//2822 1976//2804 1995//2823
f  1995//2823 1976//2804 1975//2803
f  2152//3014 2151//3013 2158//3020
f  2069//2907 1968//2796 2049//2883
f  2156//3018 2154//3016 2153//3015
f  2049//2883 1972//2800 1974//2802
f  2153//3015 2160//3022 2162//3024
f  2195//3057 2190//3052 2188//3050
f  2010//2838 2003//2831 2006//2834
f  222//267 305//372 225//270
f  33//36 35//38 143//174
f  100//110 99//111 78//81
f  275//326 263//308 276//327
f  1925//2751 2034//2864 1952//2778
f  2272//3145 2141//3147 2120//3153
f  1927//2753 2034//2864 1925//2751
f  1927//2753 2120//2980 2034//2864
f  2095//2937 2012//2840 2093//2935
f  2193//3055 2197//3059 2262//3135
f  55//58 167//198 56//59
f  242//287 244//289 325//392
f  43//46 45//48 58//61
f  232//277 246//291 233//278
f  88//102 24//27 22//25
f  208//253 215//260 213//258
f  22//25 98//105 72//75
f  273//320 274//321 257//302
f  30//33 214//259 221//266
f  1423//1995 1426//2068 1397//1967
f  1836//2598 1810//2570 1839//2671
f  72//75 75//78 69//72
f  257//302 255//300 260//305
f  2276//3165 2277//3166 2278//3167
f  2279//3168 2278//3167 2277//3166
f  2280//3169 2281//3170 2278//3167
f  2276//3165 2278//3167 2281//3170
f  2282//3171 2277//3166 2283//3172
f  2276//3165 2283//3172 2277//3166
f  2281//3170 2284//3173 2276//3165
f  2283//3172 2276//3165 2284//3173
f  2278//3167 2279//3168 2285//3174
f  2286//3175 2285//3174 2279//3168
f  2280//3169 2278//3167 2287//3176
f  2285//3174 2287//3176 2278//3167
f  2285//3174 2286//3175 2288//3177
f  2289//3178 2288//3177 2286//3175
f  2287//3176 2285//3174 2290//3179
f  2288//3177 2290//3179 2285//3174
f  2291//3180 2292//3181 2289//3178
f  2288//3177 2289//3178 2292//3181
f  2293//3182 2290//3179 2292//3181
f  2288//3177 2292//3181 2290//3179
f  2294//3183 2282//3171 2295//3184
f  2283//3172 2295//3184 2282//3171
f  2296//3185 2295//3184 2284//3173
f  2283//3172 2284//3173 2295//3184
f  2294//3183 2295//3184 2297//3186
f  2298//3187 2297//3186 2295//3184
f  2299//3188 2298//3187 2296//3185
f  2295//3184 2296//3185 2298//3187
f  2300//3189 2297//3186 2301//3190
f  2298//3187 2301//3190 2297//3186
f  2302//3191 2301//3190 2299//3188
f  2298//3187 2299//3188 2301//3190
f  2300//3189 2301//3190 2303//3192
f  2304//3193 2303//3192 2301//3190
f  2302//3191 2305//3194 2301//3190
f  2304//3193 2301//3190 2305//3194
f  2303//3195 2304//3196 2291//3180
f  2292//3181 2291//3180 2304//3196
f  2305//3197 2293//3182 2304//3196
f  2292//3181 2304//3196 2293//3182
f  2281//3170 2306//3198 2284//3173
f  2307//3199 2284//3173 2306//3198
f  2284//3173 2307//3199 2296//3185
f  2308//3200 2296//3185 2307//3199
f  2309//3201 2299//3188 2308//3200
f  2296//3185 2308//3200 2299//3188
f  2309//3201 2310//3202 2299//3188
f  2302//3191 2299//3188 2310//3202
f  2310//3202 2311//3203 2302//3191
f  2305//3194 2302//3191 2311//3203
f  2293//3182 2305//3197 2312//3204
f  2311//3205 2312//3204 2305//3197
f  2312//3204 2313//3206 2293//3182
f  2290//3179 2293//3182 2313//3206
f  2290//3179 2313//3206 2287//3176
f  2314//3207 2287//3176 2313//3206
f  2315//3208 2280//3169 2314//3207
f  2287//3176 2314//3207 2280//3169
f  2306//3198 2281//3170 2315//3208
f  2280//3169 2315//3208 2281//3170
f  2313//3209 2312//3210 2314//3211
f  2315//3212 2314//3211 2312//3210
f  2312//3210 2311//3213 2315//3212
f  2306//3214 2315//3212 2311//3213
f  2307//3215 2306//3214 2310//3216
f  2311//3213 2310//3216 2306//3214
f  2308//3217 2307//3215 2309//3218
f  2310//3216 2309//3218 2307//3215
f  2316//3219 2317//3220 2318//3221
f  2319//3222 2318//3221 2317//3220
f  2319//3222 2320//3223 2318//3221
f  2321//3224 2318//3221 2320//3223
f  2319//3222 2317//3220 2322//3225
f  2323//3226 2322//3225 2317//3220
f  2322//3225 2324//3227 2319//3222
f  2320//3223 2319//3222 2324//3227
f  2325//3228 2316//3219 2326//3229
f  2318//3221 2326//3229 2316//3219
f  2326//3229 2318//3221 2327//3230
f  2321//3224 2327//3230 2318//3221
f  2328//3231 2325//3228 2329//3232
f  2326//3229 2329//3232 2325//3228
f  2329//3232 2326//3229 2330//3233
f  2327//3230 2330//3233 2326//3229
f  2329//3232 2331//3234 2328//3231
f  2332//3235 2328//3231 2331//3234
f  2329//3232 2330//3233 2331//3234
f  2333//3236 2331//3234 2330//3233
f  2322//3225 2323//3226 2334//3237
f  2335//3238 2334//3237 2323//3226
f  2322//3225 2334//3237 2324//3227
f  2336//3239 2324//3227 2334//3237
f  2337//3240 2334//3237 2338//3241
f  2335//3238 2338//3241 2334//3237
f  2334//3237 2337//3240 2336//3239
f  2339//3242 2336//3239 2337//3240
f  2337//3240 2338//3241 2340//3243
f  2341//3244 2340//3243 2338//3241
f  2337//3240 2340//3243 2339//3242
f  2342//3245 2339//3242 2340//3243
f  2343//3246 2340//3243 2344//3247
f  2341//3244 2344//3247 2340//3243
f  2343//3246 2345//3248 2340//3243
f  2342//3245 2340//3243 2345//3248
f  2331//3234 2343//3249 2332//3235
f  2344//3250 2332//3235 2343//3249
f  2331//3234 2333//3236 2343//3249
f  2345//3251 2343//3249 2333//3236
f  2346//3252 2347//3253 2324//3227
f  2320//3223 2324//3227 2347//3253
f  2348//3254 2346//3252 2336//3239
f  2324//3227 2336//3239 2346//3252
f  2336//3239 2339//3242 2348//3254
f  2349//3255 2348//3254 2339//3242
f  2342//3245 2350//3256 2339//3242
f  2349//3255 2339//3242 2350//3256
f  2345//3248 2351//3257 2342//3245
f  2350//3256 2342//3245 2351//3257
f  2351//3258 2345//3251 2352//3259
f  2333//3236 2352//3259 2345//3251
f  2330//3233 2353//3260 2333//3236
f  2352//3259 2333//3236 2353//3260
f  2354//3261 2353//3260 2327//3230
f  2330//3233 2327//3230 2353//3260
f  2327//3230 2321//3224 2354//3261
f  2355//3262 2354//3261 2321//3224
f  2321//3224 2320//3223 2355//3262
f  2347//3253 2355//3262 2320//3223
f  2355//3263 2352//3264 2354//3265
f  2353//3266 2354//3265 2352//3264
f  2347//3267 2351//3268 2355//3263
f  2352//3264 2355//3263 2351//3268
f  2351//3268 2347//3267 2350//3269
f  2346//3270 2350//3269 2347//3267
f  2350//3269 2346//3270 2349//3271
f  2348//3272 2349//3271 2346//3270
f  2356//3273 2357//3274 2358//3275
f  2359//3276 2358//3275 2357//3274
f  2359//3276 2360//3277 2358//3275
f  2361//3278 2358//3275 2360//3277
f  2362//3279 2363//3280 2361//3278
f  2361//3278 2363//3280 2364//3281
f  2365//3282 2366//3283 2356//3273
f  2356//3273 2366//3283 2367//3284
f  2368//3285 2369//3286 2370//3287
f  2371//3288 2372//3289 2373//3290
f  2363//3280 2362//3279 2374//3291
f  2375//3292 2374//3291 2362//3279
f  2376//3293 2377//3294 2374//3291
f  2363//3280 2374//3291 2377//3294
f  2378//3295 2364//3281 2377//3294
f  2363//3280 2377//3294 2364//3281
f  2379//3296 2380//3297 2364//3281
f  2361//3278 2364//3281 2380//3297
f  2381//3298 2379//3296 2378//3295
f  2364//3281 2378//3295 2379//3296
f  2380//3297 2382//3299 2361//3278
f  2358//3275 2361//3278 2382//3299
f  2383//3300 2384//3301 2376//3293
f  2377//3294 2376//3293 2384//3301
f  2378//3295 2377//3294 2385//3302
f  2384//3301 2385//3302 2377//3294
f  2381//3298 2378//3295 2386//3303
f  2385//3302 2386//3303 2378//3295
f  2387//3304 2385//3302 2388//3305
f  2384//3301 2388//3305 2385//3302
f  2389//3306 2386//3303 2387//3304
f  2385//3302 2387//3304 2386//3303
f  2390//3307 2388//3305 2383//3300
f  2384//3301 2383//3300 2388//3305
f  2391//3308 2387//3304 2392//3309
f  2388//3305 2392//3309 2387//3304
f  2389//3306 2387//3304 2393//3310
f  2391//3308 2393//3310 2387//3304
f  2394//3311 2392//3309 2390//3307
f  2388//3305 2390//3307 2392//3309
f  2394//3312 2395//3313 2392//3314
f  2396//3315 2392//3314 2395//3313
f  2397//3316 2391//3317 2396//3315
f  2392//3314 2396//3315 2391//3317
f  2398//3318 2393//3319 2397//3316
f  2391//3317 2397//3316 2393//3319
f  2396//3315 2395//3313 2399//3320
f  2400//3321 2399//3320 2395//3313
f  2401//3322 2397//3316 2399//3320
f  2396//3315 2399//3320 2397//3316
f  2402//3323 2398//3318 2401//3322
f  2397//3316 2401//3322 2398//3318
f  2401//3322 2399//3320 2365//3282
f  2366//3283 2365//3282 2399//3320
f  2402//3323 2401//3322 2403//3324
f  2365//3282 2403//3324 2401//3322
f  2404//3325 2366//3283 2400//3321
f  2399//3320 2400//3321 2366//3283
f  2366//3283 2404//3325 2367//3284
f  2405//3326 2367//3284 2404//3325
f  2356//3273 2406//3327 2403//3324
f  2382//3299 2406//3327 2358//3275
f  2356//3273 2358//3275 2406//3327
f  2407//3328 2408//3329 2359//3276
f  2360//3277 2359//3276 2408//3329
f  2409//3330 2407//3328 2357//3274
f  2359//3276 2357//3274 2407//3328
f  2362//3279 2360//3277 2410//3331
f  2408//3329 2410//3331 2360//3277
f  2370//3287 2408//3329 2411//3332
f  2407//3328 2411//3332 2408//3329
f  2408//3329 2370//3287 2410//3331
f  2369//3286 2410//3331 2370//3287
f  2407//3328 2409//3330 2411//3332
f  2373//3290 2411//3332 2409//3330
f  2368//3285 2370//3287 2412//3333
f  2411//3332 2412//3333 2370//3287
f  2373//3290 2372//3289 2411//3332
f  2412//3333 2411//3332 2372//3289
f  2410//3331 2413//3334 2362//3279
f  2375//3292 2362//3279 2413//3334
f  2413//3334 2410//3331 2414//3335
f  2369//3286 2414//3335 2410//3331
f  2415//3336 2409//3330 2367//3284
f  2357//3274 2367//3284 2409//3330
f  2373//3290 2409//3330 2371//3288
f  2415//3336 2371//3288 2409//3330
f  2415//3336 2367//3284 2416//3337
f  2405//3326 2416//3337 2367//3284
f  2416//3337 2417//3338 2415//3336
f  2371//3288 2415//3336 2417//3338
f  2372//3289 2371//3288 2418//3339
f  2417//3338 2418//3339 2371//3288
f  2368//3285 2412//3333 2419//3340
f  2420//3341 2419//3340 2412//3333
f  2412//3333 2372//3289 2420//3341
f  2418//3339 2420//3341 2372//3289
f  2368//3285 2419//3340 2369//3286
f  2414//3335 2369//3286 2419//3340
f  2404//3342 2374//3343 2405//3344
f  2375//3345 2405//3344 2374//3343
f  2390//3346 2383//3347 2394//3348
f  2395//3349 2394//3348 2383//3347
f  2383//3347 2376//3350 2395//3349
f  2400//3351 2395//3349 2376//3350
f  2376//3350 2374//3343 2400//3351
f  2404//3342 2400//3351 2374//3343
f  2416//3352 2405//3344 2413//3353
f  2375//3345 2413//3353 2405//3344
f  2417//3354 2416//3352 2414//3355
f  2413//3353 2414//3355 2416//3352
f  2418//3356 2417//3354 2419//3357
f  2414//3355 2419//3357 2417//3354
f  2420//3358 2418//3356 2419//3357
f  2379//3296 2421//3359 2380//3297
f  2422//3360 2380//3297 2421//3359
f  2381//3298 2423//3361 2379//3296
f  2421//3359 2379//3296 2423//3361
f  2380//3297 2422//3360 2382//3299
f  2424//3362 2382//3299 2422//3360
f  2386//3303 2425//3363 2381//3298
f  2423//3361 2381//3298 2425//3363
f  2389//3306 2426//3364 2386//3303
f  2425//3363 2386//3303 2426//3364
f  2393//3310 2427//3365 2389//3306
f  2426//3364 2389//3306 2427//3365
f  2398//3318 2428//3366 2393//3319
f  2427//3367 2393//3319 2428//3366
f  2402//3323 2429//3368 2398//3318
f  2428//3366 2398//3318 2429//3368
f  2403//3324 2430//3369 2402//3323
f  2429//3368 2402//3323 2430//3369
f  2406//3327 2431//3370 2403//3324
f  2430//3369 2403//3324 2431//3370
f  2382//3299 2424//3362 2406//3327
f  2431//3370 2406//3327 2424//3362
f  2365//3282 2356//3273 2403//3324
f  2360//3277 2362//3279 2361//3278
f  2432//3371 2433//3372 2434//3373
f  2435//3374 2434//3373 2433//3372
f  2436//3375 2437//3376 2434//3373
f  2432//3371 2434//3373 2437//3376
f  2438//3377 2439//3378 2436//3375
f  2438//3377 2436//3375 2440//3379
f  2441//3380 2442//3381 2435//3374
f  2435//3374 2433//3372 2443//3382
f  2444//3383 2445//3384 2446//3385
f  2447//3386 2448//3387 2449//3388
f  2450//3389 2439//3378 2451//3390
f  2438//3377 2451//3390 2439//3378
f  2438//3377 2452//3391 2451//3390
f  2453//3392 2451//3390 2452//3391
f  2438//3377 2440//3379 2452//3391
f  2454//3393 2452//3391 2440//3379
f  2436//3375 2455//3394 2440//3379
f  2456//3395 2440//3379 2455//3394
f  2440//3379 2456//3395 2454//3393
f  2457//3396 2454//3393 2456//3395
f  2434//3373 2458//3397 2436//3375
f  2455//3394 2436//3375 2458//3397
f  2452//3391 2459//3398 2453//3392
f  2460//3399 2453//3392 2459//3398
f  2459//3398 2452//3391 2461//3400
f  2454//3393 2461//3400 2452//3391
f  2461//3400 2454//3393 2462//3401
f  2457//3396 2462//3401 2454//3393
f  2459//3398 2461//3400 2463//3402
f  2464//3403 2463//3402 2461//3400
f  2461//3400 2462//3401 2464//3403
f  2465//3404 2464//3403 2462//3401
f  2459//3398 2463//3402 2460//3399
f  2466//3405 2460//3399 2463//3402
f  2463//3402 2464//3403 2467//3406
f  2468//3407 2467//3406 2464//3403
f  2468//3407 2464//3403 2469//3408
f  2465//3404 2469//3408 2464//3403
f  2463//3402 2467//3406 2466//3405
f  2470//3409 2466//3405 2467//3406
f  2471//3410 2472//3411 2467//3412
f  2470//3413 2467//3412 2472//3411
f  2467//3412 2468//3414 2471//3410
f  2473//3415 2471//3410 2468//3414
f  2468//3414 2469//3416 2473//3415
f  2474//3417 2473//3415 2469//3416
f  2475//3418 2472//3411 2476//3419
f  2471//3410 2476//3419 2472//3411
f  2471//3410 2473//3415 2476//3419
f  2477//3420 2476//3419 2473//3415
f  2473//3415 2474//3417 2477//3420
f  2478//3421 2477//3420 2474//3417
f  2441//3380 2476//3419 2442//3381
f  2477//3420 2442//3381 2476//3419
f  2442//3381 2477//3420 2479//3422
f  2478//3421 2479//3422 2477//3420
f  2476//3419 2441//3380 2475//3418
f  2480//3423 2475//3418 2441//3380
f  2481//3424 2480//3423 2443//3382
f  2441//3380 2443//3382 2480//3423
f  2482//3425 2435//3374 2479//3422
f  2435//3374 2482//3425 2434//3373
f  2458//3397 2434//3373 2482//3425
f  2437//3376 2483//3426 2432//3371
f  2484//3427 2432//3371 2483//3426
f  2432//3371 2484//3427 2433//3372
f  2485//3428 2433//3372 2484//3427
f  2483//3426 2437//3376 2486//3429
f  2439//3378 2486//3429 2437//3376
f  2484//3427 2483//3426 2487//3430
f  2446//3385 2487//3430 2483//3426
f  2444//3383 2446//3385 2486//3429
f  2483//3426 2486//3429 2446//3385
f  2449//3388 2485//3428 2487//3430
f  2484//3427 2487//3430 2485//3428
f  2487//3430 2446//3385 2488//3431
f  2445//3384 2488//3431 2446//3385
f  2488//3431 2447//3386 2487//3430
f  2449//3388 2487//3430 2447//3386
f  2450//3389 2489//3432 2439//3378
f  2486//3429 2439//3378 2489//3432
f  2444//3383 2486//3429 2490//3433
f  2489//3432 2490//3433 2486//3429
f  2433//3372 2485//3428 2443//3382
f  2491//3434 2443//3382 2485//3428
f  2491//3434 2485//3428 2448//3387
f  2449//3388 2448//3387 2485//3428
f  2481//3424 2443//3382 2492//3435
f  2491//3434 2492//3435 2443//3382
f  2448//3387 2493//3436 2491//3434
f  2492//3435 2491//3434 2493//3436
f  2493//3436 2448//3387 2494//3437
f  2447//3386 2494//3437 2448//3387
f  2495//3438 2488//3431 2496//3439
f  2445//3384 2496//3439 2488//3431
f  2494//3437 2447//3386 2495//3438
f  2488//3431 2495//3438 2447//3386
f  2490//3433 2496//3439 2444//3383
f  2445//3384 2444//3383 2496//3439
f  2450//3440 2451//3441 2481//3442
f  2480//3443 2481//3442 2451//3441
f  2472//3444 2460//3445 2470//3446
f  2466//3447 2470//3446 2460//3445
f  2475//3448 2453//3449 2472//3444
f  2460//3445 2472//3444 2453//3449
f  2480//3443 2451//3441 2475//3448
f  2453//3449 2475//3448 2451//3441
f  2450//3440 2481//3442 2489//3450
f  2492//3451 2489//3450 2481//3442
f  2489//3450 2492//3451 2490//3452
f  2493//3453 2490//3452 2492//3451
f  2490//3452 2493//3453 2496//3454
f  2494//3455 2496//3454 2493//3453
f  2494//3455 2495//3456 2496//3454
f  2497//3457 2498//3458 2455//3394
f  2456//3395 2455//3394 2498//3458
f  2498//3458 2499//3459 2456//3395
f  2457//3396 2456//3395 2499//3459
f  2500//3460 2497//3457 2458//3397
f  2455//3394 2458//3397 2497//3457
f  2499//3459 2501//3461 2457//3396
f  2462//3401 2457//3396 2501//3461
f  2501//3461 2502//3462 2462//3401
f  2465//3404 2462//3401 2502//3462
f  2502//3462 2503//3463 2465//3404
f  2469//3408 2465//3404 2503//3463
f  2503//3464 2504//3465 2469//3416
f  2474//3417 2469//3416 2504//3465
f  2504//3465 2505//3466 2474//3417
f  2478//3421 2474//3417 2505//3466
f  2505//3466 2506//3467 2478//3421
f  2479//3422 2478//3421 2506//3467
f  2506//3467 2507//3468 2479//3422
f  2482//3425 2479//3422 2507//3468
f  2507//3468 2500//3460 2482//3425
f  2458//3397 2482//3425 2500//3460
f  2435//3374 2442//3381 2479//3422
f  2439//3378 2437//3376 2436//3375
f  754//1014 752//1012 764//1026
f  751//1011 764//1026 752//1012
f  765//1027 764//1026 712//939
f  751//1011 712//939 764//1026
f  753//1013 757//1019 693//913
f  761//1023 693//913 757//1019
f  755//1016 761//1023 694//915
f  760//1022 694//915 761//1023
f  2508//3469 694//915 784//1046
f  760//1022 784//1046 694//915
f  2508//3469 784//1046 2509//3470
f  785//1047 2509//3470 784//1046
f  2509//3470 785//1047 706//932
f  786//1048 706//932 785//1047
f  783//1045 790//1069 786//1048
f  789//1053 786//1048 790//1069
f  1038//1422 1027//1409 1030//1412
f  1028//1410 1030//1412 1027//1409
f  1042//1426 987//1336 1038//1422
f  1027//1409 1038//1422 987//1336
f  1029//1411 969//1311 1032//1416
f  1035//1419 1032//1416 969//1311
f  1031//1415 970//1313 1035//1419
f  1036//1420 1035//1419 970//1313
f  2510//3471 1060//1444 970//1313
f  1036//1420 970//1313 1060//1444
f  2511//3472 1061//1445 2510//3471
f  1060//1444 2510//3471 1061//1445
f  2511//3472 982//1330 1061//1445
f  1062//1446 1061//1445 982//1330
f  1059//1443 1062//1446 1066//1466
f  1065//1451 1066//1466 1062//1446
f  715//943 746//1002 714//942
f  747//1004 714//942 746//1002
f  991//1341 990//1340 1022//1401
f  1023//1402 1022//1401 990//1340
f  672//891 746//1002 745//1003
f  747//1004 708//1068 714//942
f  704//940 714//942 708//1068
f  948//1289 1021//1400 1022//1401
f  949//1290 1023//1402 984//1465
f  677//896 676//895 750//1010
f  749//1008 750//1010 676//895
f  953//1294 1026//1408 952//1293
f  1025//1407 952//1293 1026//1408
f  749//1008 748//1009 684//903
f  685//904 684//903 748//1009
f  677//896 750//1010 690//1015
f  952//1293 1025//1407 1024//1406
f  953//1294 966//1413 1026//1408
f  141//172 49//52 136//167
f  156//187 136//167 49//52
f  303//370 300//367 236//281
f  318//385 236//281 300//367
f  134//165 136//167 132//163
f  137//168 300//367 132//163
f  236//281 318//385 250//295
f  157//188 180//214 318//385
f  180//214 156//187 62//65
f  157//188 156//187 180//214
f  126//157 110//128 106//124
f  108//126 106//124 110//128
f  11//11 108//126 104//133
f  107//125 104//133 108//126
f  114//155 126//157 112//131
f  106//124 112//131 126//157
f  109//127 130//161 107//125
f  113//132 107//125 130//161
f  17//20 116//138 111//139
f  112//136 111//139 116//138
f  19//22 118//145 17//20
f  116//138 17//20 118//145
f  294//360 279//336 296//363
f  281//338 296//363 279//336
f  296//363 281//338 284//343
f  280//337 284//343 281//338
f  290//361 283//342 294//360
f  279//336 294//360 283//342
f  105//134 113//132 278//339
f  280//337 278//339 113//132
f  290//355 288//353 283//344
f  285//345 283//344 288//353
f  288//353 218//263 285//345
f  217//262 285//345 218//263
f  117//144 118//145 27//30
f  19//22 23//26 118//145
f  214//259 217//262 219//264
f  210//255 217//262 214//259
f  118//145 23//26 27//30
f  221//266 214//259 219//264
f  51//54 154//185 52//55
f  166//197 164//195 158//189
f  52//55 158//189 164//195
f  158//189 316//383 239//284
f  2512//3473 158//189 154//185
f  2512//3473 316//383 158//189
f  2512//3473 154//185 41//44
f  2512//3473 41//44 316//383
f  41//44 154//185 42//45
f  41//44 230//275 316//383
f  108//126 11//11 106//124
f  281//338 279//336 201//243
f  561//762 557//758 555//756
f  599//800 558//759 562//763
f  557//758 562//763 558//759
f  554//755 591//792 555//756
f  593//794 555//756 591//792
f  594//795 593//794 627//832
f  595//796 627//832 593//794
f  598//799 559//760 600//801
f  558//759 600//801 559//760
f  598//799 600//801 604//805
f  606//807 604//805 600//801
f  604//805 606//807 609//810
f  619//823 609//810 606//807
f  609//810 619//823 612//813
f  622//826 612//813 619//823
f  621//825 632//837 622//826
f  623//827 622//826 632//837
f  634//841 624//829 632//839
f  623//828 632//839 624//829
f  629//834 626//831 634//841
f  624//829 634//841 626//831
f  629//834 627//832 626//831
f  595//796 626//831 627//832
f  837//1160 831//1154 830//1153
f  876//1199 838//1161 834//1157
f  830//1153 834//1157 838//1161
f  833//1156 831//1154 868//1191
f  870//1193 868//1191 831//1154
f  869//1192 904//1231 870//1193
f  871//1194 870//1193 904//1231
f  874//1197 875//1198 835//1158
f  834//1157 835//1158 875//1198
f  874//1197 880//1203 875//1198
f  881//1204 875//1198 880//1203
f  880//1203 885//1208 881//1204
f  895//1221 881//1204 885//1208
f  885//1208 888//1211 895//1221
f  897//1223 895//1221 888//1211
f  898//1224 897//1223 909//1236
f  899//1225 909//1236 897//1223
f  911//1239 909//1240 900//1226
f  899//1227 900//1226 909//1240
f  905//1232 911//1239 902//1229
f  900//1226 902//1229 911//1239
f  905//1232 902//1229 904//1231
f  871//1194 904//1231 902//1229
f  761//1023 755//1016 693//913
f  786//1048 789//1053 706//932
f  1035//1419 969//1311 1031//1415
f  1062//1446 982//1330 1065//1451
f  679//898 752//1012 683//902
f  693//913 683//902 752//1012
f  686//1017 755//1016 688//910
f  694//915 688//910 755//1016
f  787//1049 695//916 2508//3469
f  694//915 2508//3469 695//916
f  787//1049 2508//3469 788//1050
f  2509//3470 788//1050 2508//3469
f  788//1050 2509//3470 703//929
f  706//932 703//929 2509//3470
f  713//3474 789//1056 711//938
f  712//939 711//938 789//1056
f  954//1295 959//1300 1028//1410
f  969//1311 1028//1410 959//1300
f  962//1414 964//1307 1031//1415
f  970//1313 1031//1415 964//1307
f  1063//1447 2510//3471 971//1314
f  970//1313 971//1314 2510//3471
f  1064//1448 2511//3472 1063//1447
f  2510//3471 1063//1447 2511//3472
f  1064//1448 980//1328 2511//3472
f  982//1330 2511//3472 980//1328
f  989//3475 988//1337 1065//1452
f  987//1336 1065//1452 988//1337
f  745//3476 711//938 674//893
f  1021//3477 950//1291 988//1337
f  959//1300 951//1292 960//1312
f  683//902 685//914 675//894
f  2357//3274 2356//3273 2367//3284
f  2441//3380 2435//3374 2443//3382
f  303//370 299//366 300//367
f  141//172 136//167 134//165
f  989//3478 1065//1451 979//1327
f  706//932 789//1053 704//930
f  2054//2888 1989//2817 2053//2887
f  2177//3039 2176//3038 2234//3101
f  176//210 175//209 61//64
f  248//293 330//399 249//294

