v -53.94393 -4.51064 91.4943
v -52.18941 -3.443202 92.12681
v -55.70375 -4.510639 92.72653
v -55.70947 -3.443202 94.59156
v -53.95495 -2.375765 95.22408
v -52.19514 -2.375765 93.99184
v -52.18941 -3.443202 92.12681
v -45.51163 -20.07034 101.6637
v -53.94393 -4.51064 91.4943
v -45.51735 -19.0029 103.5287
v -47.26614 -21.13778 101.0312
v -53.95495 -2.375765 95.22408
v -55.70375 -4.510639 92.72653
v -47.27717 -19.0029 104.761
v -49.02596 -21.13777 102.2634
v -55.70947 -3.443202 94.59156
v -49.03168 -20.07034 104.1285
v -49.02596 -21.13777 102.2634
v -45.51163 -20.07034 101.6637
v -47.26614 -21.13778 101.0312
v -49.03168 -20.07034 104.1285
v -47.27717 -19.0029 104.761
v -45.51735 -19.0029 103.5287
v -46.38916 -23.40947 102.1269
v -44.48784 -22.25272 102.8123
v -48.29669 -23.40948 103.4626
v -48.3029 -22.25273 105.4837
v -46.40158 -21.09597 106.1691
v -44.49404 -21.09597 104.8334
v -47.86291 -24.48956 104.0821
v -44.05405 -23.33281 103.4319
v -45.95538 -24.48956 102.7464
v -47.86912 -23.33281 106.1032
v -45.9678 -22.17606 106.7886
v -44.06026 -22.17606 105.4529
v -45.50356 -25.41862 103.7385
v -43.92772 -24.4598 104.3067
v -47.0848 -25.41862 104.8457
v -47.0898 -24.4598 106.5208
v -45.51396 -23.50098 107.0891
v -43.93272 -23.50098 105.9819
v -46.97275 -28.13663 105.8464
v -42.23883 -26.69897 105.0382
v -44.60191 -28.13663 104.1863
v -46.9801 -26.69898 108.358
v -44.61743 -25.26131 109.2102
v -42.24659 -25.26132 107.5501
v -48.68039 -12.04527 98.29158
v -47.6645 -12.04527 97.58023
v -48.46455 -13.02195 96.43763
v -49.48044 -13.02195 97.14897
v -47.6645 -12.04527 97.58023
v -50.01684 -6.18812 94.22073
v -50.81689 -7.164803 93.07813
v -48.46455 -13.02195 96.43763
v -50.01684 -6.18812 94.22073
v -51.03274 -6.18812 94.93206
v -51.83279 -7.164803 93.78946
v -50.81689 -7.164803 93.07813
v -49.48044 -13.02195 97.14897
v -48.46455 -13.02195 96.43763
v -50.81689 -7.164803 93.07813
v -51.83279 -7.164803 93.78946
v -48.68039 -12.04527 98.29158
v -51.03274 -6.18812 94.93206
v -50.01684 -6.18812 94.22073
v -47.6645 -12.04527 97.58023
v -56.13856 -3.120615 94.61628
v -53.69334 -4.081378 93.72537
v -56.13175 -4.369561 92.43403
v -54.08559 -1.871672 95.35626
v -54.07239 -4.369561 90.99207
v -52.01942 -3.120617 91.73204
v -52.02624 -1.871672 93.91429
v -57.10607 -1.94359 91.04256
v -57.11288 -0.6946445 93.2248
v -56.13856 -3.120615 94.61628
v -55.05991 0.5543009 93.96479
v -55.04671 -1.943588 89.60059
v -52.01942 -3.120617 91.73204
v -52.99374 -0.6946445 90.34056
v -53.00055 0.5542994 92.52281
v -55.43938 0.2661184 91.23176
v -52.99374 -0.6946445 90.34056
v -57.11288 -0.6946445 93.2248
v -46.76599 -23.33281 105.3308
v -46.64254 -24.4598 106.2076
v -46.63866 -25.14722 105.0064
v -45.51243 -23.77237 106.6148
v -46.76314 -23.82057 104.4784
v -45.96403 -22.84504 105.6196
v -45.50508 -25.14723 104.2127
v -44.37886 -23.77237 105.8211
v -45.95873 -23.82057 103.9151
v -45.15962 -22.84504 105.0564
v -44.37539 -24.4598 104.6202
v -45.15718 -23.33281 104.2043
v -47.0898 -24.4598 106.5208
v -46.9801 -26.69898 108.358
v -46.97275 -28.13663 105.8464
v -44.61743 -25.26131 109.2102
v -47.0848 -25.41862 104.8457
v -45.51396 -23.50098 107.0891
v -44.60191 -28.13663 104.1863
v -42.24659 -25.26132 107.5501
v -45.50356 -25.41862 103.7385
v -43.93272 -23.50098 105.9819
v -42.23883 -26.69897 105.0382
v -43.92772 -24.4598 104.3067
v -48.3029 -22.25273 105.4837
v -47.86912 -23.33281 106.1032
v -47.86291 -24.48956 104.0821
v -45.9678 -22.17606 106.7886
v -48.29669 -23.40948 103.4626
v -46.40158 -21.09597 106.1691
v -45.95538 -24.48956 102.7464
v -44.06026 -22.17606 105.4529
v -46.38916 -23.40947 102.1269
v -44.49404 -21.09597 104.8334
v -44.05405 -23.33281 103.4319
v -44.48784 -22.25272 102.8123
v -48.07627 -20.07034 103.4595
v -47.38328 -22.25273 104.8397
v -47.38042 -22.85199 103.793
v -46.39865 -21.65346 105.1951
v -48.07341 -20.5581 102.6071
v -47.2743 -19.58257 103.7483
v -46.39209 -22.85199 103.1009
v -45.41032 -21.65346 104.503
v -47.26901 -20.5581 102.0438
v -46.46989 -19.58257 103.1851
v -45.40704 -22.25273 103.456
v -46.46745 -20.07034 102.333
f 3 2 1
f 4 2 3
f 2 4 5
f 2 5 6
f 8 7 6
f 7 8 9
f 10 8 6
f 8 11 9
f 10 6 12
f 9 11 13
f 14 10 12
f 11 15 13
f 14 12 16
f 13 15 16
f 17 14 16
f 15 17 16
f 20 19 18
f 18 19 21
f 19 22 21
f 19 23 22
f 26 25 24
f 27 25 26
f 25 27 28
f 25 28 29
f 32 31 30
f 30 31 33
f 31 34 33
f 31 35 34
f 38 37 36
f 39 37 38
f 37 39 40
f 37 40 41
f 44 43 42
f 42 43 45
f 43 46 45
f 43 47 46
f 50 49 48
f 51 50 48
f 54 53 52
f 55 54 52
f 58 57 56
f 59 58 56
f 62 61 60
f 63 62 60
f 66 65 64
f 67 66 64
f 70 69 68
f 69 71 68
f 72 69 70
f 73 69 72
f 69 73 74
f 69 74 71
f 72 70 75
f 75 70 76
f 70 77 76
f 77 71 76
f 71 78 76
f 71 74 78
f 79 72 75
f 80 72 79
f 81 80 79
f 80 81 82
f 74 80 82
f 74 82 78
f 75 83 79
f 83 78 82
f 79 83 84
f 83 82 84
f 85 83 75
f 83 85 78
f 88 87 86
f 87 89 86
f 90 88 86
f 89 91 86
f 92 88 90
f 89 93 91
f 94 92 90
f 93 95 91
f 96 92 94
f 93 96 95
f 97 96 94
f 96 97 95
f 100 99 98
f 99 101 98
f 102 100 98
f 101 103 98
f 104 100 102
f 101 105 103
f 106 104 102
f 105 107 103
f 108 104 106
f 105 108 107
f 109 108 106
f 108 109 107
f 112 111 110
f 111 113 110
f 114 112 110
f 113 115 110
f 116 112 114
f 113 117 115
f 118 116 114
f 117 119 115
f 120 116 118
f 117 120 119
f 121 120 118
f 120 121 119
f 124 123 122
f 123 125 122
f 126 124 122
f 125 127 122
f 128 124 126
f 125 129 127
f 130 128 126
f 129 131 127
f 132 128 130
f 129 132 131
f 133 132 130
f 132 133 131
v -53.94393 -4.510637 91.4943
v -52.18942 -3.4432 92.12681
v -55.70375 -4.510636 92.72653
v -55.70947 -3.443197 94.59157
v -53.95496 -2.375761 95.22409
v -52.19514 -2.375763 93.99184
v -52.18942 -3.4432 92.12681
v -45.51163 -20.07034 101.6637
v -53.94393 -4.510637 91.4943
v -45.51736 -19.0029 103.5287
v -47.26615 -21.13777 101.0312
v -53.95496 -2.375761 95.22409
v -55.70375 -4.510636 92.72653
v -47.27717 -19.0029 104.761
v -49.02596 -21.13777 102.2634
v -55.70947 -3.443197 94.59157
v -49.03168 -20.07034 104.1285
v -49.02596 -21.13777 102.2634
v -45.51163 -20.07034 101.6637
v -47.26615 -21.13777 101.0312
v -49.03168 -20.07034 104.1285
v -47.27717 -19.0029 104.761
v -45.51736 -19.0029 103.5287
v -46.38917 -23.40947 102.1269
v -44.48784 -22.25273 102.8123
v -48.2967 -23.40947 103.4626
v -48.3029 -22.25272 105.4837
v -46.40158 -21.09597 106.1691
v -44.49405 -21.09597 104.8334
v -47.86292 -24.48956 104.0821
v -44.05405 -23.33281 103.4318
v -45.95539 -24.48956 102.7464
v -47.86912 -23.33281 106.1032
v -45.9678 -22.17606 106.7886
v -44.06026 -22.17606 105.4529
v -45.50357 -25.41862 103.7385
v -43.92772 -24.4598 104.3067
v -47.08481 -25.41862 104.8457
v -47.0898 -24.4598 106.5208
v -45.51396 -23.50098 107.0891
v -43.93272 -23.50098 105.9819
v -46.97276 -28.13663 105.8464
v -42.23884 -26.69898 105.0382
v -44.60192 -28.13663 104.1863
v -46.9801 -26.69897 108.358
v -44.61743 -25.26132 109.2102
v -42.24659 -25.26132 107.5501
v -48.6804 -12.04526 98.29158
v -47.6645 -12.04526 97.58023
v -48.46456 -13.02195 96.43763
v -49.48046 -13.02195 97.14897
v -47.6645 -12.04526 97.58023
v -50.01685 -6.188118 94.22073
v -50.8169 -7.164801 93.07813
v -48.46456 -13.02195 96.43763
v -50.01685 -6.188118 94.22073
v -51.03274 -6.188117 94.93206
v -51.83279 -7.164802 93.78946
v -50.8169 -7.164801 93.07813
v -49.48046 -13.02195 97.14897
v -48.46456 -13.02195 96.43763
v -50.8169 -7.164801 93.07813
v -51.83279 -7.164802 93.78946
v -48.6804 -12.04526 98.29158
v -51.03274 -6.188117 94.93206
v -50.01685 -6.188118 94.22073
v -47.6645 -12.04526 97.58023
v -56.13856 -3.120612 94.61628
v -53.69334 -4.081375 93.72537
v -56.13176 -4.369558 92.43404
v -54.0856 -1.871669 95.35626
v -54.0724 -4.369558 90.99207
v -52.01943 -3.120615 91.73204
v -52.02623 -1.871669 93.91429
v -57.10608 -1.943585 91.04256
v -57.11288 -0.6946392 93.22481
v -56.13856 -3.120612 94.61628
v -55.05992 0.5543038 93.96479
v -55.04671 -1.943585 89.60059
v -52.01943 -3.120615 91.73204
v -52.99374 -0.6946422 90.34056
v -53.00055 0.5543046 92.52281
v -55.43938 0.2661213 91.23176
v -52.99374 -0.6946422 90.34056
v -57.11288 -0.6946392 93.22481
v -46.76599 -23.33281 105.3308
v -46.64254 -24.4598 106.2076
v -46.63866 -25.14722 105.0064
v -45.51244 -23.77238 106.6148
v -46.76314 -23.82057 104.4784
v -45.96403 -22.84505 105.6196
v -45.50508 -25.14723 104.2127
v -44.37887 -23.77237 105.8211
v -45.95874 -23.82057 103.9151
v -45.15963 -22.84504 105.0564
v -44.3754 -24.4598 104.6202
v -45.15718 -23.33281 104.2042
v -47.0898 -24.4598 106.5208
v -46.9801 -26.69897 108.358
v -46.97276 -28.13663 105.8464
v -44.61743 -25.26132 109.2102
v -47.08481 -25.41862 104.8457
v -45.51396 -23.50098 107.0891
v -44.60192 -28.13663 104.1863
v -42.24659 -25.26132 107.5501
v -45.50357 -25.41862 103.7385
v -43.93272 -23.50098 105.9819
v -42.23884 -26.69898 105.0382
v -43.92772 -24.4598 104.3067
v -48.3029 -22.25272 105.4837
v -47.86912 -23.33281 106.1032
v -47.86292 -24.48956 104.0821
v -45.9678 -22.17606 106.7886
v -48.2967 -23.40947 103.4626
v -46.40158 -21.09597 106.1691
v -45.95539 -24.48956 102.7464
v -44.06026 -22.17606 105.4529
v -46.38917 -23.40947 102.1269
v -44.49405 -21.09597 104.8334
v -44.05405 -23.33281 103.4318
v -44.48784 -22.25273 102.8123
v -48.07627 -20.07034 103.4595
v -47.38329 -22.25272 104.8397
v -47.38043 -22.85199 103.793
v -46.39865 -21.65346 105.1951
v -48.07342 -20.5581 102.6071
v -47.2743 -19.58257 103.7483
v -46.3921 -22.85199 103.1009
v -45.41032 -21.65346 104.503
v -47.26901 -20.5581 102.0438
v -46.4699 -19.58257 103.1851
v -45.40704 -22.25272 103.456
v -46.46746 -20.07034 102.333
f 136 135 134
f 137 135 136
f 135 137 138
f 135 138 139
f 141 140 139
f 140 141 142
f 143 141 139
f 141 144 142
f 143 139 145
f 142 144 146
f 147 143 145
f 144 148 146
f 147 145 149
f 146 148 149
f 150 147 149
f 148 150 149
f 153 152 151
f 151 152 154
f 152 155 154
f 152 156 155
f 159 158 157
f 160 158 159
f 158 160 161
f 158 161 162
f 165 164 163
f 163 164 166
f 164 167 166
f 164 168 167
f 171 170 169
f 172 170 171
f 170 172 173
f 170 173 174
f 177 176 175
f 175 176 178
f 176 179 178
f 176 180 179
f 183 182 181
f 184 183 181
f 187 186 185
f 188 187 185
f 191 190 189
f 192 191 189
f 195 194 193
f 196 195 193
f 199 198 197
f 200 199 197
f 203 202 201
f 202 204 201
f 205 202 203
f 206 202 205
f 202 206 207
f 202 207 204
f 205 203 208
f 208 203 209
f 203 210 209
f 210 204 209
f 204 211 209
f 204 207 211
f 212 205 208
f 213 205 212
f 214 213 212
f 213 214 215
f 207 213 215
f 207 215 211
f 208 216 212
f 216 211 215
f 212 216 217
f 216 215 217
f 218 216 208
f 216 218 211
f 221 220 219
f 220 222 219
f 223 221 219
f 222 224 219
f 225 221 223
f 222 226 224
f 227 225 223
f 226 228 224
f 229 225 227
f 226 229 228
f 230 229 227
f 229 230 228
f 233 232 231
f 232 234 231
f 235 233 231
f 234 236 231
f 237 233 235
f 234 238 236
f 239 237 235
f 238 240 236
f 241 237 239
f 238 241 240
f 242 241 239
f 241 242 240
f 245 244 243
f 244 246 243
f 247 245 243
f 246 248 243
f 249 245 247
f 246 250 248
f 251 249 247
f 250 252 248
f 253 249 251
f 250 253 252
f 254 253 251
f 253 254 252
f 257 256 255
f 256 258 255
f 259 257 255
f 258 260 255
f 261 257 259
f 258 262 260
f 263 261 259
f 262 264 260
f 265 261 263
f 262 265 264
f 266 265 263
f 265 266 264
v -2.996521 -9.94154 172.3377
v -1.0159 -10.15834 171.5808
v -3.874753 -9.342579 171.7057
v 1.618803 -9.658596 178.5736
v 3.338528 -8.688495 179.1101
v -0.0017035 -8.769337 179.2644
v -0.8689153 -10.11424 178.2171
v 7.55699 -1.346603 172.9477
v 8.045716 0.1416233 173.1903
v 8.743895 -0.1192781 173.3115
v 9.192199 1.130095 172.6868
v 7.248324 1.005157 170.3167
v 8.585886 1.188889 169.7876
v 6.586891 -0.5492069 167.4872
v 7.784817 -0.08988153 168.1046
v -7.556723 -1.346603 172.9477
v -7.406066 -3.514627 174.6381
v -6.777702 -4.613337 173.5504
v -6.175064 -6.325713 176.4864
v -5.947237 -7.067987 174.8659
v -5.27846 -7.564059 177.6623
v -4.863225 -9.210292 175.8727
v -3.114109 -9.048608 178.5442
v -2.856885 -10.40086 175.9426
v -0.0017035 -8.769337 179.2644
v -0.00170356 -10.63237 175.8507
v 2.85715 -10.40086 175.9426
v 3.338528 -8.688495 179.1101
v 4.863495 -9.210292 175.8727
v 5.278725 -7.72942 178.0848
v 5.947507 -7.067987 174.8659
v 5.01048 -7.310513 179.7053
v 6.175334 -6.325713 176.4864
v 6.777972 -4.613337 173.5504
v 6.311292 -4.738274 179.0513
v 5.546976 -4.819116 180.8812
v 7.020497 -3.915158 175.542
v 7.55699 -1.346603 172.9477
v -7.78455 -0.08988153 168.1046
v -8.585618 1.188889 169.7876
v -9.191929 1.130095 172.6868
v -8.743625 -0.1192781 173.3115
v -7.556723 -1.346603 172.9477
v -6.586622 -0.5492069 167.4872
v -6.858544 -4.216478 171.228
v -6.777702 -4.613337 173.5504
v -6.064825 -4.881588 166.5245
v -5.98766 -1.328228 164.6578
v -5.164545 -4.907308 162.3722
v -3.433799 -2.853195 160.8362
v -1.802271 -8.030735 158.9695
v -0.001703798 -4.539846 160.2005
v -5.509959 -7.722072 171.1435
v -5.888442 -6.781367 169.0269
v -5.70104 -7.608155 172.5766
v -5.947237 -7.067987 174.8659
v -4.859553 -9.096376 173.2454
v -4.863225 -9.210292 175.8727
v -2.856885 -10.40086 175.9426
v -3.874753 -9.342579 171.7057
v -4.576604 -8.919994 169.6663
v -3.602831 -9.210292 168.3324
v -1.497274 -10.01135 169.512
v -2.996521 -9.94154 172.3377
v -1.0159 -10.15834 171.5808
v -2.90833 -10.54785 173.3409
v -1.379685 -10.49273 172.7714
v -0.001703619 -10.88959 171.9152
v -0.00170356 -10.63237 175.8507
v -3.845356 -8.589278 165.2788
v -1.51565 -10.12527 167.4101
v -0.7439782 -11.16519 169.5891
v -1.063668 -11.58042 167.9503
v -0.001703619 -10.74261 172.742
v 1.379956 -10.49273 172.7714
v -0.001703679 -11.81927 169.6443
v 2.908594 -10.54785 173.3409
v 2.85715 -10.40086 175.9426
v 4.859818 -9.096376 173.2454
v 4.863495 -9.210292 175.8727
v 5.947507 -7.067987 174.8659
v 2.996785 -9.94154 172.3377
v 1.016165 -10.15834 171.5808
v 5.70131 -7.608155 172.5766
v 6.777972 -4.613337 173.5504
v 3.875024 -9.342579 171.7057
v 0.7442424 -11.16519 169.5891
v 5.51023 -7.722072 171.1435
v 1.497544 -10.01135 169.512
v 1.063938 -11.58042 167.9503
v 6.858814 -4.216478 171.228
v 7.55699 -1.346603 172.9477
v 4.576875 -8.919994 169.6663
v 5.888713 -6.781367 169.0269
v 3.603101 -9.210292 168.3324
v 6.065095 -4.881588 166.5245
v -0.001703679 -12.62769 167.9944
v -0.001703679 -11.88174 167.1051
v -0.001703679 -10.94471 167.0132
v 1.515914 -10.12527 167.4101
v 3.845627 -8.589278 165.2788
v 1.324833 -10.2943 164.4153
v -0.001703739 -10.71688 164.2867
v 1.688624 -10.08118 161.4351
v -1.324569 -10.2943 164.4153
v -1.688354 -10.08118 161.4351
v -0.001703798 -10.52948 161.2992
v -3.841679 -8.218144 162.2105
v -3.896801 -7.780866 159.811
v -1.743476 -9.460168 159.2855
v -0.001703798 -7.957242 158.8225
v -0.001703798 -9.75046 159.1679
v 1.743741 -9.460168 159.2855
v 1.802535 -8.030735 158.9695
v 3.434068 -2.853195 160.8362
v 3.897071 -7.780866 159.811
v 5.164814 -4.907308 162.3722
v 5.987931 -1.328228 164.6578
v 3.841949 -8.218144 162.2105
v 6.586891 -0.5492069 167.4872
v 7.784817 -0.08988153 168.1046
v 8.743895 -0.1192781 173.3115
v 9.192199 1.130095 172.6868
v 8.585886 1.188889 169.7876
v 8.317638 2.952703 173.216
v 7.248324 1.005157 170.3167
v 8.045716 0.1416233 173.1903
v 7.362235 2.173688 168.619
v 6.586891 -0.5492069 167.4872
v 5.987931 -1.328228 164.6578
v 6.138588 1.556351 164.6615
v 5.730707 7.39532 170.155
v 7.623133 5.616805 173.984
v 4.52543 8.490361 174.5352
v -0.00170356 9.537626 174.8696
v 4.808373 6.094506 166.1497
v 4.330671 4.999466 163.2835
v -0.001703619 9.849968 170.0411
v -0.001703739 8.391144 165.8667
v -0.001703739 7.288756 163.684
v -4.808108 6.094506 166.1497
v -4.330408 4.999466 163.2835
v -6.138317 1.556351 164.6615
v -5.730437 7.39532 170.155
v -7.365643 2.173688 168.619
v -5.98766 -1.328228 164.6578
v -6.586622 -0.5492069 167.4872
v -7.248054 1.005157 170.3167
v -7.799248 4.282918 173.5981
v -8.045446 0.1416233 173.1903
v -4.525159 8.490361 174.5352
v -8.37249 -0.7292661 174.2449
v -7.556723 -1.346603 172.9477
v -7.406066 -3.514627 174.6381
v -7.317874 3.441432 177.7982
v -4.374503 7.476163 178.2539
v -8.052794 -1.758161 178.445
v -0.0017035 8.372773 178.5809
v -0.0017035 6.520763 181.2854
v 4.52543 8.490361 174.5352
v -4.503111 4.67243 180.9437
v 4.374767 7.476163 178.2539
v 7.307116 4.812065 177.7027
v 7.623133 5.616805 173.984
v -6.733606 -5.693677 177.7395
v -6.175064 -6.325713 176.4864
v -5.27846 -7.564059 177.6623
v 5.058248 4.503396 180.9915
v 8.427878 1.644543 177.0155
v 8.317638 2.952703 173.216
v 8.045716 0.1416233 173.1903
v 7.200555 -0.07518202 180.6902
v 8.031017 -1.217988 176.1263
v 7.55699 -1.346603 172.9477
v 7.020497 -3.915158 175.542
v 6.311292 -4.738274 179.0513
v 5.546976 -4.819116 180.8812
v 4.966385 -0.3177073 182.0975
v 3.037209 3.176859 182.4025
v 3.559006 -2.261582 183.2845
v 4.602594 -7.167199 180.8886
v 5.01048 -7.310513 179.7053
v 3.338528 -8.688495 179.1101
v 3.312803 -8.651749 179.9699
v 1.618803 -9.658596 178.5736
v 2.761609 -7.23702 182.149
v 1.956869 -8.967766 180.2786
v -0.8689153 -10.11424 178.2171
v -0.0017035 -8.769337 179.2644
v -0.2479004 -2.250555 184.0524
v -0.001703441 3.683958 183.4167
v -3.044288 3.478179 183.0493
v -6.006031 -2.441635 181.7925
v -3.092061 -1.952913 183.5711
v -0.2405512 -7.417073 182.6671
v -0.567596 -9.618172 180.4991
v -6.40289 -5.377659 180.0986
v -4.42227 -7.483217 181.3002
v -0.1339901 -9.82763 179.2901
v -0.0017035 -8.769337 179.2644
v -2.930378 -9.533659 179.8634
v -2.577614 -10.2796 178.14
v -4.418598 -9.030232 177.9232
v -4.69052 -8.66277 179.3636
v -4.418598 -9.030232 177.9232
v -3.114109 -9.048608 178.5442
v -5.27846 -7.564059 177.6623
v -2.577614 -10.2796 178.14
v -0.1339901 -9.82763 179.2901
v -0.0017035 -8.769337 179.2644
v -8.743625 -0.1192781 173.3115
v -8.045446 0.1416233 173.1903
v -7.556723 -1.346603 172.9477
v -9.191929 1.130095 172.6868
v -7.248054 1.005157 170.3167
v -8.585618 1.188889 169.7876
v -6.586622 -0.5492069 167.4872
v -7.78455 -0.08988153 168.1046
v -18.54017 8.663065 152.3331
v -17.50025 11.68728 146.406
v -15.77685 12.176 149.3346
v -16.97845 10.7723 136.4551
v -13.62352 14.22644 143.6978
v -14.53483 10.88253 131.5237
v -10.54051 15.1304 134.8272
v -17.78319 2.445602 131.4796
v -7.931536 13.13508 122.0542
v -4.21282 14.78866 128.1541
v 0.02034342 15.60074 126.1037
v -15.46451 6.697141 122.2784
v -17.68765 -6.134636 124.3729
v -18.4336 -5.249053 134.9338
v -17.2614 -9.243364 135.2314
v -17.13279 -8.104228 143.4589
v 0.03137022 15.49051 121.9697
v -7.98298 13.85897 102.8948
v 7.997944 13.13508 122.0542
v 4.077125 14.60125 128.2607
v 10.57386 15.1304 134.8272
v 14.60124 10.88253 131.5237
v 13.65686 14.22644 143.6978
v 17.01179 10.7723 136.4551
v 15.81019 12.176 149.3346
v 17.53359 11.68728 146.406
v 18.56983 8.663065 152.3331
v 17.81653 2.445602 131.4796
v 15.53092 6.697141 122.2784
v 8.049389 13.85897 102.8948
v 0.03136992 16.06007 102.9278
v 17.75406 -6.134636 124.3729
v 18.46694 -5.249053 134.9338
v 0.03136956 19.16145 78.89214
v 17.32781 -9.243364 135.2314
v 17.16613 -8.104228 143.4589
v 16.03067 7.03153 102.6228
v 18.48164 -5.157187 101.3073
v 13.57969 -14.2335 123.9356
v 7.990596 -13.13111 138.6966
v 8.784316 -7.339912 149.4816
v 18.59923 -4.499428 150.8265
v 9.857303 -2.98916 154.2476
v 20.18299 2.864511 153.6596
v 9.831581 2.908607 156.6434
v 7.895055 -17.05929 123.785
v 7.983246 -18.74226 100.4769
v 8.861482 16.76927 78.24909
v 9.868326 18.8932 53.1404
v 18.27953 9.680929 78.27848
v 13.04687 -16.07081 100.8994
v 20.43286 -3.918843 77.5803
v 13.64951 -15.233 77.4664
v 8.839434 -17.99999 77.16874
v 10.00796 -17.24302 52.35035
v 22.56047 -2.022738 53.03383
v 15.35821 -14.20411 52.56716
v 18.17297 -11.32321 9.695359
v 12.35972 -17.23568 9.842344
v 26.01828 -0.8064427 9.118437
v 20.87014 11.71299 53.29106
v 25.05186 14.54245 7.431787
v 16.78764 17.42335 7.431786
v 10.38645 22.15626 7.431786
v 0.03136849 24.39411 7.431786
v 0.0313692 21.30008 53.38292
v -9.805596 18.8932 53.1404
v -10.32004 22.15626 7.431786
v -16.72123 17.42335 7.431786
v -8.79507 16.76927 78.24909
v -20.80373 11.71299 53.29106
v -24.98545 14.54245 7.431787
v -15.96426 7.03153 102.6228
v -18.21312 9.680929 78.27848
v -22.49773 -2.022738 53.03383
v -25.95188 -0.8064427 9.118439
v -18.10656 -11.32321 9.695359
v -18.41523 -5.157187 101.3073
v -20.36645 -3.918843 77.5803
v -15.2918 -14.20411 52.56716
v -12.32638 -17.23568 9.842344
v -9.941555 -17.24302 52.35035
v -8.773022 -17.99999 77.16874
v -13.5831 -15.233 77.4664
v -7.949906 -18.74226 100.4769
v -12.98047 -16.07081 100.8994
v -13.51328 -14.2335 123.9356
v -7.861721 -17.06296 123.785
v -7.957254 -13.13111 138.6966
v -8.717905 -7.339912 149.4816
v -18.56589 -4.499428 150.8265
v -9.823965 -2.98916 154.2476
v -20.14965 2.864511 153.6596
v -9.801918 2.908607 156.6434
v 8.784315 -16.23984 116.8253
v -0.001704454 -15.80256 116.9245
v 9.375926 -14.57157 117.2111
v -0.001704454 -17.61048 116.4725
v -9.180909 -14.928 117.2111
v 8.585885 -16.61098 111.5926
v -8.769351 -16.464 116.8253
v -0.001704514 -18.07715 111.1369
v -8.754652 -16.61098 111.5926
v 8.887205 -16.57791 106.3122
v -0.001704573 -18.24619 105.3237
v -8.872241 -16.57791 106.3122
v -9.037595 -14.928 105.7426
v -0.001704633 -16.89026 104.835
v 9.232619 -14.928 105.7426
v -10.04444 -15.07867 60.00459
v -0.001705348 -17.83463 56.02865
v -0.00170499 -17.54434 77.04381
v -10.01137 -15.39836 77.68319
v -8.934706 -14.97945 99.58761
v -0.001704692 -16.90128 99.23484
v -8.817118 -14.61933 105.6838
v -0.001704573 -16.58159 105.4633
v 48.371 -2.607004 89.7433
v 50.78155 -4.238531 99.31201
v 41.53253 1.993624 105.4192
v 38.05634 6.597923 123.6821
v 52.76952 -8.229169 107.4072
v 34.41112 5.965893 120.544
v 31.2289 0.2334818 118.4752
v 20.37039 2.081817 132.5489
v 20.804 9.217933 136.9622
v 17.81653 2.445602 131.4796
v 17.01179 10.7723 136.4551
v 17.53359 11.68728 146.406
v 22.961 9.295098 146.8836
v 18.56983 8.663065 152.3331
v 39.78709 2.750598 125.0674
v 49.73429 -14.85451 108.9616
v 25.49649 2.890236 147.4826
v 20.18299 2.864511 153.6596
v 37.8028 -2.180744 124.9057
v 45.87594 -17.13278 107.3741
v 22.53842 -4.264253 145.8143
v 18.59923 -4.499428 150.8265
v 17.16613 -8.104228 143.4589
v 33.69457 -3.50361 122.3592
v 41.97716 -17.55536 103.4827
v 41.41494 -13.60882 99.01804
v 21.52055 -3.404391 136.3301
v 18.46694 -5.249053 134.9338
v 17.81653 2.445602 131.4796
v 20.37039 2.081817 132.5489
v 31.2289 0.2334818 118.4752
v 41.53253 1.993624 105.4192
v 44.56777 -8.615009 94.00586
v 48.371 -2.607004 89.7433
v 4.93331 6.597926 162.442
v 7.149109 2.408858 159.0025
v 6.553817 2.173688 160.0131
v 5.326498 6.906597 160.8031
v -0.001703739 8.100849 163.3166
v -0.001703798 8.629995 161.4058
v -4.933046 6.597926 162.442
v -5.326228 6.906597 160.8031
v -7.148842 2.408858 159.0025
v -6.553553 2.173688 160.0131
v -5.950915 -1.420097 156.434
v -7.148842 2.408858 159.0025
v -6.553553 2.173688 160.0131
v -5.800258 -0.7072195 158.4073
v 0.02402144 -3.566073 157.0219
v 0.02769303 -4.043775 153.0056
v -5.487912 -8.262241 149.6911
v 5.947507 -1.420097 156.434
v 5.800522 -0.7072195 158.4073
v 6.553817 2.173688 160.0131
v 7.149109 2.408858 159.0025
v 5.495531 -8.019715 149.6911
v 0.03137058 -8.052783 148.8533
v -2.912002 -13.58677 138.7333
v 2.912271 -13.58677 138.7333
v -0.001704096 -13.10539 138.59
v -0.181758 -16.09286 125.2916
v -8.942055 -15.15951 100.5173
v -8.806097 -15.37631 109.0534
v -0.001704633 -17.26139 105.2024
v -0.001704692 -17.28344 100.1241
v 8.806363 -15.30281 108.8587
v 8.942323 -15.12276 100.4254
v -10.09956 -14.58259 77.68319
v -0.00170499 -17.20995 77.04381
v 10.09983 -14.58259 77.68319
v 11.66521 -14.26657 52.46427
v -0.001705408 -17.50392 52.20337
v -11.66863 -14.26657 52.46427
v 3.445087 -17.90446 13.69702
v 16.35036 -11.82663 9.842344
v -7.880093 -15.41674 11.50695
v -16.35009 -11.82663 9.842344
v 11.66521 -14.26657 52.46427
v 12.35972 -17.23568 9.842344
v 16.35036 -11.82663 9.842344
v 10.00796 -17.24302 52.35035
v 10.09983 -14.58259 77.68319
v 8.839434 -17.99999 77.16874
v 8.942323 -15.12276 100.4254
v 7.983246 -18.74226 100.4769
v 8.806363 -15.30281 108.8587
v 8.960697 -14.9427 116.7518
v 7.895055 -17.05929 123.785
v 8.843109 -14.80674 126.2396
v 7.990596 -13.13111 138.6966
v -12.32638 -17.23568 9.842344
v -11.66863 -14.26657 52.46427
v -16.35009 -11.82663 9.842344
v -9.941555 -17.24302 52.35035
v -8.773022 -17.99999 77.16874
v -10.09956 -14.58259 77.68319
v -7.949906 -18.74226 100.4769
v -8.942055 -15.15951 100.5173
v -8.806097 -15.37631 109.0534
v -7.861721 -17.06296 123.785
v -8.960432 -15.29914 116.7628
v -8.842844 -14.80674 126.2396
v -7.957254 -13.13111 138.6966
v -5.800258 -0.7072195 158.4073
v -6.553553 2.173688 160.0131
v -4.933046 6.597926 162.442
v 0.02402144 -3.566073 157.0219
v -0.001703739 8.100849 163.3166
v 0.02402144 -3.566073 157.0219
v 4.93331 6.597926 162.442
v 5.800522 -0.7072195 158.4073
v 6.553817 2.173688 160.0131
v 15.43537 2.247162 1.434809
v 14.35871 7.068269 0.00905317
v 15.38025 2.173676 0.009053528
v 14.70045 4.668739 9.349943
v 9.849952 9.372255 9.721076
v 9.985913 10.83475 0.009052932
v 5.88871 6.722851 0.009053349
v 5.756424 5.74173 10.24287
v 13.78547 0.7920169 11.12478
v 15.35086 -5.870072 3.929871
v 15.91675 -5.021237 0.009054064
v 13.36656 -12.96944 0.8542189
v 10.03368 -3.724096 8.339417
v 12.77495 -11.95524 4.201794
v 10.13657 -14.8435 1.765526
v 10.26151 -7.96828 5.476893
v 9.905072 -13.52063 4.973466
v 7.553313 -13.82563 1.034273
v 5.337517 -6.208138 4.352457
v 6.616286 0.3657602 10.37883
v 7.748068 -12.26391 4.238541
v 5.627815 -5.38135 0.009054243
v 6.289241 2.085485 1.570767
v 5.756424 5.74173 10.24287
v 5.88871 6.722851 0.009053349
v 6.410507 2.030362 0.009053647
v 6.289241 2.085485 1.570767
v 15.91675 -5.021237 0.009054064
v 15.43537 2.247162 1.434809
v 5.627815 -5.38135 0.009054243
v 13.36656 -12.96944 0.8542189
v 7.553313 -13.82563 1.034273
v 10.13657 -14.8435 1.765526
v 6.410507 2.030362 0.009053647
v 15.38025 2.173676 0.009053528
v 14.35871 7.068269 0.00905317
v 5.88871 6.722851 0.009053349
v 9.985913 10.83475 0.009052932
v 6.410507 2.030362 0.009053647
v 6.289241 2.085485 1.570767
v 15.43537 2.247162 1.434809
v 15.38025 2.173676 0.009053528
v -15.43511 2.247162 1.434809
v -15.38 2.173676 0.009054005
v -14.35845 7.068269 0.009053587
v -14.70019 4.668739 9.349943
v -9.849693 9.372255 9.721076
v -9.985651 10.83475 0.00905323
v -5.888445 6.722851 0.009053468
v -5.756165 5.74173 10.24287
v -13.78521 0.7920169 11.12478
v -15.3506 -5.870072 3.929872
v -15.91649 -5.021237 0.009054541
v -13.3663 -12.96944 0.8542192
v -10.03342 -3.724096 8.339417
v -12.77469 -11.95524 4.201795
v -10.13631 -14.8435 1.765527
v -10.26124 -7.96828 5.476893
v -9.904809 -13.52063 4.973466
v -7.553054 -13.82563 1.034273
v -5.337257 -6.208138 4.352457
v -6.619699 0.3657602 10.37883
v -7.747806 -12.26391 4.238541
v -5.62755 -5.38135 0.009054422
v -6.288982 2.085485 1.570767
v -5.756165 5.74173 10.24287
v -5.888445 6.722851 0.009053468
v -6.410242 2.030362 0.009053885
v -6.288982 2.085485 1.570767
v -15.43511 2.247162 1.434809
v -15.91649 -5.021237 0.009054541
v -5.62755 -5.38135 0.009054422
v -13.3663 -12.96944 0.8542192
v -7.553054 -13.82563 1.034273
v -10.13631 -14.8435 1.765527
v -6.410242 2.030362 0.009053885
v -14.35845 7.068269 0.009053587
v -15.38 2.173676 0.009054005
v -5.888445 6.722851 0.009053468
v -9.985651 10.83475 0.00905323
v -6.410242 2.030362 0.009053885
v -15.38 2.173676 0.009054005
v -15.43511 2.247162 1.434809
v -6.288982 2.085485 1.570767
v -48.37074 -2.607004 89.7433
v -41.53226 1.993624 105.4192
v -50.78496 -4.238531 99.31201
v -38.05607 6.597923 123.6821
v -52.76925 -8.229169 107.4072
v -34.41085 5.965893 120.544
v -31.22863 0.2334818 118.4752
v -20.80373 9.217933 136.9622
v -20.37013 2.081817 132.5489
v -17.78319 2.445602 131.4796
v -16.97845 10.7723 136.4551
v -17.50025 11.68728 146.406
v -22.96073 9.295098 146.8836
v -18.54017 8.663065 152.3331
v -25.49622 2.890236 147.4826
v -20.14965 2.864511 153.6596
v -39.78682 2.750598 125.0674
v -22.53816 -4.264253 145.8143
v -18.56589 -4.499428 150.8265
v -17.13279 -8.104228 143.4589
v -37.80252 -2.180744 124.9057
v -49.73401 -14.85451 108.9616
v -21.52029 -3.404391 136.3301
v -18.4336 -5.249053 134.9338
v -17.78319 2.445602 131.4796
v -20.37013 2.081817 132.5489
v -33.6943 -3.50361 122.3592
v -45.87566 -17.13278 107.3741
v -41.97689 -17.55536 103.4827
v -31.22863 0.2334818 118.4752
v -41.41835 -13.60882 99.01804
v -44.5675 -8.615009 94.00586
v -41.53226 1.993624 105.4192
v -48.37074 -2.607004 89.7433
v 2.912271 -13.58677 138.7333
v 7.990596 -13.13111 138.6966
v 8.843109 -14.80674 126.2396
v -0.181758 -16.09286 125.2916
v 8.960697 -14.9427 116.7518
v 0.9389998 -16.15533 116.6195
v -8.960432 -15.29914 116.7628
v -8.842844 -14.80674 126.2396
v -7.957254 -13.13111 138.6966
v -2.912002 -13.58677 138.7333
v 7.990596 -13.13111 138.6966
v 2.912271 -13.58677 138.7333
v 5.495531 -8.019715 149.6911
v 8.784316 -7.339912 149.4816
v 9.857303 -2.98916 154.2476
v 5.947507 -1.420097 156.434
v 9.831581 2.908607 156.6434
v 7.149109 2.408858 159.0025
v 5.326498 6.906597 160.8031
v 6.281895 7.663568 157.2902
v -0.001703798 8.629995 161.4058
v -0.001703798 9.589069 157.9406
v -6.28163 7.663568 157.2902
v -5.326228 6.906597 160.8031
v -9.801918 2.908607 156.6434
v -7.148842 2.408858 159.0025
v -5.950915 -1.420097 156.434
v -9.823965 -2.98916 154.2476
v -5.487912 -8.262241 149.6911
v -8.67381 -7.722073 149.1472
v -7.957254 -13.13111 138.6966
v -2.912002 -13.58677 138.7333
v -46.30192 -18.95907 96.5193
v -43.80686 -18.57691 98.79022
v -45.29508 -17.45247 96.92718
v -44.41684 -20.71553 99.42593
v -43.83992 -18.90394 102.5898
v -43.06091 -16.44195 101.0905
v -43.7995 -13.5978 104.3389
v -46.84577 -20.8515 99.51412
v -47.31978 -19.05461 103.2402
v -47.7975 -18.8819 97.77235
v -51.1561 -20.9948 97.08519
v -44.93128 -17.14013 104.857
v -45.55598 -12.7563 107.7012
v -44.64099 -10.97779 106.0219
v -49.53192 -16.46767 106.1101
v -48.05104 -11.84132 108.4251
v -52.91256 -21.12709 101.1677
v -51.8506 -11.89277 94.5644
v -51.50886 -12.38149 105.761
v -49.32981 -9.625527 108.0172
v -53.59605 -19.96224 103.2255
v -54.52573 -16.02672 102.3583
v -52.01228 -9.151503 103.9788
v -48.13189 -7.784542 106.2056
v -54.86011 -11.83397 98.59547
v -54.90789 -10.93002 100.9362
v -48.7676 -8.670125 102.1966
v -45.98223 -8.552536 105.3788
v -53.68056 -10.31636 99.09889
v -45.26935 -11.59513 103.1483
v -44.64099 -10.97779 106.0219
v -43.7995 -13.5978 104.3389
v -43.06091 -16.44195 101.0905
v -50.79598 -11.43711 97.84951
v -48.23478 -10.81978 96.86104
v -49.94348 -10.00769 100.3519
v -46.36072 -15.7695 100.3519
v -43.80686 -18.57691 98.79022
v -46.02265 -17.07031 98.48889
v -51.8506 -11.89277 94.5644
v -45.29508 -17.45247 96.92718
v -47.18016 -15.24035 97.19911
v -48.37441 -17.30181 96.78019
v -51.1561 -20.9948 97.08519
v -47.7975 -18.8819 97.77235
v -47.16913 -17.19525 95.68149
v -46.30192 -18.95907 96.5193
v -46.29458 -15.88708 96.01956
v 54.44882 -17.38633 93.73394
v 54.61418 -18.75329 96.01956
v 53.97847 -18.52546 93.96176
v 55.49976 -17.05194 95.608
v 55.75698 -16.26924 97.72457
v 54.75381 -18.23884 98.2427
v 54.221 -14.465 99.29731
v 53.30601 -17.32018 99.77869
v 49.63508 -13.18624 101.5499
v 54.74647 -12.02873 100.0065
v 55.47036 -14.88024 98.52565
v 51.71858 -19.96591 99.9367
v 54.57376 -18.8966 98.23535
v 53.14066 -20.96541 98.54035
v 54.81261 -19.99898 94.96861
v 53.48239 -21.64889 95.50878
v 53.85353 -20.24886 93.03209
v 52.9606 -21.39901 93.35546
v 47.52583 -17.16585 100.9031
v 47.45602 -19.44779 101.1456
v 45.68485 -19.06563 100.1609
v 46.47858 -20.40319 102.678
v 49.3705 -20.56488 100.4401
v 49.43664 -21.00583 101.142
v 52.89445 -21.46883 98.77919
v 51.13064 -22.52712 99.02907
v 53.17741 -22.33237 96.28413
v 51.49075 -23.28042 96.44581
v 52.75482 -22.68145 94.49091
v 51.72225 -23.35024 94.61585
v 50.57577 -9.87173 102.836
v 45.7216 -11.31585 104.4969
v 45.32107 -8.541515 105.8087
v 43.97983 -10.96676 106.4518
v 47.47072 -7.773521 106.6355
v 52.64458 -9.941545 103.6628
v 52.14851 -11.58043 105.9043
v 48.67232 -9.614506 108.4471
v 55.72759 -12.55787 101.1861
v 55.57693 -14.7112 101.6748
v 56.16854 -15.50125 97.85318
v 54.90815 -17.38265 102.6596
v 50.94691 -14.60831 106.856
v 52.82464 -19.77116 103.2512
v 47.39355 -11.8303 108.855
v 48.68702 -17.35326 106.3636
v 44.89481 -12.74528 108.1311
v 56.76383 -13.98363 97.62168
v 55.79006 -13.11274 98.4595
v 55.96276 -13.78153 96.5487
v 55.26826 -15.13378 96.88676
v 55.72759 -14.49073 94.68566
v 55.06615 -14.2776 95.03843
v 54.68767 -14.88391 95.20745
v 55.29031 -15.50125 94.96861
v 55.26826 -15.13378 96.88676
v 55.47036 -14.88024 98.52565
v 54.221 -14.465 99.29731
v 55.75698 -16.26924 97.72457
v 56.61685 -16.94537 98.77552
v 55.97011 -18.83413 99.07683
v 56.06565 -17.66193 95.21114
v 55.49976 -17.05194 95.608
v 55.42995 -19.3008 95.5933
v 55.16904 -17.86771 93.43262
v 54.70604 -17.6068 93.40322
v 54.44882 -17.38633 93.73394
v 54.75381 -18.23884 98.2427
v 54.61418 -18.75329 96.01956
v 53.30601 -17.32018 99.77869
v 54.57376 -18.8966 98.23535
v 54.55171 -19.15382 93.63473
v 54.10708 -18.8966 93.67514
v 53.97847 -18.52546 93.96176
v 54.10708 -18.8966 93.67514
v 54.70604 -17.6068 93.40322
v 53.97847 -18.52546 93.96176
v 54.44882 -17.38633 93.73394
v 55.43362 -19.59845 99.10256
v 55.31971 -20.58325 94.73343
v 54.81261 -19.99898 94.96861
v 54.4231 -20.70451 92.74913
v 53.85353 -20.24886 93.03209
v 53.57059 -21.93551 93.05046
v 53.85353 -20.24886 93.03209
v 52.9606 -21.39901 93.35546
v 54.32389 -22.18906 95.26625
v 54.26509 -21.31082 99.15399
v 53.48239 -21.64889 95.50878
v 52.9606 -21.39901 93.35546
v 53.14066 -20.96541 98.54035
v 51.71858 -19.96591 99.9367
v 53.33541 -22.15599 99.89628
v 52.89445 -21.46883 98.77919
v 53.17741 -22.33237 96.28413
v 50.34794 -21.33655 102.7845
v 53.55589 -23.0085 96.48991
v 51.85087 -23.39433 99.91098
v 53.26927 -23.34289 94.62687
v 52.75482 -22.68145 94.49091
v 52.13749 -23.99697 96.79489
v 46.47858 -20.40319 102.678
v 49.43664 -21.00583 101.142
v 51.13064 -22.52712 99.02907
v 51.49075 -23.28042 96.44581
v 52.21833 -24.07046 94.76283
v 51.72225 -23.35024 94.61585
v 51.72225 -23.35024 94.61585
v 52.75482 -22.68145 94.49091
v 45.35782 -18.60263 105.32
v 42.81497 -15.49757 103.332
v 42.63124 -19.66827 101.5682
v 43.78507 -14.19676 102.3913
v 43.97983 -10.96676 106.4518
v 45.7216 -11.31585 104.4969
v 49.63508 -13.18624 101.5499
v 47.52583 -17.16585 100.9031
v 45.68485 -19.06563 100.1609
v 44.09007 -20.96908 102.5089
v 43.55724 -17.81993 100.4218
v 43.27797 -20.94704 99.1246
v 45.26595 -21.32185 98.72776
v 45.14101 -22.58591 100.374
v 45.68485 -19.06563 100.1609
v 45.26595 -21.32185 98.72776
v 44.19296 -22.80639 100.5871
v 44.12681 -21.5607 97.2285
v 44.98668 -22.67043 96.76917
v 42.76353 -22.06412 99.8926
v 43.56459 -22.9791 97.02272
v 44.07169 -23.51192 97.12561
v 44.64861 -23.72505 97.73927
v 44.98668 -22.67043 96.76917
v 45.62238 -22.85784 97.98915
v -0.1192927 -18.11758 99.44062
v -0.115615 -17.79788 105.8381
v -0.001704573 -16.58159 105.4633
v -0.001704692 -16.90128 99.23484
v -0.00170499 -17.54434 77.04381
v -9.052294 -16.19943 99.79339
v -8.931035 -15.83564 106.0586
v -8.817118 -14.61933 105.6838
v -8.934706 -14.97945 99.58761
v -10.13631 -16.61466 77.68687
v -10.01137 -15.39836 77.68319
v -0.1229647 -18.76064 77.04381
v -0.001705348 -17.83463 56.02865
v -0.1303142 -19.04726 56.01395
v -10.17673 -16.29129 59.99356
v -10.04444 -15.07867 60.00459
v -0.001705348 -17.83463 56.02865
v -13.63822 9.350218 156.4818
v -9.801918 2.908607 156.6434
v -20.14965 2.864511 153.6596
v -6.28163 7.663568 157.2902
v -18.54017 8.663065 152.3331
v -7.409738 13.96187 151.8003
v -0.001703798 9.589069 157.9406
v -13.89912 15.36557 148.9635
v -15.77685 12.176 149.3346
v -13.62352 14.22644 143.6978
v -8.00135 15.96821 147.9603
v -7.97563 20.3998 144.3371
v -10.54051 15.1304 134.8272
v -0.001703917 15.20022 151.4879
v -0.001704037 17.45643 145.0757
v 7.410005 13.96187 151.8003
v 6.281895 7.663568 157.2902
v 8.008969 15.99393 147.9677
v 13.63849 9.350218 156.4818
v 9.831581 2.908607 156.6434
v 20.18299 2.864511 153.6596
v 18.56983 8.663065 152.3331
v 13.89938 15.36557 148.9635
v 15.81019 12.176 149.3346
v 13.65686 14.22644 143.6978
v 7.975897 20.3998 144.3371
v -0.001704037 22.1232 142.7828
v 7.957524 18.58087 134.3752
v 10.57386 15.1304 134.8272
v -0.001704156 20.14993 133.7689
v 4.033029 17.83124 128.5069
v 4.077125 14.60125 128.2607
v -0.001704275 19.49217 126.9746
v 0.02034342 15.60074 126.1037
v -7.957254 18.58087 134.3752
v -4.080533 17.89004 128.4701
v -4.21282 14.78866 128.1541
v -41.41835 -13.60882 99.01804
v -44.5675 -8.615009 94.00586
v -46.7539 -9.91582 106.8046
v -41.97689 -17.55536 103.4827
v -48.37074 -2.607004 89.7433
v -45.87566 -17.13278 107.3741
v -50.78496 -4.238531 99.31201
v -49.73401 -14.85451 108.9616
v -52.76925 -8.229169 107.4072
v 41.41494 -13.60882 99.01804
v 46.75417 -9.91582 106.8046
v 44.56777 -8.615009 94.00586
v 41.97716 -17.55536 103.4827
v 48.371 -2.607004 89.7433
v 45.87594 -17.13278 107.3741
v 50.78155 -4.238531 99.31201
v 49.73429 -14.85451 108.9616
v 52.76952 -8.229169 107.4072
v -6.138317 1.556351 164.6615
v -5.873744 2.026703 159.3994
v -4.330408 4.999466 163.2835
v -5.98766 -1.328228 164.6578
v -5.399721 4.400506 161.042
v -3.834336 6.359078 162.1003
v -4.866903 -0.6594464 158.1096
v -3.433799 -2.853195 160.8362
v -0.001703739 7.49086 162.3354
v -0.001703739 7.288756 163.684
v -0.001703798 -4.539846 160.2005
v -0.001703858 -2.765004 156.8529
v 4.330671 4.999466 163.2835
v 4.863495 -0.6594464 158.1096
v 3.434068 -2.853195 160.8362
v 5.987931 -1.328228 164.6578
v 3.8346 6.359078 162.1003
v 5.399991 4.400506 161.042
v 5.874014 2.026703 159.3994
v 6.138588 1.556351 164.6615
f 269 268 267
f 272 271 270
f 270 273 272
f 276 275 274
f 277 275 276
f 278 275 277
f 279 278 277
f 279 280 278
f 279 281 280
f 284 283 282
f 285 283 284
f 286 285 284
f 287 285 286
f 288 287 286
f 289 287 288
f 290 289 288
f 291 289 290
f 292 291 290
f 291 292 293
f 294 291 293
f 294 293 295
f 296 294 295
f 296 295 297
f 296 298 294
f 299 296 297
f 299 297 300
f 296 301 298
f 296 299 301
f 298 301 302
f 303 301 299
f 303 299 300
f 304 303 300
f 307 306 305
f 308 307 305
f 309 308 305
f 310 309 305
f 311 309 310
f 312 309 311
f 313 311 310
f 313 310 314
f 313 314 315
f 314 316 315
f 317 315 316
f 316 318 317
f 312 311 319
f 311 313 320
f 320 319 311
f 321 312 319
f 312 321 322
f 321 323 322
f 324 322 323
f 325 324 323
f 319 326 321
f 326 323 321
f 320 327 319
f 327 326 319
f 320 313 328
f 320 328 327
f 327 329 326
f 329 327 328
f 326 330 323
f 329 331 326
f 332 325 323
f 330 332 323
f 325 332 333
f 330 333 332
f 330 331 333
f 334 333 331
f 335 325 333
f 313 336 328
f 336 313 315
f 337 329 328
f 328 336 337
f 329 338 331
f 334 331 338
f 339 338 329
f 329 337 339
f 333 340 335
f 340 333 334
f 335 340 341
f 341 340 334
f 342 334 338
f 338 339 342
f 341 343 335
f 343 344 335
f 344 343 345
f 346 344 345
f 347 346 345
f 341 348 343
f 343 348 345
f 341 334 349
f 349 348 341
f 345 350 347
f 350 351 347
f 348 352 345
f 345 352 350
f 349 352 348
f 353 349 334
f 342 353 334
f 351 350 354
f 352 354 350
f 349 353 355
f 355 352 349
f 356 353 342
f 353 356 355
f 357 351 354
f 358 351 357
f 352 359 354
f 355 359 352
f 354 360 357
f 359 360 354
f 361 359 355
f 359 361 360
f 357 360 362
f 357 362 358
f 363 356 342
f 339 363 342
f 364 363 339
f 363 364 356
f 364 339 365
f 364 365 356
f 339 337 365
f 366 355 356
f 366 361 355
f 365 366 356
f 360 361 367
f 362 360 367
f 366 368 361
f 368 366 365
f 368 367 361
f 369 365 337
f 369 368 365
f 367 368 370
f 368 369 370
f 371 369 337
f 336 371 337
f 369 371 372
f 371 336 372
f 369 373 370
f 373 369 372
f 336 374 372
f 374 336 315
f 375 374 315
f 374 375 372
f 317 375 315
f 372 375 376
f 317 376 375
f 372 376 373
f 317 377 376
f 318 377 317
f 376 378 373
f 377 378 376
f 378 379 373
f 378 377 379
f 379 370 373
f 377 318 380
f 377 380 379
f 318 381 380
f 382 370 379
f 382 379 380
f 383 380 381
f 382 380 383
f 381 384 383
f 382 385 370
f 385 382 383
f 385 367 370
f 367 385 383
f 362 367 383
f 383 384 362
f 386 362 384
f 362 386 358
f 358 386 387
f 388 358 387
f 389 388 387
f 390 389 387
f 393 392 391
f 394 391 392
f 392 395 394
f 395 396 394
f 397 394 396
f 394 398 391
f 399 391 398
f 400 399 398
f 400 398 401
f 394 397 402
f 398 394 402
f 403 402 397
f 398 402 404
f 398 404 401
f 405 402 403
f 402 405 404
f 406 405 403
f 407 405 406
f 405 407 404
f 408 407 406
f 407 408 409
f 407 410 404
f 404 410 401
f 409 411 407
f 411 410 407
f 411 409 412
f 412 413 411
f 413 414 411
f 415 411 414
f 410 411 415
f 414 416 415
f 410 417 401
f 415 417 410
f 415 416 418
f 418 416 419
f 420 418 419
f 415 421 417
f 421 415 418
f 401 417 422
f 421 422 417
f 423 418 420
f 421 418 423
f 424 401 422
f 424 422 425
f 426 401 424
f 427 422 421
f 427 421 423
f 427 425 422
f 428 426 424
f 428 424 425
f 428 429 426
f 429 430 426
f 431 423 420
f 420 432 431
f 431 432 433
f 434 428 425
f 428 434 429
f 429 435 430
f 435 436 430
f 437 436 435
f 435 429 438
f 429 434 438
f 439 437 435
f 439 435 438
f 437 439 440
f 440 439 441
f 441 439 442
f 439 438 442
f 443 442 438
f 434 444 438
f 443 438 444
f 444 434 445
f 434 425 445
f 444 446 443
f 444 445 446
f 447 443 446
f 447 448 443
f 448 447 449
f 447 450 449
f 451 449 450
f 452 447 446
f 447 452 450
f 451 450 453
f 450 452 453
f 451 453 454
f 453 455 454
f 456 446 445
f 446 456 452
f 457 445 425
f 457 456 445
f 458 457 425
f 456 457 458
f 427 458 425
f 459 458 427
f 427 423 459
f 460 456 458
f 458 459 460
f 456 461 452
f 461 456 460
f 452 462 453
f 461 462 452
f 459 423 463
f 431 463 423
f 459 464 460
f 459 463 464
f 464 461 460
f 463 431 464
f 462 465 453
f 453 465 466
f 462 461 467
f 462 467 465
f 464 467 461
f 467 468 465
f 467 469 468
f 431 470 464
f 464 470 467
f 467 470 469
f 470 431 433
f 470 433 469
f 473 472 471
f 474 471 472
f 475 474 472
f 475 472 476
f 479 478 477
f 477 478 480
f 478 481 480
f 480 481 482
f 483 482 481
f 484 482 483
f 487 486 485
f 487 488 486
f 488 487 489
f 490 488 489
f 491 490 489
f 488 490 492
f 491 493 490
f 494 493 491
f 494 495 493
f 492 490 496
f 493 496 490
f 492 496 497
f 497 498 492
f 497 499 498
f 500 498 499
f 495 501 493
f 496 493 502
f 493 501 502
f 501 495 503
f 495 504 503
f 503 504 505
f 503 505 506
f 506 505 507
f 508 506 507
f 509 508 507
f 508 509 510
f 510 509 511
f 506 508 512
f 513 503 506
f 506 512 513
f 501 503 514
f 503 513 514
f 501 515 502
f 515 501 514
f 513 512 516
f 517 516 512
f 502 515 518
f 515 514 518
f 519 516 517
f 517 520 519
f 513 521 514
f 513 516 522
f 521 513 522
f 519 523 516
f 522 516 523
f 519 520 524
f 519 524 523
f 524 520 525
f 520 526 525
f 525 526 527
f 527 526 528
f 529 527 528
f 524 530 523
f 530 531 523
f 514 521 532
f 514 532 518
f 518 532 533
f 521 534 532
f 533 532 534
f 521 522 534
f 535 522 523
f 531 535 523
f 522 535 536
f 522 536 534
f 535 531 537
f 535 537 536
f 531 538 537
f 538 539 537
f 536 540 534
f 536 537 540
f 539 541 537
f 537 541 540
f 542 541 539
f 543 542 539
f 541 542 544
f 540 541 544
f 540 545 534
f 540 544 545
f 544 546 545
f 545 546 547
f 545 533 534
f 545 547 533
f 547 548 533
f 533 548 549
f 550 533 549
f 550 518 533
f 551 550 549
f 552 551 549
f 551 552 553
f 518 550 554
f 550 551 554
f 554 502 518
f 553 555 551
f 553 556 555
f 557 502 554
f 557 496 502
f 554 551 558
f 551 555 558
f 558 557 554
f 559 555 556
f 555 559 558
f 560 559 556
f 560 561 559
f 496 557 562
f 562 557 558
f 497 496 562
f 559 563 558
f 563 562 558
f 561 564 559
f 559 564 563
f 564 561 565
f 566 564 565
f 566 567 564
f 567 568 564
f 564 568 563
f 567 569 568
f 568 570 563
f 570 562 563
f 569 570 568
f 497 562 571
f 562 570 571
f 570 569 571
f 569 572 571
f 571 499 497
f 572 573 571
f 573 499 571
f 500 499 573
f 500 573 574
f 575 500 574
f 575 574 576
f 575 576 577
f 576 578 577
f 581 580 579
f 580 582 579
f 580 583 582
f 579 582 584
f 583 585 582
f 582 586 584
f 582 585 586
f 585 587 586
f 584 586 588
f 586 587 589
f 586 589 588
f 587 590 589
f 589 590 591
f 592 589 591
f 588 589 592
f 593 588 592
f 596 595 594
f 597 596 594
f 596 597 598
f 599 596 598
f 598 600 599
f 600 601 599
f 604 603 602
f 605 603 604
f 603 605 606
f 604 607 605
f 604 608 607
f 608 609 607
f 609 610 607
f 607 610 605
f 609 611 610
f 611 612 610
f 612 613 610
f 613 614 610
f 610 614 605
f 614 613 615
f 605 616 606
f 605 614 616
f 617 606 616
f 614 615 618
f 614 618 616
f 615 619 618
f 620 617 616
f 616 618 620
f 621 617 620
f 618 619 622
f 618 622 620
f 619 623 622
f 624 622 623
f 625 621 620
f 620 622 625
f 625 626 621
f 627 626 625
f 628 622 624
f 622 628 625
f 629 628 624
f 629 630 628
f 630 631 628
f 628 631 632
f 625 628 632
f 632 627 625
f 627 632 633
f 634 627 633
f 633 635 634
f 638 637 636
f 637 639 636
f 640 636 639
f 641 640 639
f 642 640 641
f 643 642 641
f 643 644 642
f 644 645 642
f 648 647 646
f 649 648 646
f 650 649 646
f 650 646 651
f 652 651 646
f 651 653 650
f 653 654 650
f 654 653 655
f 653 656 655
f 651 657 653
f 652 658 651
f 651 658 657
f 652 659 658
f 657 658 660
f 659 661 658
f 658 661 660
f 662 661 659
f 660 661 662
f 665 664 663
f 666 665 663
f 665 666 667
f 666 668 667
f 663 669 666
f 666 670 668
f 669 670 666
f 670 671 668
f 671 670 672
f 670 669 673
f 670 673 672
f 669 674 673
f 672 673 675
f 676 672 675
f 673 677 675
f 677 673 674
f 678 677 674
f 681 680 679
f 680 682 679
f 679 682 683
f 682 684 683
f 683 684 685
f 684 686 685
f 686 687 685
f 688 687 686
f 689 688 686
f 689 690 688
f 689 691 690
f 694 693 692
f 693 695 692
f 696 695 693
f 697 696 693
f 698 696 697
f 699 698 697
f 699 700 698
f 698 700 701
f 700 702 701
f 702 703 701
f 704 701 703
f 707 706 705
f 707 705 708
f 707 708 709
f 711 709 710
f 712 711 710
f 712 713 711
f 716 715 714
f 717 714 715
f 718 717 715
f 719 718 715
f 719 720 718
f 720 721 718
f 717 722 714
f 714 722 723
f 724 714 723
f 724 723 725
f 722 726 723
f 723 727 725
f 725 727 728
f 729 723 726
f 727 723 729
f 727 730 728
f 730 727 729
f 728 730 731
f 729 726 732
f 726 733 732
f 734 730 729
f 730 734 731
f 729 732 734
f 731 734 732
f 735 731 732
f 736 735 732
f 733 736 732
f 733 737 736
f 737 738 736
f 739 736 738
f 742 741 740
f 741 743 740
f 741 744 743
f 744 745 743
f 744 746 745
f 749 748 747
f 750 749 747
f 750 751 749
f 754 753 752
f 755 754 752
f 758 757 756
f 756 759 758
f 759 760 758
f 760 761 758
f 762 761 760
f 763 762 760
f 764 759 756
f 764 756 765
f 756 766 765
f 765 766 767
f 768 764 765
f 769 765 767
f 769 767 770
f 765 771 768
f 765 769 771
f 772 769 770
f 769 772 771
f 772 770 773
f 768 771 774
f 775 768 774
f 772 776 771
f 776 772 773
f 774 771 776
f 776 773 774
f 773 777 774
f 777 778 774
f 778 775 774
f 779 775 778
f 780 779 778
f 778 781 780
f 784 783 782
f 785 784 782
f 786 784 785
f 787 786 785
f 788 786 787
f 791 790 789
f 790 792 789
f 793 792 790
f 796 795 794
f 797 796 794
f 800 799 798
f 799 800 801
f 801 800 802
f 803 799 801
f 804 799 803
f 803 805 804
f 805 806 804
f 807 806 805
f 808 807 805
f 809 808 805
f 810 805 803
f 810 809 805
f 801 810 803
f 809 810 811
f 811 810 812
f 812 810 801
f 813 811 812
f 814 801 802
f 814 812 801
f 813 812 815
f 815 812 814
f 816 813 815
f 815 817 816
f 814 802 818
f 818 815 814
f 802 819 818
f 815 820 817
f 820 815 818
f 820 821 817
f 822 821 820
f 823 822 820
f 818 819 824
f 824 820 818
f 823 820 824
f 819 825 824
f 824 825 826
f 827 823 824
f 824 826 827
f 826 828 827
f 828 829 827
f 829 830 827
f 831 830 829
f 834 833 832
f 835 834 832
f 834 835 836
f 835 837 836
f 837 835 838
f 835 839 838
f 840 839 835
f 841 840 835
f 844 843 842
f 842 845 844
f 844 845 846
f 847 844 846
f 848 847 846
f 849 847 848
f 850 849 848
f 851 850 848
f 852 850 851
f 853 852 851
f 852 853 854
f 855 852 854
f 855 854 856
f 857 855 856
f 856 858 857
f 858 856 859
f 860 858 859
f 861 860 859
f 861 862 860
f 860 862 863
f 866 865 864
f 867 864 865
f 867 865 868
f 869 868 865
f 869 870 868
f 867 871 864
f 867 868 871
f 872 871 868
f 873 864 871
f 873 871 872
f 873 872 874
f 875 868 870
f 868 875 872
f 876 875 870
f 877 876 870
f 875 876 878
f 872 875 878
f 878 876 879
f 880 874 872
f 874 880 881
f 882 878 879
f 879 883 882
f 878 884 872
f 880 872 884
f 884 878 885
f 880 884 885
f 882 885 878
f 883 886 882
f 886 883 887
f 880 885 888
f 880 888 881
f 885 882 889
f 886 889 882
f 889 888 885
f 886 887 890
f 886 890 889
f 890 887 891
f 892 888 889
f 888 892 881
f 892 889 890
f 893 890 891
f 891 894 893
f 894 895 893
f 896 893 895
f 897 881 892
f 881 897 898
f 890 899 892
f 892 899 897
f 890 893 899
f 897 899 898
f 896 900 893
f 899 893 900
f 896 901 900
f 898 899 902
f 900 902 899
f 902 900 901
f 898 902 903
f 901 904 902
f 905 903 902
f 902 904 905
f 903 905 906
f 903 906 907
f 908 907 906
f 906 909 908
f 906 905 909
f 910 908 909
f 910 909 904
f 911 905 904
f 911 904 909
f 911 909 905
f 914 913 912
f 913 915 912
f 915 913 916
f 913 917 916
f 918 916 917
f 919 918 917
f 920 918 919
f 918 920 921
f 922 918 921
f 919 923 920
f 919 924 923
f 924 925 923
f 924 926 925
f 926 927 925
f 927 926 928
f 929 927 928
f 930 920 923
f 931 930 923
f 932 930 931
f 931 933 932
f 934 931 923
f 931 934 933
f 935 933 934
f 923 936 934
f 934 937 935
f 936 937 934
f 936 938 937
f 938 939 937
f 939 938 940
f 941 939 940
f 920 943 942
f 920 942 921
f 942 943 944
f 945 944 943
f 946 942 944
f 947 942 946
f 947 921 942
f 947 946 948
f 949 948 946
f 947 950 921
f 947 948 950
f 948 951 950
f 951 952 950
f 951 948 953
f 948 954 953
f 954 948 949
f 953 954 955
f 954 949 956
f 957 954 956
f 955 954 957
f 958 957 956
f 950 959 921
f 952 959 950
f 960 921 959
f 960 922 921
f 960 961 922
f 960 959 961
f 961 962 922
f 959 963 961
f 959 952 963
f 962 961 964
f 963 964 961
f 965 962 964
f 962 965 966
f 966 965 964
f 963 966 964
f 952 966 963
f 952 967 966
f 968 967 952
f 968 952 969
f 951 969 952
f 969 951 970
f 971 970 951
f 971 951 972
f 951 953 972
f 971 973 970
f 974 970 973
f 973 971 975
f 971 972 975
f 973 976 974
f 973 975 976
f 977 974 976
f 974 977 978
f 953 979 972
f 979 980 972
f 975 972 980
f 981 979 953
f 981 953 982
f 975 983 976
f 975 980 983
f 984 983 980
f 985 984 980
f 976 983 986
f 987 976 986
f 987 986 988
f 989 987 988
f 982 953 990
f 953 955 990
f 990 991 982
f 992 982 991
f 991 993 992
f 993 994 992
f 995 993 991
f 996 993 995
f 997 996 995
f 998 991 990
f 998 995 991
f 999 998 990
f 955 999 990
f 998 1000 995
f 998 999 1000
f 1001 995 1000
f 1002 1000 999
f 999 1003 1002
f 999 955 1003
f 1003 955 1004
f 1003 1004 1005
f 1005 1004 1006
f 955 1007 1004
f 1007 955 957
f 1004 1008 1006
f 1007 1009 1004
f 1008 1004 1009
f 1008 1010 1006
f 1010 1011 1006
f 1012 1008 1009
f 1008 1012 1010
f 1007 957 1013
f 1007 1014 1009
f 1014 1007 1013
f 1015 1009 1014
f 1015 1016 1009
f 1012 1009 1016
f 1017 1012 1016
f 1012 1017 1010
f 1018 1017 1016
f 1017 1019 1010
f 1019 1020 1010
f 1021 1013 957
f 958 1021 957
f 1022 1021 958
f 1022 1023 1021
f 1022 1024 1023
f 1022 958 1025
f 1022 1025 1024
f 1026 1024 1025
f 1026 1027 1024
f 1028 1024 1027
f 1028 1029 1024
f 1021 1030 1013
f 1030 1021 1023
f 1031 1024 1029
f 1031 1023 1024
f 1031 1029 1032
f 1031 1032 1023
f 1033 1032 1029
f 1013 1030 1034
f 1013 1034 1035
f 1036 1035 1034
f 1030 1023 1037
f 1037 1034 1030
f 1032 1033 1038
f 1039 1038 1033
f 1040 1023 1032
f 1032 1038 1040
f 1040 1037 1023
f 1038 1039 1041
f 1041 1040 1038
f 1042 1041 1039
f 1040 1041 1042
f 1037 1040 1042
f 1037 1042 1043
f 1037 1043 1034
f 1042 1044 1043
f 1034 1045 1036
f 1045 1034 1043
f 1045 1043 1044
f 1044 1036 1045
f 1048 1047 1046
f 1049 1048 1046
f 1049 1046 1050
f 1046 1047 1051
f 1047 1052 1051
f 1051 1052 1053
f 1054 1051 1053
f 1051 1054 1055
f 1051 1055 1046
f 1054 1056 1055
f 1046 1057 1050
f 1055 1057 1046
f 1050 1057 1058
f 1057 1059 1058
f 1060 1055 1056
f 1055 1060 1057
f 1060 1059 1057
f 1061 1060 1056
f 1059 1060 1062
f 1060 1061 1062
f 1065 1064 1063
f 1063 1064 1066
f 1063 1067 1065
f 1066 1068 1063
f 1068 1066 1069
f 1067 1063 1070
f 1070 1071 1067
f 1072 1071 1070
f 1063 1073 1070
f 1073 1063 1068
f 1072 1070 1074
f 1073 1074 1070
f 1072 1074 1075
f 1076 1068 1069
f 1073 1068 1077
f 1068 1076 1077
f 1076 1069 1078
f 1069 1079 1078
f 1076 1078 1080
f 1077 1076 1080
f 1078 1079 1081
f 1080 1078 1081
f 1081 1079 1082
f 1081 1082 1083
f 1084 1081 1083
f 1084 1085 1081
f 1085 1080 1081
f 1084 1086 1085
f 1087 1085 1086
f 1088 1080 1085
f 1077 1080 1088
f 1088 1085 1087
f 1073 1077 1089
f 1089 1077 1088
f 1074 1073 1089
f 1090 1088 1087
f 1088 1090 1089
f 1091 1090 1087
f 1089 1092 1074
f 1090 1092 1089
f 1091 1093 1090
f 1090 1093 1092
f 1091 1094 1093
f 1093 1094 1095
f 1093 1095 1092
f 1094 1096 1095
f 1092 1097 1074
f 1097 1092 1095
f 1074 1097 1075
f 1098 1095 1096
f 1098 1097 1095
f 1097 1098 1075
f 1099 1098 1096
f 1098 1099 1075
f 1102 1101 1100
f 1102 1100 1103
f 1104 1101 1102
f 1102 1103 1105
f 1104 1102 1106
f 1102 1105 1107
f 1102 1108 1106
f 1102 1107 1108
f 1111 1110 1109
f 1109 1110 1112
f 1111 1113 1110
f 1114 1112 1110
f 1110 1113 1115
f 1114 1110 1116
f 1117 1110 1115
f 1116 1110 1117
f 1120 1119 1118
f 1119 1121 1118
f 1120 1122 1119
f 1122 1120 1123
f 1119 1124 1121
f 1124 1125 1121
f 1123 1120 1126
f 1120 1127 1126
f 1125 1124 1128
f 1124 1129 1128
f 1127 1130 1126
f 1129 1131 1128
f 1131 1132 1128
f 1132 1131 1133
f 1130 1134 1126
f 1130 1135 1134
f 1131 1136 1133
f 1136 1135 1130
f 1133 1136 1137
f 1136 1130 1137
v 5.02323 -4.277643 182.1622
v 5.625553 -5.24579 181.2864
v 4.705442 -4.203739 182.4837
v 5.839873 -4.909524 181.0204
v 6.061591 -6.036571 180.0005
v 5.729021 -6.265673 180.2702
v 5.536867 -7.278165 179.5053
v 5.788142 -7.063845 179.3353
v 5.233861 -8.279571 178.7848
v 5.196906 -8.401517 171.1467
v 4.465253 -9.074048 171.0359
v 4.797823 -8.678661 171.4238
v 4.668487 -9.059267 170.404
v 3.74468 -9.513782 169.9199
v 3.515578 -9.820484 170.8215
v 2.883691 -9.687458 169.9125
v 2.835656 -9.898082 170.7365
v 4.165936 -9.997855 169.2326
v 2.048571 -9.768753 170.2525
v 2.137257 -9.654198 170.8252
v 1.74926 -9.55073 170.9472
v 2.83196 -10.01264 169.155
v 1.383431 -9.765057 170.6183
v 1.594062 -9.58399 171.0285
v 1.398213 -10.12718 169.6908
v 2.953906 -9.850048 168.4529
v 5.529476 -8.3387 170.5407
v 5.052794 -9.38075 169.6464
v 5.658812 -8.242623 170.8991
v 5.082352 -8.564106 171.35
v 4.446775 -9.606163 168.3199
v 5.873133 -8.009819 170.5924
v 5.536867 -8.46803 171.7416
v 4.771955 -8.911458 171.6234
v 5.699457 -8.438467 169.203
v 5.899001 -8.198277 171.35
v 5.196906 -9.011231 172.1666
v 4.080946 -9.439878 171.8968
v 6.257433 -7.518355 170.5037
v 6.238962 -6.679539 168.7041
v 4.380263 -9.569208 172.392
v 3.179312 -10.00894 171.9781
v 3.397328 -10.36368 172.4252
v 2.425487 -10.03111 171.8747
v 2.262897 -10.47823 172.3144
v 1.819468 -9.687458 171.2243
v 1.497985 -10.13827 171.4608
v 1.08412 -9.898082 170.8843
v 5.444486 -8.900372 172.6581
v 4.683269 -9.450958 172.8982
v 5.913777 -8.660183 172.4105
v 3.545142 -10.28977 173.1052
v 5.821402 -8.793209 173.2456
v 6.13919 -8.128069 171.9929
v 6.397855 -7.651386 172.6248
v 6.024636 -7.751159 171.5495
v 4.679574 -9.890691 173.4969
v 6.412637 -7.023195 171.7527
v 5.777056 -8.020905 174.0992
v 6.759983 -6.287847 170.404
v 7.181242 -3.738139 170.0714
v 6.671304 -6.516948 173.168
v 6.833893 -5.885068 171.8414
v 6.216789 -6.978855 174.9121
v 7.125813 -4.381106 173.4784
v 5.074961 -9.255115 175.9727
v 7.240367 -4.181567 171.9153
v 8.574343 -0.9334598 172.8206
v 4.77565 -9.650502 174.4207
v 2.961291 -10.51519 176.0466
v 2.676762 -11.01404 174.2692
v 0.6259095 -10.74798 175.9838
v 7.735527 -0.8632516 169.9753
v 10.2335 0.3561702 173.1939
v 2.920646 -10.92536 173.3786
v 8.651943 0.348779 170.3485
v 10.6178 1.679065 172.525
v 9.756815 2.044889 170.2488
v 9.209922 1.475825 168.6487
v 8.633468 0.4300736 167.6658
v 7.47686 -0.5195953 166.8418
v 7.037127 -3.793565 168.7226
v 6.578922 -5.412075 168.0021
v 6.941053 -3.837911 166.7383
v 2.455045 -10.61496 172.9869
v 1.690138 -10.48562 172.1296
v 1.54602 -10.45237 172.5878
v 1.017607 -10.40802 171.7084
v 1.730783 -11.14707 173.1126
v 6.083757 -6.413481 167.3554
v 0.8771846 -10.98078 172.3514
v 1.047165 -11.29488 174.1731
v 0.7884989 -11.33922 172.7467
v 0.1159678 -11.09903 172.4881
v 0.4448424 -11.1249 173.9699
v 0.5150507 -11.39834 171.6049
v 0.8402357 -10.79602 171.0543
v 0.7552455 -10.74798 170.3522
v 0.8587072 -11.25053 169.5762
v 0.4374514 -11.73461 170.8511
v -0.05031716 -11.55724 171.6419
v -0.2387751 -11.29488 173.9292
v -0.5011309 -11.34292 172.61
v -2.755223 -11.01404 174.2174
v -3.054534 -10.51519 176.054
v -1.617091 -11.14337 172.9278
v -0.8226205 -10.98078 172.2738
v -0.6119896 -11.40204 171.6086
v -4.868893 -9.646806 174.4207
v -5.168204 -9.177515 175.9653
v -5.870299 -7.747462 174.1213
v -6.361763 -6.395009 175.2004
v -4.769121 -9.890691 173.4932
v -3.01389 -10.92536 173.3638
v -1.572751 -10.44498 172.525
v -1.110845 -10.40433 171.7084
v -6.779324 -6.343272 173.1754
v -7.174711 -4.185263 173.4488
v -2.540897 -10.60757 172.9574
v -3.634684 -10.27869 173.1089
v -1.775985 -10.47823 172.1185
v -2.34875 -10.45975 172.3107
v -1.587533 -10.12349 171.4608
v -5.914639 -8.715609 173.2456
v -4.776512 -9.436182 172.8945
v -6.487404 -7.6403 172.6174
v -3.486876 -10.34521 172.4289
v -6.927131 -5.881372 171.8377
v -6.505875 -7.023195 171.749
v -7.3373 -4.177872 171.8968
v -7.274483 -3.738139 170.064
v -8.44587 -0.9186838 172.7985
v -6.853227 -6.287847 170.404
v -7.799207 -0.8632516 169.9716
v -10.4339 0.3894296 173.1717
v -8.704536 0.363561 170.3485
v -10.67779 1.712319 172.5102
v -9.824192 2.055975 170.2488
v -9.292077 1.449957 168.6487
v -8.719318 0.3783428 167.6658
v -7.562713 -0.6008901 166.8418
v -7.130371 -3.800956 168.7189
v -6.346981 -7.518355 170.5
v -6.335895 -6.679539 168.7079
v -6.67216 -5.412075 168.0021
v -7.03799 -3.867475 166.7383
v -6.117879 -7.743768 171.5458
v -6.177 -6.413481 167.3554
v -7.422291 -1.251254 164.7096
v -7.115589 -0.5676369 164.7392
v -7.244925 -1.912699 163.4496
v -6.524353 -1.314072 163.1022
v -6.520657 -4.735849 163.6602
v -6.649993 -3.856389 161.6204
v -5.515556 -6.938205 162.8325
v -3.730761 -2.677612 159.8061
v -6.162219 -6.176988 165.9069
v -5.123865 -6.402401 159.4957
v -5.482296 -7.481406 165.6039
v -1.964443 -8.020907 157.1677
v -0.04662185 -4.303507 158.7418
v -5.437957 -7.76963 166.7346
v -5.600546 -7.891575 167.858
v -4.118763 -9.177516 166.2875
v -5.789004 -8.438467 169.203
v -4.366343 -8.948408 165.0311
v -4.680435 -8.944712 167.3258
v -4.59175 -7.898967 161.1253
v -4.336779 -8.061557 158.2023
v -4.665654 -8.442162 163.117
v -3.339069 -9.25881 163.4939
v -3.948783 -9.055572 160.8592
v -3.523831 -9.680067 167.1817
v -3.01389 -9.55073 166.0325
v -3.102576 -9.805702 164.8611
v -4.536323 -9.606163 168.3199
v -2.35983 -9.83157 166.9859
v -1.846199 -10.21587 159.0301
v -1.890539 -9.510087 157.3783
v -0.04662191 -7.917444 156.8905
v 1.874894 -8.020907 157.1677
v 3.637517 -2.677612 159.8061
v -0.04662191 -9.813093 157.1898
v 1.800991 -9.510087 157.3783
v -0.04662185 -10.60757 158.7012
v 5.030621 -6.402401 159.4957
v 4.247231 -8.061557 158.2023
v 1.752955 -10.21587 159.0301
v -0.04662185 -10.67039 160.4158
v 6.549358 -3.834216 161.6241
v 5.426008 -6.938205 162.8325
v 6.431108 -1.247559 163.1022
v 4.502202 -7.898967 161.1253
v 7.155376 -1.846186 163.4496
v 7.040822 -0.4641692 164.7392
v 3.855539 -9.055572 160.8592
v 6.416333 -4.709987 163.6602
v 7.395565 -0.9999791 164.717
v 6.068982 -6.176988 165.9069
v 5.38906 -7.481406 165.6039
v 4.254622 -8.948408 165.0533
v 4.579801 -8.442162 163.1465
v 3.28278 -9.25881 163.5161
v 5.344714 -7.76963 166.7346
v 5.507303 -7.891575 167.858
v 4.029215 -9.177516 166.2875
v 4.587192 -8.941017 167.3258
v 3.430588 -9.676371 167.1817
v 2.920646 -9.547035 166.0325
v 2.964986 -9.805702 164.8722
v 2.266592 -9.79092 166.9859
v 2.347887 -10.10502 167.9762
v 1.819468 -10.33782 168.7041
v 1.12846 -11.29119 168.7374
v 1.560802 -10.5817 168.3383
v 1.904458 -10.23435 167.9467
v 0.4226754 -12.34432 169.3988
v 0.4744062 -13.12771 167.6067
v -0.2055158 -12.72124 169.4321
v 1.412995 -11.49072 168.0538
v -0.07618558 -11.99697 170.9324
v -0.5787362 -11.7383 170.8511
v 1.775128 -10.0348 167.0413
v 2.026404 -10.43389 167.736
v 1.368649 -11.84916 167.3739
v 2.078135 -10.37476 165.2048
v 1.390822 -10.5078 166.6792
v 2.521563 -9.931342 163.7821
v 2.170516 -9.968291 163.5308
v 1.435167 -10.3526 163.5937
v 1.656879 -10.66669 164.0149
v 0.4226753 -10.65191 163.5308
v 1.231927 -10.83298 165.3083
v 0.7441589 -11.16924 164.0925
v -0.04662179 -10.75168 163.4496
v 0.4781017 -11.21359 165.2602
v -0.04662179 -11.27271 163.9669
v -0.8373966 -11.17294 164.0925
v -0.5122175 -10.65191 163.5308
v -0.06140375 -11.26901 165.2713
v -1.757513 -10.66669 164.0297
v -1.532101 -10.3526 163.6195
v -0.5972078 -11.21728 165.2565
v -0.08357065 -11.29488 166.2542
v 0.2526948 -11.21359 166.269
v -0.1722564 -12.53278 166.3909
v -0.4124512 -11.22097 166.269
v -2.618496 -9.931342 163.808
v -2.256368 -9.968291 163.5678
v -1.332562 -10.85145 165.3009
v -2.182465 -10.40063 165.2048
v -1.491456 -10.58909 166.6755
v -1.110845 -11.02143 166.2542
v -0.870656 -10.93275 166.6681
v -0.4752686 -12.30368 166.5055
v -0.9334733 -11.15076 167.1854
v -1.864671 -10.10502 167.0413
v -0.8891334 -12.66581 166.7937
v -1.742731 -10.9623 166.8972
v -1.824026 -10.62973 166.9378
v -1.384293 -11.83808 166.9896
v -2.042042 -11.02513 167.2556
v -1.997702 -10.38585 167.2076
v -1.557969 -11.94154 167.3739
v -0.9408642 -13.12402 167.603
v -2.119641 -10.52627 167.736
v -1.994007 -10.30825 167.9467
v -1.569055 -11.60897 168.0612
v -2.441125 -10.15675 167.9799
v -1.661437 -10.64452 168.3457
v -3.043448 -9.853743 168.4566
v -1.295607 -11.32074 168.7448
v -1.912712 -10.35999 168.7152
v -1.491456 -10.13088 169.6908
v -4.255484 -9.990464 169.2326
v -2.921509 -10.00155 169.155
v -5.146031 -9.369664 169.6464
v -5.966376 -7.998738 170.5887
v -5.992238 -8.183495 171.3426
v -6.236123 -8.120678 171.9892
v -5.63011 -8.453248 171.7379
v -6.010715 -8.645401 172.4031
v -5.755745 -8.216754 170.8954
v -5.622719 -8.320222 170.537
v -5.537729 -8.878199 172.6507
v -4.758035 -9.033398 170.404
v -5.286454 -8.375649 171.143
v -5.293845 -8.989058 172.1592
v -4.4735 -9.55073 172.3883
v -5.175595 -8.541934 171.3426
v -4.861502 -8.889286 171.616
v -4.170494 -9.406619 171.8968
v -3.265165 -9.979377 171.9818
v -2.511339 -10.00155 171.8784
v -1.909016 -9.657894 171.2243
v -1.687299 -9.561817 171.0285
v -1.181053 -9.890691 170.8843
v -1.476674 -9.74658 170.6109
v -1.842503 -9.524868 170.9435
v -0.9408642 -10.79972 171.058
v -0.8669604 -10.74798 170.3559
v -1.02955 -11.26162 169.5799
v -2.134423 -9.742884 170.2525
v -2.226804 -9.624634 170.8215
v -2.921509 -9.864823 170.7328
v -0.7634927 -12.34802 169.3988
v -2.973239 -9.657894 169.9125
v -3.60143 -9.783529 170.8215
v -3.834228 -9.480523 169.9199
v -4.554795 -9.04818 171.0322
v -4.887365 -8.656488 171.4164
v -0.2757241 -13.58222 167.5069
v -0.2276887 -13.10924 166.657
v 0.5224416 -12.65842 166.7974
v 0.1603136 -12.29998 166.5055
v 1.191277 -11.76417 166.9933
v 0.7737169 -11.08795 167.1854
v 0.7330725 -10.8884 166.6718
v 1.941413 -10.91057 167.2556
v 0.9843477 -10.97709 166.2579
v 1.634706 -10.85515 166.9009
v 1.727087 -10.53366 166.9378
v 1.904458 -10.30086 167.2076
v 1.667965 -9.717015 178.8919
v 3.486014 -8.693436 179.4462
v -0.04662156 -8.778427 179.6531
v -0.9667325 -10.1974 178.515
v -4.887365 -8.656488 171.4164
v -5.286454 -8.375649 171.143
v -5.175595 -8.541934 171.3426
v -4.861502 -8.889286 171.616
v -3.18387 -7.433364 171.3426
v -4.554795 -9.04818 171.0322
v -4.170494 -9.406619 171.8968
v -3.60143 -9.783529 170.8215
v -3.265165 -9.979377 171.9818
v -2.921509 -9.864823 170.7328
v -2.511339 -10.00155 171.8784
v -2.226804 -9.624634 170.8215
v -1.909016 -9.657894 171.2243
v -1.842503 -9.524868 170.9435
v -1.687299 -9.561817 171.0285
v -8.44587 -0.9186838 172.7985
v -7.947014 -3.638366 174.0549
v -7.174711 -4.185263 173.4488
v -7.296656 -4.702595 174.8382
v -6.361763 -6.395009 175.2004
v -6.860618 -5.445334 176.5824
v -5.718796 -7.02689 177.9237
v -5.168204 -9.177515 175.9653
v -3.342764 -9.070352 178.8328
v -3.054534 -10.51519 176.054
v -1.772289 -9.369663 178.8845
v -0.04662156 -8.778427 179.6531
v 0.6259095 -10.74798 175.9838
v 2.961291 -10.51519 176.0466
v 3.460152 -9.033397 178.8475
v 3.486014 -8.693436 179.4462
v 5.074961 -9.255115 175.9727
v 5.097134 -7.233825 179.9709
v 5.492521 -7.677248 178.3228
v 6.216789 -6.978855 174.9121
v 5.448181 -5.66335 179.6346
v 5.566431 -5.334475 180.9575
v 6.120712 -4.488268 180.1372
v 5.795533 -3.860083 181.3714
v 6.275911 -4.53631 178.1381
v 6.235267 -6.191769 176.6378
v 6.819111 -4.876271 175.4369
v 6.963223 -4.067013 176.4198
v 7.125813 -4.381106 173.4784
v 7.517508 -3.220806 174.6498
v 8.574343 -0.9334598 172.8206
v -7.115589 -0.5676369 164.7392
v -6.524353 -1.314072 163.1022
v -7.012121 2.122488 164.0223
v -7.810293 2.691557 166.8307
v -7.562713 -0.6008901 166.8418
v -7.559018 0.3598653 167.178
v -8.305453 3.231057 169.591
v -7.932232 1.568207 170.0123
v -9.236651 3.733608 173.1163
v -9.521185 0.6628779 173.0498
v -7.825075 6.752613 170.1638
v -7.185797 6.231585 166.6865
v -10.09394 -0.264624 174.1842
v -8.44587 -0.9186838 172.7985
v -7.947014 -3.638366 174.0549
v -5.999629 6.408956 163.7673
v -5.704014 4.572423 162.2301
v -3.557085 7.00758 162.9027
v -3.246688 8.903232 163.9632
v -0.04662179 8.212226 162.9913
v -4.107676 9.298623 166.524
v -4.403292 10.03397 169.5688
v -7.773338 7.048228 174.1546
v -0.04662179 9.941593 163.5789
v 3.463847 7.00758 162.9027
v -0.04662173 10.33328 166.2912
v 3.157139 8.903232 163.9632
v -0.04662173 10.97995 169.7425
v 5.910087 6.408956 163.7673
v 5.614466 4.572423 162.2301
v 6.941053 2.181615 164.0223
v 4.014433 9.298623 166.524
v 7.092556 5.891623 166.6902
v 4.313744 10.03397 169.5688
v -0.04662162 11.61553 175.278
v -4.835634 10.51805 174.9269
v 4.742391 10.51805 174.9232
v 8.045924 7.003885 174.1324
v 7.731831 6.752613 170.1638
v 9.176666 3.715136 173.1163
v 7.735527 2.392241 166.8344
v 8.223296 3.227361 169.591
v 7.86486 1.560816 170.0123
v 9.368817 0.633314 173.0756
v 7.47686 0.4300735 167.178
v 7.47686 -0.5195953 166.8418
v 7.040822 -0.4641692 164.7392
v 6.431108 -1.247559 163.1022
v -4.67674 10.0155 179.1358
v -7.381646 6.601104 178.1972
v -0.04662156 10.96517 179.5127
v -0.009666621 8.552186 182.3543
v 4.742391 10.51805 174.9232
v 4.594583 10.0155 179.1506
v -8.952116 3.035214 177.0
v 7.805736 6.582633 178.3672
v 8.045924 7.003885 174.1324
v 8.884744 2.469841 177.2216
v 9.176666 3.715136 173.1163
v 9.368817 0.633314 173.0756
v 8.962343 -0.2794058 175.2558
v 8.574343 -0.9334598 172.8206
v 7.517508 -3.220806 174.6498
v 6.963223 -4.067013 176.4198
v 8.445011 -1.295593 177.1958
v 6.275911 -4.53631 178.1381
v 7.720746 0.5261514 181.3234
v 6.844974 4.90869 181.8739
v 7.960934 -2.88454 179.1506
v 6.948442 -3.412959 180.625
v 6.120712 -4.488268 180.1372
v 5.795533 -3.860083 181.3714
v 6.290693 0.3598664 182.4689
v 5.22647 0.2379272 182.5834
v 4.162241 7.45101 182.0772
v 3.312338 4.339627 183.3077
v 5.207993 4.638944 182.9899
v 5.961818 2.148357 182.698
v 4.306359 -0.06138932 183.4407
v 4.871727 -4.17048 182.9566
v 5.566431 -5.334475 180.9575
v 4.768259 -7.086012 181.2679
v 5.097134 -7.233825 179.9709
v 3.696645 -7.281861 182.3211
v 2.839352 -3.442523 184.5788
v 3.486014 -8.693436 179.4462
v 3.456456 -8.656487 180.3552
v 1.667965 -9.717015 178.8919
v 1.915545 -9.776143 179.5755
v -0.9667325 -10.1974 178.515
v 1.897068 -9.062961 180.418
v 0.6406915 -9.240333 179.9376
v -0.04662156 -8.778427 179.6531
v 2.152039 -8.911458 180.9834
v 0.622214 -9.735492 180.2
v -1.02955 -9.894387 178.9658
v -0.970428 -10.21587 179.3945
v -2.773701 -10.37846 178.43
v 0.1307499 -9.672675 181.2051
v -3.146915 -9.587685 180.2813
v -4.72108 -8.93732 178.1972
v 2.152039 -9.092525 181.8
v -1.424943 -9.680066 180.758
v -2.592634 -8.316526 182.2139
v -5.020396 -8.663878 179.764
v -0.1316118 -8.479115 182.6573
v 1.948799 -8.31283 182.9197
v -6.284163 -7.015803 179.4536
v -5.718796 -7.02689 177.9237
v 1.99684 -5.918321 184.0837
v -0.6563353 -6.225028 184.1946
v -0.4420089 -3.885945 184.601
v -2.551983 -6.61672 183.7068
v -5.064736 -7.832453 181.4194
v -3.283636 -3.38709 184.7156
v -4.576968 -7.008412 182.7608
v -6.716506 -5.744645 181.7298
v -6.879095 -5.785295 178.2933
v -6.860618 -5.445334 176.5824
v 2.650894 0.1418507 184.5197
v -0.3902781 0.1270687 185.2514
v -5.75944 -3.926596 183.5626
v -3.357546 0.2748763 184.6934
v -3.154306 4.539171 184.25
v 0.06423711 4.742405 184.2869
v -5.655972 0.01620995 183.7474
v -3.84901 7.41775 182.0994
v -5.522947 5.85467 181.4047
v -5.822257 4.934559 182.2065
v -7.470331 4.295287 178.8919
v -9.329031 1.749274 178.0383
v -8.242635 3.28649 179.7418
v -7.83985 0.3746483 182.177
v -7.621834 -1.727935 182.7645
v -9.070364 0.4005166 180.1557
v -10.07547 -0.6378443 176.1537
v -9.827886 -1.576433 177.7649
v -8.82648 -1.657727 180.5363
v -7.148848 -3.756615 182.7608
v -8.963202 -3.922901 177.1293
v -7.296656 -4.702595 174.8382
v -8.915166 -3.819433 179.339
v -7.684652 -4.610213 180.4476
v -6.698028 -5.955276 179.9672
v 4.797823 -8.678661 171.4238
v 5.082352 -8.564106 171.35
v 5.196906 -8.401517 171.1467
v 4.771955 -8.911458 171.6234
v 3.086931 -7.43706 171.3426
v 4.465253 -9.074048 171.0359
v 4.080946 -9.439878 171.8968
v 3.515578 -9.820484 170.8215
v 3.179312 -10.00894 171.9781
v 2.835656 -9.898082 170.7365
v 2.425487 -10.03111 171.8747
v 2.137257 -9.654198 170.8252
v 1.819468 -9.687458 171.2243
v 1.74926 -9.55073 170.9472
v 1.594062 -9.58399 171.0285
v -4.72108 -8.93732 178.1972
v -3.342764 -9.070352 178.8328
v -5.718796 -7.02689 177.9237
v -2.773701 -10.37846 178.43
v -1.772289 -9.369663 178.8845
v -1.02955 -9.894387 178.9658
v -0.04662156 -8.778427 179.6531
v 1.919241 -8.856026 179.9931
v 0.282253 -10.06806 179.2688
v 2.026404 -8.471725 180.4735
v 0.6776463 -10.17153 178.7552
v -0.6415534 -10.89579 177.5468
v -1.044332 -10.64452 178.0346
v -3.261469 -10.26761 177.3547
v -3.024976 -10.45975 177.0738
v -5.149726 -9.114692 176.8965
v 2.129866 -8.789513 180.8725
v 0.5557012 -10.06067 180.115
v 2.248115 -8.468029 181.3936
v 0.9030531 -10.04589 179.5607
v -1.018463 -10.78863 178.175
v -1.258652 -10.6556 178.77
v -3.882264 -9.964594 177.9348
v -3.557085 -10.14936 177.5283
v -6.75715 -7.499883 177.3399
v 3.652299 -8.545629 179.5127
v 2.787621 -9.558121 178.9252
v 3.711427 -8.235232 179.8489
v 3.075845 -9.628329 178.5445
v 1.849032 -10.31195 177.9385
v 1.642097 -10.13088 178.3339
v 0.4041981 -10.26391 177.9755
v 0.6850313 -10.40802 177.6983
v -0.9223867 -10.21217 177.6725
v -21.00225 2.817191 155.0799
v -19.59807 -4.525226 149.8696
v -21.4272 2.843059 153.0327
v -19.01422 -5.053644 151.0299
v -17.97586 -8.15394 141.7512
v -15.39659 -5.323391 153.6646
v -16.3204 2.750678 157.5187
v -14.99012 3.308655 156.5986
v -17.07423 -9.720713 141.9249
v -15.06402 -8.856028 149.1047
v -14.26955 -4.506748 153.0253
v -15.11206 -12.56604 133.9173
v -15.68851 -11.09164 133.4147
v -14.10326 -12.93926 126.4788
v -10.89211 -4.477184 154.6956
v -11.28381 3.63753 157.4891
v -10.26762 2.968694 156.3732
v -10.14567 -2.999096 153.938
v -14.45431 -11.5905 142.1466
v -13.9148 -7.832455 149.282
v -9.783541 -9.055572 149.5924
v -8.970593 -7.355767 149.0382
v -13.96654 -13.9887 126.7449
v -13.19054 -13.8335 119.2583
v -13.47508 -14.10325 134.4235
v -13.62288 -11.17663 141.8694
v -9.048192 -13.98501 141.7179
v -8.383052 -12.23347 141.3373
v -12.61409 -13.51571 134.2462
v -8.504998 -15.96195 134.5972
v -7.836162 -14.07 134.564
v -12.89493 -15.35593 126.9888
v -13.08707 -14.85708 119.3877
v -12.69538 -14.56516 112.3778
v -8.61585 -17.3994 127.277
v -7.850937 -15.87696 127.3361
v -12.28891 -14.77948 126.9333
v -12.28891 -15.9287 119.4468
v -12.66951 -15.57765 112.485
v -8.69345 -18.92922 112.2854
v -12.76189 -15.06402 106.2179
v -11.28011 -16.0063 119.4948
v -8.456957 -18.70381 119.4542
v -7.743781 -17.02988 119.4135
v -8.039397 -18.14214 112.0009
v -12.79515 -16.0839 106.2511
v -12.70277 -14.89034 92.78574
v -8.86343 -19.41699 105.9481
v -8.246332 -18.52275 105.6784
v -12.72125 -15.91392 92.76356
v -12.92818 -14.64276 77.46533
v -8.759969 -19.2581 92.63423
v -8.009833 -18.43037 92.49012
v -12.93927 -15.64786 77.45055
v -13.50833 -14.16239 62.3851
v -9.044498 -18.75185 77.31013
v -8.264803 -18.00172 77.1697
v -13.59332 -15.19335 62.39619
v -14.19564 -13.90372 52.56688
v -10.0496 -18.60035 62.31858
v -9.373373 -17.71349 62.18186
v -14.28063 -14.91252 52.58166
v -14.86818 -13.48616 42.85952
v -10.52629 -18.46733 52.46711
v -9.942442 -17.2442 52.35255
v -14.98273 -14.49865 42.81148
v -18.1052 -11.32076 9.698554
v -18.253 -12.32955 9.746595
v -11.09166 -18.50797 42.23133
v -10.52629 -17.35876 42.17221
v -12.46628 -18.57079 23.14179
v -12.991 -18.60405 9.931358
v -11.58682 -17.45853 23.72194
v -12.32586 -17.23682 9.842672
v -24.03234 -5.057344 9.495319
v -14.86818 -13.48616 42.85952
v -18.1052 -11.32076 9.698554
v -21.72652 -5.389918 43.87202
v -27.87538 3.441676 8.737798
v -14.19564 -13.90372 52.56688
v -24.62358 1.956194 44.20089
v -24.08777 10.11895 44.25631
v -28.10078 11.89266 7.433379
v -21.87063 17.19161 7.433377
v -19.19159 14.45345 43.8868
v -16.71949 17.42441 7.433377
v -21.20919 -5.611629 52.75164
v -23.78476 1.568198 53.31702
v -23.11962 9.690305 53.1766
v -20.58469 -6.077224 62.51073
v -13.50833 -14.16239 62.3851
v -12.92818 -14.64276 77.46533
v -18.4895 13.73658 53.40939
v -22.91269 0.855017 62.58834
v -22.14408 8.773891 62.17447
v -19.42809 -7.762246 77.72029
v -12.70277 -14.89034 92.78574
v -21.30526 -0.07617926 77.43576
v -19.53525 -0.8373891 93.04809
v -18.22344 -8.774738 92.98898
v -12.76189 -15.06402 106.2179
v -20.17452 7.617287 78.29676
v -17.67655 -9.517481 106.0738
v -17.58786 -9.728107 111.8531
v -12.69538 -14.56516 112.3778
v -13.19054 -13.8335 119.2583
v -17.72459 12.86081 61.91581
v -18.45255 -1.620778 105.7227
v -17.5583 -9.84266 118.8482
v -14.10326 -12.93926 126.4788
v -18.12737 -1.217999 111.9677
v -17.32181 4.849563 106.5246
v -18.11259 5.559048 94.40055
v -16.25019 11.74855 78.2598
v -13.55637 14.61604 61.5352
v -17.46222 -9.813096 125.2594
v -15.68851 -11.09164 133.4147
v -14.60951 9.206236 94.7442
v -18.03129 -1.698376 118.6708
v -13.46769 15.1149 53.22832
v -8.793223 16.76667 78.24871
v -17.83544 -9.329022 132.6683
v -17.97586 -8.15394 141.7512
v -19.12138 -6.753445 133.8138
v -18.98096 -4.026372 128.4336
v -18.67056 -3.520126 124.5314
v -18.1052 2.248125 124.3541
v -17.08901 4.306368 119.3914
v -9.720726 18.35931 61.12133
v 0.03467166 19.16118 78.89168
v -14.82383 10.76562 128.2747
v -17.61743 8.869973 129.9782
v -17.26268 4.465262 112.7474
v -8.656501 14.05807 95.08416
v -13.98871 8.759116 106.7241
v -14.03675 8.921706 120.075
v -13.71157 8.611305 113.1797
v -9.443581 13.13057 107.0013
v -9.831583 12.35826 113.6268
v -15.39659 13.1823 136.201
v -17.47331 12.43956 136.3377
v -18.38973 11.64878 145.1064
v -10.91428 11.97766 120.7143
v -16.50147 12.15133 148.4285
v -19.5722 8.640869 151.5731
v -14.06631 14.1911 142.4052
v -12.51432 13.44466 132.7348
v -10.77017 15.08535 133.2152
v -5.242108 14.52367 128.3079
v -5.016702 14.23914 121.2242
v -3.242993 15.01513 126.379
v 0.02358591 15.59159 125.7176
v -4.843026 14.41651 113.7229
v 0.03467231 15.48443 121.6011
v -5.123865 14.73429 107.2969
v 5.086046 14.23914 121.2205
v 2.939123 14.63822 126.5934
v 5.281896 14.52367 128.3042
v 0.0346722 15.55094 113.1021
v 0.0346719 16.43041 95.70497
v 10.98733 11.97766 120.7106
v 10.81365 15.08165 133.2115
v 4.908675 14.41651 113.7192
v 0.03467208 15.82808 107.0789
v 5.189514 14.73429 107.2969
v 9.897234 12.35826 113.6231
v 8.72215 14.05807 95.08416
v 9.509235 13.13057 107.0013
v 12.59844 13.44466 132.7274
v 14.10979 14.1911 142.4015
v 15.48441 13.1823 136.1972
v 16.54495 12.15133 148.4248
v 14.91535 10.76562 128.2673
v 14.11718 8.921706 120.0676
v 13.78092 8.611305 113.176
v 18.43321 11.64878 145.1064
v 19.61568 8.640869 151.5731
v 17.52788 12.43956 136.3377
v 17.67938 8.869973 129.9745
v 18.17454 2.24443 124.343
v 14.05436 8.759116 106.7241
v 17.17313 4.306368 119.3877
v 17.33572 4.465262 112.7437
v 14.67516 9.206236 94.7405
v 17.38746 4.849563 106.5209
v 18.20041 -1.217999 111.964
v 18.11542 -1.698376 118.6597
v 8.858874 16.76667 78.24871
v 18.76578 -3.520126 124.5277
v 19.04662 -4.026372 128.4299
v 17.54635 -9.813096 125.2557
v 17.63134 -9.84266 118.8445
v 17.92326 -9.329022 132.6646
v 19.18334 -6.753445 133.8138
v 18.02673 -8.15394 141.7475
v 15.77264 -11.09164 133.4111
v 14.18 -12.93926 126.4751
v 13.30054 -13.84459 119.0773
v 17.65721 -9.728107 111.8531
v 12.81276 -14.63537 111.1251
v 12.66865 -15.11944 105.2128
v 18.5182 -1.620778 105.719
v 19.6009 -0.8373891 93.04809
v 17.7422 -9.517481 106.0738
v 18.28909 -8.774738 92.98898
v 12.76842 -14.89034 92.78574
v 19.49374 -7.762246 77.72029
v 12.99383 -14.64276 77.46533
v 20.65034 -6.077224 62.51073
v 13.57398 -14.16239 62.3851
v 14.2613 -13.90372 52.56688
v 18.17823 5.559048 94.40055
v 21.37091 -0.07617926 77.43576
v 16.31584 11.74855 78.2598
v 20.24017 7.617287 78.29676
v 22.97834 0.855017 62.58834
v 21.27484 -5.611629 52.75164
v 21.79217 -5.389918 43.87202
v 14.93382 -13.48616 42.85952
v 23.85041 1.568198 53.31702
v 22.20973 8.773891 62.17447
v 17.79024 12.86081 61.91581
v 13.62202 14.61604 61.5352
v 24.09799 -5.057344 9.495319
v 18.17084 -11.32076 9.698554
v 27.94103 3.441676 8.737796
v 24.68922 1.956194 44.20089
v 23.18527 9.690305 53.1766
v 18.55884 13.73658 53.40939
v 24.15342 10.11895 44.25631
v 28.16643 11.89266 7.433377
v 21.93628 17.19161 7.433377
v 19.25724 14.45345 43.8868
v 16.78513 17.42441 7.433377
v 13.53333 15.1149 53.22832
v 13.98046 16.10891 43.90158
v 9.978528 19.57504 43.90896
v 10.385 22.1543 7.433377
v 9.786375 18.35931 61.12133
v 9.871366 18.89142 53.13964
v 0.03467142 20.77968 61.1398
v 0.03467112 21.96954 43.44336
v 0.03467059 24.39361 7.433377
v -10.31935 22.1543 7.433377
v 0.0346713 21.30071 53.38352
v -9.805716 18.89142 53.13964
v -9.912878 19.57504 43.90896
v -13.91481 16.10891 43.90158
v 21.04204 2.817191 155.0799
v 21.47068 2.843059 153.0327
v 19.64155 -4.525226 149.8696
v 19.09096 -5.053644 151.0299
v 18.02673 -8.15394 141.7475
v 15.47333 -5.323391 153.6609
v 16.36018 2.750678 157.5187
v 15.0299 3.308655 156.5986
v 17.15466 -9.720713 141.9212
v 15.13706 -8.856028 149.101
v 14.34259 -4.506748 153.0253
v 15.19249 -12.56604 133.9136
v 15.77264 -11.09164 133.4111
v 14.18 -12.93926 126.4751
v 10.96515 -4.477184 154.6956
v 11.3162 3.63753 157.4891
v 10.29262 2.968694 156.3769
v 10.18177 -2.999096 153.938
v 14.53105 -11.5905 142.1466
v 13.99154 -7.832455 149.282
v 9.856588 -9.055572 149.5887
v 9.043638 -7.355767 149.0345
v 14.03958 -13.9887 126.7449
v 13.30054 -13.84459 119.0773
v 13.54812 -14.10325 134.4198
v 13.69962 -11.17663 141.8657
v 9.121236 -13.98501 141.7142
v 8.422841 -12.23347 141.3373
v 12.69082 -13.51571 134.2425
v 8.574343 -15.96195 134.5972
v 7.875943 -14.07 134.564
v 12.96797 -15.35593 126.985
v 13.21555 -14.87186 119.1327
v 12.81276 -14.63537 111.1251
v 8.685199 -17.3994 127.2733
v 7.88703 -15.87696 127.3361
v 12.36195 -14.77948 126.9296
v 12.46542 -15.95456 119.0108
v 12.79429 -15.65525 111.0476
v 8.814531 -19.04378 110.4896
v 12.66865 -15.11944 105.2128
v 11.49357 -16.03955 118.9258
v 8.707371 -18.74446 118.8038
v 7.97941 -17.07791 118.7115
v 8.105049 -18.26408 110.1866
v 12.68343 -16.14672 105.1426
v 12.76842 -14.89034 92.78574
v 8.655637 -19.49459 104.7361
v 7.97941 -18.60035 104.47
v 12.7869 -15.91392 92.76356
v 12.99383 -14.64276 77.46533
v 8.825617 -19.2581 92.63423
v 8.042231 -18.43037 92.49012
v 13.00492 -15.64786 77.45055
v 13.57398 -14.16239 62.3851
v 9.11015 -18.75185 77.31013
v 8.330458 -18.00172 77.1697
v 13.65897 -15.19335 62.39619
v 14.2613 -13.90372 52.56688
v 10.11525 -18.60035 62.31858
v 9.439023 -17.71349 62.18186
v 14.34628 -14.91252 52.58166
v 14.93382 -13.48616 42.85952
v 10.59193 -18.46733 52.46711
v 10.00809 -17.2442 52.35255
v 15.04838 -14.49865 42.81148
v 18.17084 -11.32076 9.698554
v 18.31865 -12.32955 9.746595
v 11.15731 -18.50797 42.23133
v 10.59193 -17.35876 42.17221
v 12.53193 -18.57079 23.14179
v 13.05665 -18.60405 9.931358
v 11.61921 -17.45853 23.72194
v 12.35825 -17.23682 9.842672
v -5.323404 -15.78828 105.2387
v -9.421414 -14.90882 106.1809
v -9.447277 -16.49407 107.186
v -5.467522 -17.74675 106.1661
v -8.98168 -16.52363 112.5293
v -0.1463949 -18.43776 104.9098
v -0.116831 -16.90424 104.5292
v 5.189514 -15.85479 104.3481
v -5.097997 -17.61003 111.8974
v -8.538251 -16.44234 117.2075
v 5.03062 -17.89825 104.5809
v 9.335559 -14.99011 104.8285
v 9.014073 -16.65666 105.1537
v -0.03553611 -18.28256 110.4378
v -4.6324 -17.477 116.7752
v -8.977985 -14.91251 117.4699
v -4.902147 -15.53331 117.1077
v 5.15995 -17.81696 109.9168
v 8.999294 -16.73426 110.2161
v 0.1381399 -17.80957 115.9179
v 0.108576 -16.33887 116.5202
v 5.241245 -17.48069 115.4264
v 9.169274 -16.34996 115.6111
v 5.259723 -15.40767 116.1654
v 9.464893 -14.63906 116.1765
v 0.001418411 -17.27376 91.98387
v -0.283116 -17.81696 105.3901
v -0.1279174 -16.59754 105.0945
v -0.1205267 -18.48949 91.99496
v 0.001418232 -17.54351 77.04407
v -4.732167 -17.08161 106.1477
v -0.1242223 -18.76294 77.04407
v 0.001417994 -17.68394 62.10057
v -4.436552 -17.84283 92.23884
v -9.362286 -15.81045 106.5652
v -0.1242226 -18.89597 62.09687
v 0.001417875 -17.83174 56.02931
v -0.1316136 -19.04747 56.01453
v -9.192305 -16.6197 92.50489
v -9.184921 -14.59841 106.0886
v -9.074062 -15.40398 92.49012
v -4.887366 -17.97955 77.35077
v -10.13459 -16.61601 77.68704
v -10.01265 -15.40028 77.68334
v -4.916931 -18.06454 62.74723
v -10.19741 -16.64188 62.3001
v -10.07177 -15.42615 62.3001
v -10.17524 -16.29083 59.99059
v -10.04221 -15.0788 60.00537
v -5.153424 -17.90934 58.56054
v 0.001417875 -17.83174 56.02931
v -10.04221 -15.0788 60.00537
v -5.020398 -16.69731 58.57163
v 0.001417994 -17.68394 62.10057
v -5.020398 -16.69731 58.57163
v 0.001417875 -17.83174 56.02931
v -4.979748 -16.80817 62.75462
v -10.04221 -15.0788 60.00537
v -10.07177 -15.42615 62.3001
v 0.001418232 -17.54351 77.04407
v -10.01265 -15.40028 77.68334
v -4.802376 -16.75643 77.35077
v 0.001418411 -17.27376 91.98387
v -9.074062 -15.40398 92.49012
v -4.613924 -16.56428 92.24253
v -0.1279174 -16.59754 105.0945
v -9.184921 -14.59841 106.0886
v -4.758036 -15.82154 105.7412
v 6.893014 -17.71349 109.2332
v 4.542851 -18.22713 106.5652
v 4.228753 -18.38233 109.2258
v 6.874536 -17.67654 106.6724
v 6.870841 -17.76892 106.5689
v 4.613059 -18.28256 106.4618
v 6.870841 -17.76892 106.5689
v 6.261127 -18.68164 108.1246
v 5.389058 -18.87749 108.084
v 4.613059 -18.28256 106.4618
v 6.870841 -17.76892 106.5689
v 6.301778 -18.86271 108.0138
v 6.261127 -18.68164 108.1246
v 6.641739 -18.06084 106.4433
v 4.971498 -18.50797 106.3768
v 5.433398 -19.06225 107.9731
v 5.389058 -18.87749 108.084
v 4.613059 -18.28256 106.4618
v 4.764563 -18.26039 106.1957
v 6.741511 -17.72827 106.2733
v 4.553937 -17.93151 106.5357
v 4.542851 -18.22713 106.5652
v 6.811719 -17.32549 106.6244
v 6.874536 -17.67654 106.6724
v 6.261127 -18.68164 108.1246
v 6.301778 -18.86271 108.0138
v 5.433398 -19.06225 107.9731
v 5.389058 -18.87749 108.084
v 4.542851 -18.22713 106.5652
v 4.553937 -17.93151 106.5357
v 4.147458 -18.03128 109.2701
v 4.228753 -18.38233 109.2258
v 6.893014 -17.71349 109.2332
v 6.811719 -17.36245 109.2775
v 6.811719 -17.32549 106.6244
v 6.874536 -17.67654 106.6724
v -3.945088 -18.95509 113.4199
v -3.446233 -18.95139 113.8264
v 2.928036 -19.04008 113.5455
v 3.386241 -19.05486 112.9802
v -4.137236 -19.01791 109.6286
v 3.231042 -19.11768 109.1667
v 2.717406 -19.12137 108.7787
v -3.675335 -19.02899 109.0854
v 3.386241 -17.96846 112.9765
v 2.924341 -17.95368 113.5418
v -3.449928 -17.865 113.8116
v -3.945088 -17.86869 113.4014
v 3.227347 -18.03128 109.1593
v -4.137236 -17.93151 109.6101
v -3.675335 -17.9426 109.0706
v 2.71371 -18.03498 108.7676
v 49.73547 -14.85338 108.9634
v 41.95332 -17.53243 103.4612
v 45.87396 -17.13334 107.3486
v 46.75342 -9.916564 106.8017
v 52.76925 -8.231541 107.4077
v 40.963 -13.12772 99.245
v 50.78122 -4.236999 99.3115
v 42.77736 -8.34609 95.26892
v 47.69201 -3.878561 95.8343
v 48.91883 -2.348742 93.93865
v 47.03425 -2.980623 92.94463
v 41.16624 0.1492353 100.7416
v 47.03425 -2.980623 92.94463
v 48.91883 -2.348742 93.93865
v 44.45499 1.915553 102.0718
v 50.78122 -4.236999 99.3115
v 37.7149 2.118788 106.3029
v 45.07579 1.723401 110.7261
v 52.76925 -8.231541 107.4077
v 40.40503 3.681872 108.6087
v 46.29522 -2.725651 115.4596
v 49.73547 -14.85338 108.9634
v 35.3167 5.14888 114.0666
v 32.93697 -1.192131 111.4725
v 40.43828 5.710553 119.7646
v 43.69378 -7.895275 116.6421
v 45.87396 -17.13334 107.3486
v 38.05486 6.99649 117.1668
v 34.35224 5.547963 115.3118
v 30.10274 0.7330818 115.4596
v 33.36192 5.854665 116.9673
v 28.97569 1.043479 117.1447
v 36.88347 7.11474 118.5267
v 39.37036 6.55676 121.3942
v 42.3598 2.033799 121.4903
v 40.15006 -10.47454 114.3363
v 41.95332 -17.53243 103.4612
v 40.15744 3.426902 124.8825
v 39.81749 -3.483171 121.2316
v 36.16291 7.705976 119.517
v 34.58874 8.016374 121.845
v 38.68674 7.063006 122.5656
v 37.56709 -10.30826 111.3173
v 40.963 -13.12772 99.245
v 36.7837 -4.746939 119.1955
v 36.67285 -5.471208 105.8262
v 42.77736 -8.34609 95.26892
v 31.83949 6.161372 119.0699
v 30.26163 6.076382 120.8214
v 27.81539 1.279973 118.7336
v 25.06614 1.564507 121.8635
v 33.94577 -4.658254 116.9895
v 27.36087 7.258852 125.5107
v 21.80695 1.801001 125.1855
v 22.19495 7.162776 129.9856
v 20.69099 1.867514 125.5218
v 29.68887 8.895838 128.5223
v 33.45061 7.436224 123.4081
v 20.61709 7.310586 130.7616
v 19.2868 2.067058 125.5993
v 19.17595 7.827919 130.7135
v 18.17454 2.24443 124.343
v 17.67938 8.869973 129.9745
v 19.53069 11.85202 136.6887
v 17.52788 12.43956 136.3377
v 18.43321 11.64878 145.1064
v 21.67761 10.97995 136.5003
v 21.37091 11.28296 144.2639
v 19.61568 8.640869 151.5731
v 23.95018 10.19287 135.8019
v 23.80607 10.64368 143.1775
v 22.71228 8.197443 149.452
v 26.88419 9.623799 141.8288
v 24.23102 2.661992 150.7417
v 21.47068 2.843059 153.0327
v 25.2472 8.230699 146.8469
v 26.80659 2.621347 147.7522
v 22.36123 -4.588043 147.9518
v 19.64155 -4.525226 149.8696
v 32.77438 7.979422 132.8531
v 28.85744 3.053683 143.0334
v 24.57098 -3.298407 145.6349
v 20.57275 -7.20796 141.7623
v 18.02673 -8.15394 141.7475
v 26.63661 -3.058219 140.8385
v 23.41437 -5.412077 142.0985
v 20.32886 -5.825943 135.7353
v 19.18334 -6.753445 133.8138
v 32.9111 3.60797 135.4102
v 31.61778 -1.521003 134.0318
v 24.81117 -3.922904 134.9113
v 22.19125 -5.035168 135.8092
v 19.89282 -3.139514 129.8193
v 19.04662 -4.026372 128.4299
v 18.17454 2.24443 124.343
v 19.2868 2.067058 125.5993
v 20.69099 1.867514 125.5218
v 21.49286 -2.500243 129.4867
v 22.89704 -2.019859 128.6664
v 21.80695 1.801001 125.1855
v 29.57432 -3.486866 130.1297
v 26.42968 -1.413847 126.0206
v 25.06614 1.564507 121.8635
v 30.56833 -1.373197 120.6995
v 27.81539 1.279973 118.7336
v 28.97569 1.043479 117.1447
v 36.27007 -0.3459224 125.8728
v 31.46257 -1.702072 119.7683
v 30.10274 0.7330818 115.4596
v 33.74253 -2.818031 124.0806
v 32.54528 -2.825423 118.7078
v 32.93697 -1.192131 111.4725
v 34.52961 -3.09887 122.669
v 38.26919 3.31974 126.937
v 37.29734 -1.195825 125.0081
v 36.30332 7.107349 126.2719
v 39.50339 3.44538 126.1906
v 37.44885 7.883345 124.6497
v 37.99943 -2.160282 123.3231
v 35.34626 -3.549684 121.1134
v 37.7149 2.118788 106.3029
v 41.16624 0.1492353 100.7416
v 47.03425 -2.980623 92.94463
v 5.252332 7.395579 161.7534
v 7.720745 2.961303 158.1173
v 7.077775 2.761765 159.1446
v 5.64403 7.57295 160.1719
v -0.04292631 9.431651 162.3742
v -0.03923088 9.993323 160.7003
v -5.338185 7.395579 161.7534
v -5.715101 7.57295 160.1719
v -7.802902 2.961303 158.1173
v -7.16732 2.761765 159.1446
v -6.472622 9.745743 157.164
v -10.26762 2.968694 156.3732
v -11.28381 3.63753 157.4891
v -7.012121 10.61412 159.0633
v -0.005971491 11.7116 157.8328
v -10.85886 8.936488 157.6333
v -14.23629 9.342965 156.2328
v -14.99012 3.308655 156.5986
v -16.3204 2.750678 157.5187
v -10.18263 11.69682 155.2535
v -7.791816 14.5754 148.5393
v -7.407515 13.33011 154.5256
v -0.002276003 12.98276 158.5571
v -15.19335 10.01919 156.4804
v -11.92308 15.88721 149.3375
v -21.00225 2.817191 155.0799
v -19.31353 8.869975 153.5685
v -21.4272 2.843059 153.0327
v -19.5722 8.640869 151.5731
v -15.84002 13.52596 149.9139
v -16.50147 12.15133 148.4285
v -12.98361 17.17315 146.5808
v -14.06631 14.1911 142.4052
v -8.711927 20.5358 143.0741
v -10.77017 15.08535 133.2152
v -7.529454 20.24388 144.6963
v -10.09394 15.34401 149.5481
v -9.332727 14.75647 148.7906
v -7.074944 18.64385 146.6178
v -6.683247 17.60549 146.6621
v -7.529454 19.07619 145.3947
v 0.001419186 20.25127 143.8464
v -5.58946 15.32553 145.2616
v 0.001419186 19.5307 145.2912
v 0.001419186 16.05719 144.5411
v 0.001419186 18.17086 145.6016
v 7.088861 18.68449 146.6289
v 7.539678 19.09836 145.4021
v 11.92591 15.88721 149.3375
v 6.704557 17.6757 146.6806
v 7.532289 20.24388 144.6963
v 0.001419186 21.98803 143.5692
v 0.001419186 22.25778 141.8583
v 8.714763 20.5358 143.0741
v 10.09678 15.34401 149.5481
v 14.23913 9.342965 156.2328
v 9.33556 14.76016 148.7943
v 7.798344 14.5791 148.5393
v 5.607075 15.36988 145.2727
v 0.001419246 16.02024 148.5984
v 0.001419365 14.37956 154.3297
v 7.410347 13.33011 154.5256
v 10.18546 11.69682 155.2535
v 6.996479 10.61412 159.0633
v 6.468063 9.745743 157.164
v 10.86169 8.936488 157.6333
v 11.3162 3.63753 157.4891
v 10.29262 2.968694 156.3769
v 15.0299 3.308655 156.5986
v 16.36018 2.750678 157.5187
v 15.19619 10.01919 156.4804
v 21.04204 2.817191 155.0799
v 19.31637 8.869975 153.5685
v 21.47068 2.843059 153.0327
v 19.61568 8.640869 151.5731
v 15.84285 13.52596 149.9139
v 16.54495 12.15133 148.4248
v 12.98644 17.17315 146.5808
v 14.10979 14.1911 142.4015
v 8.071793 18.55886 133.4037
v 10.81365 15.08165 133.2115
v 5.599684 16.21608 127.6095
v 5.281896 14.52367 128.3042
v 0.001419007 20.14411 133.4406
v 3.201485 17.22858 126.1278
v 2.939123 14.63822 126.5934
v 3.715122 18.90621 128.8992
v 0.001418948 18.7547 125.4035
v 0.02358591 15.59159 125.7176
v -8.065264 18.55886 133.4
v 0.001418948 20.22541 128.0271
v -3.712284 18.90621 128.8992
v -3.398191 17.47616 125.991
v -3.242993 15.01513 126.379
v -5.596851 16.21608 127.6095
v -5.242108 14.52367 128.3079
v -6.557612 -0.03921842 156.3658
v -7.802902 2.961303 158.1173
v -7.16732 2.761765 159.1446
v -6.321113 -0.2831027 157.43
v -3.302114 -2.378295 156.8536
v -5.615329 -1.694678 154.6253
v -3.191261 -3.394483 153.5685
v -0.0207535 -3.28732 155.9963
v -5.016701 -7.743769 149.016
v 0.01619529 -3.974633 152.6225
v 3.249521 -2.378295 156.8536
v 0.03467267 -8.057862 148.7758
v -3.494267 -11.96002 141.5627
v 3.201485 -3.398179 153.5722
v 5.060184 -7.503574 149.0086
v 5.570126 -1.694678 154.6253
v 6.475454 -0.03921842 156.3658
v 6.231571 -0.2831027 157.43
v 7.077775 2.761765 159.1446
v 7.720745 2.961303 158.1173
v 3.4971 -11.96002 141.5664
v 0.001419186 -12.12261 141.8288
v 0.001419067 -14.09956 134.9372
v -1.661437 -14.03304 134.8411
v 1.664269 -14.03304 134.8411
v 0.001418948 -15.55178 125.8358
v 15.1112 -11.93047 23.7589
v 16.3491 -11.827 9.842671
v 8.374799 -15.79568 11.36141
v 7.517506 -16.37952 23.57413
v 6.567834 -16.48299 42.24242
v 12.08111 -14.2252 42.38653
v 3.445368 -17.90565 13.69679
v 2.451353 -16.58646 13.28662
v -1.114542 -18.37864 17.43267
v -1.08868 -16.87838 16.35366
v -8.009835 -15.20813 18.37865
v -7.995058 -16.72318 18.91076
v -15.11206 -11.93047 23.7589
v -1.114542 -18.29735 23.4448
v -8.035703 -16.61971 23.59631
v -12.07828 -14.2252 42.38653
v -6.180698 -16.72318 42.24242
v -11.66811 -14.26954 52.46342
v -0.5343922 -17.60264 42.0983
v -5.704016 -16.69362 52.33039
v -11.00297 -14.98272 62.3001
v 0.001417815 -17.50287 52.20105
v -5.378837 -16.96706 62.20034
v -10.10134 -14.58364 77.68334
v 6.183528 -16.61601 52.33039
v 11.66725 -14.26954 52.46342
v 0.001417994 -17.35136 62.10057
v -4.939103 -16.69731 77.35446
v -9.074062 -14.95316 92.49012
v 5.666195 -16.8599 62.20034
v 11.0021 -14.98272 62.3001
v -4.436552 -16.92641 92.23145
v -9.22926 -15.27464 106.6133
v -4.724776 -17.05205 105.8521
v 0.001418232 -17.21094 77.04407
v 4.716526 -17.00771 77.37294
v 10.10047 -14.58364 77.68334
v 0.001418411 -17.30702 91.98387
v -0.1316129 -17.27746 104.8322
v 4.28788 -17.06683 92.2684
v 9.073198 -14.95316 92.49012
v 4.243535 -17.07791 104.6733
v 8.932778 -15.37072 105.0945
v 12.35825 -17.23682 9.842672
v 16.3491 -11.827 9.842671
v 15.1112 -11.93047 23.7589
v 11.61921 -17.45853 23.72194
v 12.08111 -14.2252 42.38653
v 10.59193 -17.35876 42.17221
v 11.66725 -14.26954 52.46342
v 10.00809 -17.2442 52.35255
v 11.0021 -14.98272 62.3001
v 9.439023 -17.71349 62.18186
v 10.10047 -14.58364 77.68334
v 8.330458 -18.00172 77.1697
v 9.073198 -14.95316 92.49012
v 8.042231 -18.43037 92.49012
v 8.932778 -15.37072 105.0945
v 7.97941 -18.60035 104.47
v 8.929085 -15.39658 110.2568
v 8.105049 -18.26408 110.1866
v 9.069502 -15.01967 115.4523
v 7.97941 -17.07791 118.7115
v 7.88703 -15.87696 127.3361
v 8.862569 -14.82383 125.555
v 7.875943 -14.07 134.564
v -11.58682 -17.45853 23.72194
v -16.34997 -11.827 9.842671
v -12.32586 -17.23682 9.842672
v -15.11206 -11.93047 23.7589
v -10.52629 -17.35876 42.17221
v -12.07828 -14.2252 42.38653
v -9.942442 -17.2442 52.35255
v -11.66811 -14.26954 52.46342
v -9.373373 -17.71349 62.18186
v -11.00297 -14.98272 62.3001
v -8.264803 -18.00172 77.1697
v -10.10134 -14.58364 77.68334
v -8.009833 -18.43037 92.49012
v -9.074062 -14.95316 92.49012
v -9.22926 -15.27464 106.6133
v -8.246332 -18.52275 105.6784
v -8.039397 -18.14214 112.0009
v -8.867126 -15.42615 112.5072
v -7.743781 -17.02988 119.4135
v -8.752578 -15.27833 116.9784
v -7.850937 -15.87696 127.3361
v -8.859735 -14.82383 125.555
v -7.836162 -14.07 134.564
v -6.321113 -0.2831027 157.43
v -7.16732 2.761765 159.1446
v -5.338185 7.395579 161.7534
v -3.302114 -2.378295 156.8536
v -0.04292631 9.431651 162.3742
v -0.0207535 -3.28732 155.9963
v 3.249521 -2.378295 156.8536
v 5.252332 7.395579 161.7534
v 6.231571 -0.2831027 157.43
v 7.077775 2.761765 159.1446
v 6.312863 0.6185203 18.5671
v 5.366884 4.757174 16.15781
v 5.710541 3.84815 19.39114
v 6.645433 0.3635492 14.48388
v 9.272738 -0.4013629 17.66916
v 6.778459 0.8291507 12.03024
v 6.165056 6.135496 10.48194
v 9.908317 -1.280824 14.4654
v 13.26728 0.9880453 19.82717
v 10.0007 -0.7708823 12.24456
v 13.66636 0.9289232 15.82524
v 14.20586 4.54655 20.44058
v 6.456975 -0.09835141 8.726711
v 5.7438 6.039419 7.163631
v 15.1851 4.661098 15.3929
v 11.13883 9.257964 20.13018
v 13.03817 0.8587087 11.72354
v 10.44413 -1.243875 11.12861
v 6.29069 2.085526 1.569056
v 5.887912 6.723036 0.005971789
v 6.408939 2.0301 0.005972087
v 5.233858 -4.277657 5.027789
v 6.275908 -2.52981 0.005972445
v 11.3938 9.283828 14.12913
v 7.299487 7.040825 20.31125
v 14.22065 0.6924234 8.471739
v 14.01002 4.30636 9.332729
v 5.440788 -8.142864 3.675336
v 4.982583 -8.235245 0.005972921
v 7.550762 -13.82612 1.033247
v 10.03026 -3.727064 8.338714
v 15.08164 -4.085503 4.262876
v 8.138303 9.113848 13.35683
v 11.57856 8.408061 10.48194
v 5.366884 4.757174 16.15781
v 5.710541 3.84815 19.39114
v 8.271332 8.855181 10.62236
v 6.165056 6.135496 10.48194
v 5.7438 6.039419 7.163631
v 11.67094 9.786379 7.352083
v 8.042229 9.875064 7.244926
v 5.887912 6.723036 0.005971789
v 8.293505 10.82474 0.005971431
v 11.68202 10.84321 0.005971372
v 14.35737 7.066692 0.00597161
v 14.80449 4.85325 6.335896
v 15.43637 2.248116 1.436025
v 15.38095 2.174212 0.005971968
v 15.61005 -2.755223 0.005972325
v 15.62114 -7.655095 3.597737
v 16.21977 -7.289265 0.005972683
v 13.36705 -12.96883 0.8521804
v 10.26306 -7.969186 5.474914
v 12.77581 -11.95634 4.200059
v 10.13742 -14.84231 1.7649
v 9.904622 -13.51942 4.972358
v 7.750303 -12.26304 4.237009
v 6.29069 2.085526 1.569056
v 15.61005 -2.755223 0.005972325
v 15.43637 2.248116 1.436025
v 6.275908 -2.52981 0.005972445
v 16.21977 -7.289265 0.005972683
v 4.982583 -8.235245 0.005972921
v 13.36705 -12.96883 0.8521804
v 7.550762 -13.82612 1.033247
v 10.13742 -14.84231 1.7649
v 6.408939 2.0301 0.005972087
v 15.38095 2.174212 0.005971968
v 14.35737 7.066692 0.00597161
v 5.887912 6.723036 0.005971789
v 8.293505 10.82474 0.005971431
v 11.68202 10.84321 0.005971372
v 6.408939 2.0301 0.005972087
v 6.29069 2.085526 1.569056
v 15.43637 2.248116 1.436025
v 15.38095 2.174212 0.005971968
v -6.310035 0.6185203 18.5671
v -5.711407 3.84815 19.39114
v -5.367751 4.757174 16.15781
v -6.6463 0.3635492 14.48388
v -9.273602 -0.4013629 17.66916
v -6.779326 0.8291507 12.03024
v -6.165917 6.135496 10.48194
v -9.909184 -1.280824 14.4654
v -13.26445 0.9880453 19.82717
v -10.00156 -0.7708823 12.24456
v -13.66723 0.9289232 15.82524
v -14.20304 4.54655 20.44058
v -6.457842 -0.09835141 8.726711
v -5.744661 6.039419 7.163631
v -15.18596 4.661098 15.3929
v -11.13969 9.257964 20.13018
v -13.03534 0.8587087 11.72354
v -10.44499 -1.243875 11.12861
v -6.291557 2.085526 1.569056
v -5.888779 6.723036 0.005971908
v -6.409801 2.0301 0.005972325
v -5.234719 -4.277657 5.027789
v -6.27308 -2.52981 0.005972623
v -11.39466 9.283828 14.12913
v -7.300354 7.040825 20.31125
v -14.22151 0.6924234 8.471739
v -14.01088 4.30636 9.332729
v -5.441655 -8.142864 3.675336
v -4.983444 -8.235245 0.005973041
v -7.551629 -13.82612 1.033248
v -10.03113 -3.727064 8.338714
v -15.0825 -4.085503 4.262877
v -8.13917 9.113848 13.35683
v -11.57573 8.408061 10.48194
v -5.367751 4.757174 16.15781
v -5.711407 3.84815 19.39114
v -8.272196 8.855181 10.62236
v -6.165917 6.135496 10.48194
v -5.744661 6.039419 7.163631
v -11.66811 9.786379 7.352083
v -8.039399 9.875064 7.244926
v -5.888779 6.723036 0.005971908
v -8.294369 10.82474 0.00597167
v -11.6792 10.84321 0.005971729
v -14.35823 7.066692 0.005972027
v -14.80536 4.85325 6.335896
v -15.43724 2.248116 1.436025
v -15.38181 2.174212 0.005972445
v -15.61091 -2.755223 0.005972802
v -15.622 -7.655095 3.597738
v -16.22063 -7.289265 0.00597316
v -13.36791 -12.96883 0.8521807
v -10.26393 -7.969186 5.474914
v -12.77668 -11.95634 4.20006
v -10.13829 -14.84231 1.764901
v -9.905488 -13.51942 4.972358
v -7.747478 -12.26304 4.237009
v -6.291557 2.085526 1.569056
v -15.43724 2.248116 1.436025
v -15.61091 -2.755223 0.005972802
v -6.27308 -2.52981 0.005972623
v -16.22063 -7.289265 0.00597316
v -4.983444 -8.235245 0.005973041
v -13.36791 -12.96883 0.8521807
v -7.551629 -13.82612 1.033248
v -10.13829 -14.84231 1.764901
v -6.409801 2.0301 0.005972325
v -14.35823 7.066692 0.005972027
v -15.38181 2.174212 0.005972445
v -5.888779 6.723036 0.005971908
v -8.294369 10.82474 0.00597167
v -11.6792 10.84321 0.005971729
v -6.409801 2.0301 0.005972325
v -15.38181 2.174212 0.005972445
v -15.43724 2.248116 1.436025
v -6.291557 2.085526 1.569056
v -49.73263 -14.85338 108.9634
v -45.87482 -17.13334 107.3486
v -41.95418 -17.53243 103.4612
v -46.75429 -9.916564 106.8017
v -52.76642 -8.231541 107.4077
v -40.96387 -13.12772 99.245
v -50.78208 -4.236999 99.3115
v -42.77453 -8.34609 95.26892
v -47.68918 -3.878561 95.8343
v -48.9197 -2.348742 93.93865
v -47.03143 -2.980623 92.94463
v -41.16341 0.1492353 100.7416
v -48.9197 -2.348742 93.93865
v -47.03143 -2.980623 92.94463
v -44.45215 1.915553 102.0718
v -50.78208 -4.236999 99.3115
v -37.70468 2.118788 106.3029
v -45.07296 1.723401 110.7261
v -52.76642 -8.231541 107.4077
v -40.39849 3.685568 108.6124
v -46.29238 -2.725651 115.4596
v -49.73263 -14.85338 108.9634
v -35.29908 5.14888 114.0666
v -32.91566 -1.192131 111.4725
v -40.43175 5.710553 119.7683
v -43.69094 -7.895275 116.6458
v -45.87482 -17.13334 107.3486
v -38.04094 6.99649 117.1668
v -34.33462 5.547963 115.3118
v -30.08142 0.7330818 115.4596
v -36.86955 7.11474 118.5267
v -33.3443 5.854665 116.9673
v -42.35327 2.033799 121.4903
v -40.14722 -10.47454 114.3363
v -41.95418 -17.53243 103.4612
v -39.36013 6.55676 121.3942
v -39.80726 -3.483171 121.2316
v -40.14722 3.426902 124.8825
v -37.56056 -10.30826 111.3173
v -40.96387 -13.12772 99.245
v -38.67652 7.063006 122.5656
v -36.76978 -4.746939 119.1955
v -36.66262 -5.471208 105.8262
v -42.77453 -8.34609 95.26892
v -36.15268 7.705976 119.517
v -34.57851 8.016374 121.845
v -33.92815 -4.658254 116.9895
v -32.52396 -2.825423 118.7078
v -35.32864 -3.549684 121.1134
v -32.91566 -1.192131 111.4725
v -37.70468 2.118788 106.3029
v -41.16341 0.1492353 100.7416
v -47.03143 -2.980623 92.94463
v -30.08142 0.7330818 115.4596
v -28.95068 1.043479 117.1447
v -37.98551 -2.160282 123.3231
v -34.51569 -3.09887 122.669
v -31.44127 -1.702072 119.772
v -30.54332 -1.373197 120.7032
v -27.79408 1.279973 118.7373
v -25.03374 1.564507 121.8672
v -39.49686 3.44538 126.1906
v -37.28711 -1.195825 125.0081
v -33.72491 -2.818031 124.0806
v -26.40097 -1.413847 126.0243
v -21.76716 1.801001 125.1855
v -36.25614 -0.3459224 125.8765
v -29.5567 -3.486866 130.1334
v -22.86095 -2.019859 128.6664
v -20.65121 1.867514 125.5218
v -37.44231 7.883345 124.6497
v -38.26265 3.31974 126.937
v -36.29309 7.107349 126.2719
v -31.60016 -1.521003 134.0318
v -32.89718 3.60797 135.4102
v -32.76046 7.979422 132.8531
v -24.78617 -3.922904 134.9113
v -33.43669 7.436224 123.4081
v -30.24032 6.076382 120.8251
v -29.67125 8.895838 128.5223
v -26.87397 9.623799 141.8325
v -28.84352 3.053683 143.0371
v -26.62269 -3.058219 140.8385
v -31.82187 6.161372 119.0699
v -28.95068 1.043479 117.1447
v -27.79408 1.279973 118.7373
v -25.03374 1.564507 121.8672
v -27.33587 7.258852 125.5107
v -21.76716 1.801001 125.1855
v -22.16256 7.162776 129.9856
v -20.65121 1.867514 125.5218
v -23.92887 10.19287 135.8019
v -20.58469 7.310586 130.7616
v -19.24702 2.067058 125.5993
v -21.65631 10.97995 136.5003
v -23.79215 10.64368 143.1775
v -19.14356 7.827919 130.7135
v -18.1052 2.248125 124.3541
v -17.61743 8.869973 129.9782
v -19.51308 11.85202 136.6887
v -17.47331 12.43956 136.3377
v -18.38973 11.64878 145.1064
v -21.36069 11.28296 144.2639
v -19.5722 8.640869 151.5731
v -25.23698 8.230699 146.8469
v -22.70575 8.197443 149.4557
v -26.80006 2.621347 147.7522
v -24.22079 2.661992 150.7417
v -21.4272 2.843059 153.0327
v -24.56076 -3.298407 145.6349
v -22.3547 -4.588043 147.9518
v -19.59807 -4.525226 149.8696
v -23.40045 -5.412077 142.0985
v -20.55883 -7.20796 141.7623
v -17.97586 -8.15394 141.7512
v -20.30386 -5.825943 135.7353
v -19.12138 -6.753445 133.8138
v -22.16625 -5.035168 135.8092
v -21.45676 -2.500243 129.4867
v -19.85673 -3.139514 129.8193
v -18.98096 -4.026372 128.4336
v -19.24702 2.067058 125.5993
v -18.1052 2.248125 124.3541
v -0.9999943 -16.9375 12.85797
v -1.08868 -16.87838 16.35366
v 2.451353 -16.58646 13.28662
v -8.009835 -15.20813 18.37865
v -7.880504 -15.41876 11.50552
v -16.34997 -11.827 9.842671
v -15.11206 -11.93047 23.7589
v 5.987686 -12.63255 141.6108
v 8.422841 -12.23347 141.3373
v 7.875943 -14.07 134.564
v 5.680978 -14.7647 134.7302
v 3.951616 -13.34943 141.777
v 8.862569 -14.82383 125.555
v 1.956189 -15.50744 134.9594
v 3.4971 -11.96002 141.5664
v 1.664269 -14.03304 134.8411
v 4.94563 -16.25018 125.422
v 9.069502 -15.01967 115.4523
v 4.383957 -16.36104 115.5705
v 0.123358 -16.88945 115.9326
v -0.1833435 -16.09498 125.167
v 0.001418948 -15.55178 125.8358
v -0.179648 -17.3957 125.1818
v -2.012485 -17.23681 116.3724
v -2.252674 -16.17997 116.5793
v -1.661437 -14.03304 134.8411
v 0.001418948 -15.55178 125.8358
v -1.953357 -15.33377 134.9594
v -3.948783 -13.34943 141.777
v -3.494267 -11.96002 141.5627
v -6.136357 -12.63995 141.6034
v -5.685537 -14.58733 134.7302
v -5.142336 -15.79936 125.3998
v -2.252674 -16.17997 116.5793
v -4.499369 -16.07281 116.7308
v -8.752578 -15.27833 116.9784
v -8.859735 -14.82383 125.555
v -7.836162 -14.07 134.564
v -8.383052 -12.23347 141.3373
v 3.951616 -13.34943 141.777
v 3.4971 -11.96002 141.5664
v 5.060184 -7.503574 149.0086
v 5.618161 -8.774733 149.4225
v 5.987686 -12.63255 141.6108
v 8.422841 -12.23347 141.3373
v 9.043638 -7.355767 149.0345
v 10.18177 -2.999096 153.938
v 6.157667 -2.984314 154.8508
v 5.570126 -1.694678 154.6253
v 8.644552 -0.1168178 155.5122
v 10.29262 2.968694 156.3769
v 7.133203 -0.194417 156.5136
v 6.475454 -0.03921842 156.3658
v 7.720745 2.961303 158.1173
v 8.821923 3.120203 156.473
v 6.468063 9.745743 157.164
v 8.263943 2.976085 158.1876
v 6.035722 8.699995 160.2421
v 5.64403 7.57295 160.1719
v -0.03923088 9.993323 160.7003
v -0.03553539 11.21644 160.7151
v -0.005971491 11.7116 157.8328
v -5.715101 7.57295 160.1719
v -6.472622 9.745743 157.164
v -6.095706 8.699995 160.2421
v -8.335017 2.976085 158.1876
v -7.802902 2.961303 158.1173
v -8.85604 3.120203 156.473
v -10.26762 2.968694 156.3732
v -8.667587 -0.1168178 155.5122
v -10.14567 -2.999096 153.938
v -7.204275 -0.194417 156.5099
v -6.557612 -0.03921842 156.3658
v -5.615329 -1.694678 154.6253
v -6.199174 -2.984314 154.8508
v -5.578374 -9.014928 149.4299
v -8.833872 -7.740074 148.7167
v -5.016701 -7.743769 149.016
v -8.383052 -12.23347 141.3373
v -3.494267 -11.96002 141.5627
v -6.136357 -12.63995 141.6034
v -3.948783 -13.34943 141.777
v -46.30347 -18.95879 96.52161
v -43.75746 -18.52644 98.82004
v -45.26511 -17.41788 96.94656
v -44.4189 -20.71771 99.42605
v -43.83875 -18.90336 102.5892
v -42.87799 -16.24279 101.2072
v -43.77223 -13.57115 104.3555
v -46.84667 -20.85074 99.51474
v -47.31965 -19.05486 103.2395
v -47.79634 -18.88119 97.77429
v -51.1553 -20.99486 97.08698
v -44.93253 -17.14073 104.8544
v -45.55703 -12.7545 107.6997
v -44.64061 -10.97709 106.022
v -49.52939 -16.4682 106.1107
v -48.05131 -11.84178 108.4239
v -52.91423 -21.12788 101.1665
v -51.72436 -19.37265 95.97102
v -53.59784 -19.96019 103.2248
v -51.51004 -12.38128 105.7634
v -49.32985 -9.624639 108.0175
v -54.21125 -19.62762 99.96556
v -54.52535 -16.02477 102.3564
v -54.23711 -16.60862 100.0173
v -50.98902 -16.36104 95.73822
v -51.85 -11.89351 94.56314
v -52.01259 -9.151652 103.9823
v -48.1289 -7.784417 106.2068
v -54.90964 -10.92906 100.9374
v -54.85792 -11.83439 98.59463
v -48.76819 -8.671276 102.1975
v -45.98198 -8.549329 105.3791
v -53.68284 -10.31565 99.09718
v -45.25033 -11.57202 103.1619
v -44.64061 -10.97709 106.022
v -43.77223 -13.57115 104.3555
v -42.87799 -16.24279 101.2072
v -50.79687 -11.4353 97.8482
v -48.22499 -10.8145 96.89114
v -49.94327 -10.00525 100.3499
v -46.31455 -15.72177 100.3794
v -43.75746 -18.52644 98.82004
v -45.98937 -17.03726 98.50964
v -51.85 -11.89351 94.56314
v -47.16815 -15.22661 97.20523
v -50.98902 -16.36104 95.73822
v -45.26511 -17.41788 96.94656
v -51.72436 -19.37265 95.97102
v -51.1553 -20.99486 97.08698
v -48.37649 -17.30332 96.78028
v -47.79634 -18.88119 97.77429
v -47.16815 -17.19616 95.6828
v -46.30347 -18.95879 96.52161
v -46.2776 -15.86957 96.03015
v 55.26723 -15.13422 96.88375
v 55.28939 -15.50375 94.96592
v 54.91248 -15.21182 94.86246
v 56.02475 -15.6959 96.55117
v 56.30928 -15.3042 99.15631
v 55.47046 -14.87925 98.52442
v 54.55774 -14.51712 99.57756
v 55.47046 -15.00489 94.64813
v 54.91248 -15.21182 94.86246
v 55.0529 -14.77948 94.61118
v 55.3596 -14.35453 94.63704
v 55.72912 -14.49126 94.68508
v 56.70836 -14.3028 96.32946
v 56.17625 -13.85198 96.51052
v 56.51991 -13.50832 98.98263
v 55.3596 -14.35453 94.63704
v 56.91529 -14.72406 98.66114
v 55.15267 -14.77579 100.5457
v 55.91758 -16.66774 97.48976
v 56.74531 -14.47278 99.3115
v 55.66631 -14.23259 100.8672
v 55.45937 -13.07228 101.9758
v 55.16376 -14.42104 101.791
v 52.14846 -11.57941 105.9038
v 55.06399 -14.27693 95.03982
v 54.75728 -14.59102 95.02135
v 55.0529 -14.77948 94.61118
v 54.91248 -15.21182 94.86246
v 54.68707 -14.88295 95.2061
v 55.26723 -15.13422 96.88375
v 55.21179 -14.20303 96.93917
v 55.47046 -14.87925 98.52442
v 54.91618 -13.57484 98.58724
v 55.63305 -12.96882 98.90503
v 54.8977 -12.08936 100.4238
v 54.15496 -13.00577 99.49626
v 54.55774 -14.51712 99.57756
v 49.63201 -13.18684 101.5508
v 50.57798 -9.87222 102.8368
v 53.57112 -15.88066 99.52583
v 55.86585 -12.66212 100.5199
v 55.16006 -12.26303 101.6469
v 52.64731 -9.942433 103.6608
v 54.72402 -17.0927 98.08838
v 55.91758 -16.66774 97.48976
v 55.50002 -17.05205 95.60519
v 54.57622 -17.68763 95.97472
v 54.45058 -17.38831 93.73171
v 54.01823 -17.9389 93.76497
v 54.61686 -18.75185 96.01906
v 53.97759 -18.52644 93.96082
v 54.93835 -18.57448 99.02697
v 53.64133 -17.36984 100.0616
v 47.4703 -7.77333 106.6355
v 48.67125 -9.617248 108.4461
v 45.32337 -8.541938 105.8003
v 51.31702 -13.58592 106.4987
v 47.3927 -11.83069 108.8526
v 47.40748 -9.850051 103.8899
v 45.71876 -11.31336 104.4996
v 43.982 -10.96601 106.447
v 55.29309 -15.96195 102.6668
v 55.55545 -15.36333 101.3697
v 56.61598 -16.94489 98.772
v 56.62337 -17.91673 99.22652
v 56.06539 -17.66176 95.2098
v 55.50002 -17.05205 95.60519
v 56.76379 -18.19018 98.33227
v 55.01964 -16.93011 101.5915
v 55.97301 -18.83315 99.07872
v 54.36189 -17.43635 101.3217
v 54.49862 -17.10009 102.7592
v 55.42982 -19.30244 95.5941
v 55.17115 -17.8687 93.4324
v 54.70924 -17.60633 93.40283
v 54.45058 -17.38831 93.73171
v 54.8238 -18.46363 93.30307
v 54.70924 -17.60633 93.40283
v 53.74849 -18.41189 103.7273
v 54.6686 -18.3232 102.0977
v 50.52994 -15.35594 107.0604
v 48.68603 -17.35136 106.362
v 44.89472 -12.74341 108.132
v 54.55035 -19.15463 93.63564
v 54.61686 -18.75185 96.01906
v 54.10692 -18.89966 93.67629
v 53.97759 -18.52644 93.96082
v 54.93835 -18.57448 99.02697
v 53.64133 -17.36984 100.0616
v 54.10692 -18.89966 93.67629
v 54.57252 -18.89596 98.2362
v 54.36558 -18.23082 93.31416
v 54.01823 -17.9389 93.76497
v 53.97759 -18.52644 93.96082
v 54.45058 -17.38831 93.73171
v 55.43351 -19.59806 99.10457
v 55.31896 -20.58468 94.73312
v 54.81271 -20.00084 94.96961
v 55.282 -20.71771 99.36694
v 55.30418 -21.01702 98.24358
v 54.26581 -21.31265 99.15261
v 53.31615 -19.75695 102.1827
v 52.61775 -19.13246 103.5721
v 54.32494 -22.19211 95.26523
v 52.70643 -19.97128 101.5989
v 51.14704 -19.7976 104.3296
v 52.47733 -20.49231 102.3859
v 53.33462 -22.15885 99.89536
v 52.89119 -23.07157 99.92861
v 51.71611 -19.96389 99.93599
v 53.13877 -20.96529 98.5392
v 52.89489 -21.47154 98.77939
v 53.48243 -21.64891 95.50912
v 53.17942 -22.33253 96.28511
v 50.24171 -21.13897 102.4783
v 53.56742 -21.93714 93.05179
v 53.12769 -21.66 93.0444
v 52.9614 -21.40133 93.35849
v 53.9665 -21.29786 92.67487
v 53.12769 -21.66 93.0444
v 54.42471 -20.70663 92.74878
v 53.99976 -20.44427 92.67487
v 53.85195 -20.24842 93.03331
v 53.99976 -20.44427 92.67487
v 53.53047 -21.03181 92.62684
v 53.27919 -20.74728 93.07765
v 52.9614 -21.40133 93.35849
v 53.85195 -20.24842 93.03331
v 53.27919 -20.74728 93.07765
v 53.48243 -21.64891 95.50912
v 52.9614 -21.40133 93.35849
v 53.58589 -20.47383 95.35023
v 53.85195 -20.24842 93.03331
v 54.81271 -20.00084 94.96961
v 53.13877 -20.96529 98.5392
v 53.23115 -19.47242 97.82602
v 54.57252 -18.89596 98.2362
v 52.8099 -18.70012 99.38911
v 51.71611 -19.96389 99.93599
v 50.27867 -19.96019 99.89166
v 47.52572 -17.16291 100.9042
v 51.75306 -21.59348 98.53551
v 52.89489 -21.47154 98.77939
v 47.45921 -19.45025 101.1443
v 45.6855 -19.06594 100.1614
v 46.47629 -20.40362 102.6779
v 49.37334 -20.56621 100.4385
v 49.43616 -21.00594 101.1406
v 51.12857 -22.52837 99.02697
v 51.95261 -22.45077 96.17796
v 53.17942 -22.33253 96.28511
v 52.75447 -22.67988 94.48924
v 51.4907 -23.27851 96.4477
v 52.14476 -22.94224 94.41902
v 51.7235 -23.34872 94.61487
v 51.4907 -23.27851 96.4477
v 51.91565 -23.71084 94.48924
v 51.7235 -23.34872 94.61487
v 52.21866 -24.07298 94.76268
v 52.13737 -23.99538 96.79505
v 52.78403 -23.73671 94.48554
v 51.91565 -23.71084 94.48924
v 51.74567 -23.19721 99.60712
v 51.12857 -22.52837 99.02697
v 49.43616 -21.00594 101.1406
v 46.47629 -20.40362 102.6779
v 52.99466 -23.23786 99.14891
v 53.55633 -23.00876 96.48835
v 53.2681 -23.34502 94.62596
v 52.9614 -23.00136 94.30817
v 52.75447 -22.67988 94.48924
v 52.9614 -23.00136 94.30817
v 52.46624 -23.40414 94.20839
v 52.14476 -22.94224 94.41902
v 52.75447 -22.67988 94.48924
v 51.7235 -23.34872 94.61487
v 45.36033 -18.60035 105.32
v 42.72563 -15.40398 103.3873
v 42.62585 -19.66827 101.5693
v 43.63096 -14.03305 102.4894
v 43.982 -10.96601 106.447
v 45.71876 -11.31336 104.4996
v 49.63201 -13.18684 101.5508
v 47.52572 -17.16291 100.9042
v 45.6855 -19.06594 100.1614
v 44.08917 -20.96899 102.5079
v 43.46837 -17.72458 100.4792
v 43.27621 -20.94682 99.12304
v 45.21621 -21.06137 99.23391
v 45.1423 -22.5875 100.372
v 45.6855 -19.06594 100.1614
v 45.21621 -21.06137 99.23391
v 44.19263 -22.80552 100.5901
v 43.99678 -21.13527 97.64126
v 45.31229 -21.58609 98.22142
v 42.76258 -22.06647 99.89166
v 45.70767 -22.69835 98.44313
v 45.31229 -21.58609 98.22142
v 44.98711 -22.67249 96.76918
v 44.25175 -21.98887 96.81723
v 44.98711 -22.67249 96.76918
v 43.56444 -22.97919 97.02046
v 44.07069 -23.51131 97.12393
v 44.65084 -23.72563 97.73733
v 45.534 -23.01984 97.53411
v 8.093962 0.6074451 167.2593
v 8.633468 0.4300736 167.6658
v 9.209922 1.475825 168.6487
v 7.47686 -0.5195953 166.8418
v 7.47686 0.4300735 167.178
v 8.38958 1.497998 168.4418
v 9.756815 2.044889 170.2488
v 7.86486 1.560816 170.0123
v 8.936474 2.13727 170.112
v 10.6178 1.679065 172.525
v 9.834415 1.579293 172.3883
v 9.368817 0.633314 173.0756
v 9.753121 0.6702688 173.2899
v 10.2335 0.3561702 173.1939
v 8.574343 -0.9334598 172.8206
v -7.012121 2.122488 164.0223
v -6.258296 2.647211 158.424
v -5.704014 4.572423 162.2301
v -6.524353 -1.314072 163.1022
v -5.759441 5.159964 160.1941
v -4.103981 7.229294 161.3174
v -3.557085 7.00758 162.9027
v -5.194073 -0.1981124 157.0309
v -3.730761 -2.677612 159.8061
v -0.04662185 8.426546 161.565
v -0.04662179 8.212226 162.9913
v 3.463847 7.00758 162.9027
v 4.010737 7.229294 161.3174
v -0.04662185 -4.303507 158.7418
v -0.04662191 -2.426337 155.6304
v 5.614466 4.572423 162.2301
v 5.666197 5.159964 160.1941
v 5.100829 -0.1981124 157.0309
v 3.637517 -2.677612 159.8061
v 6.431108 -1.247559 163.1022
v 6.168747 2.647211 158.424
v 6.941053 2.181615 164.0223
v -8.176123 0.5446277 167.2593
v -8.719318 0.3783428 167.6658
v -7.562713 -0.6008901 166.8418
v -7.559018 0.3598653 167.178
v -8.468043 1.479521 168.4418
v -9.292077 1.449957 168.6487
v -7.932232 1.568207 170.0123
v -9.003852 2.148356 170.112
v -9.824192 2.055975 170.2488
v -10.67779 1.712319 172.5102
v -9.879618 1.608857 172.3735
v -9.521185 0.6628779 173.0498
v -9.946137 0.7035223 173.2678
v -10.4339 0.3894296 173.1717
v -8.44587 -0.9186838 172.7985
v -2.256368 -9.968291 163.5678
v -1.532101 -10.3526 163.6195
v -1.912712 -10.33042 163.3756
v -0.8595695 -10.92536 163.3793
v -0.8115341 -10.76646 162.6403
v -0.04662179 -11.00296 163.2278
v -0.5122175 -10.65191 163.5308
v -0.04662179 -10.75168 163.4496
v 0.4226753 -10.65191 163.5308
v 0.7663319 -10.92536 163.3793
v 0.7182905 -10.76646 162.6403
v 1.435167 -10.3526 163.5937
v 1.826859 -10.33042 163.3424
v 2.170516 -9.968291 163.5308
v -0.04662179 -10.86623 162.5701
v -0.04662185 -10.53736 161.65
v 2.510477 -9.79092 162.9544
v 1.719696 -10.16784 162.8361
v 1.786209 -9.850048 162.2006
v 3.789026 -8.922545 162.8361
v 3.82967 -8.807991 162.1932
v 2.443964 -9.794615 160.7668
v 1.017607 -10.4265 160.5968
v 0.9326168 -10.37846 161.8902
v -1.110845 -10.4265 160.5968
v -1.025854 -10.37846 161.8902
v -1.853584 -9.850048 162.2264
v -2.537202 -9.794615 160.7668
v -3.863792 -8.807991 162.171
v -3.804665 -8.922546 162.7918
v -2.548288 -9.79092 162.9802
v -1.798158 -10.16784 162.8657
v -3.945088 -18.95509 113.4199
v -4.137236 -17.93151 109.6101
v -3.945088 -17.86869 113.4014
v -3.449928 -17.865 113.8116
v -4.137236 -19.01791 109.6286
v -3.446233 -18.95139 113.8264
v -3.675335 -19.02899 109.0854
v -3.675335 -17.9426 109.0706
v 2.928036 -19.04008 113.5455
v 2.924341 -17.95368 113.5418
v 2.71371 -18.03498 108.7676
v 2.717406 -19.12137 108.7787
v 3.386241 -17.96846 112.9765
v 3.386241 -19.05486 112.9802
v 3.231042 -19.11768 109.1667
v 3.227347 -18.03128 109.1593
v -4.865199 -18.57448 113.6268
v -8.582597 -16.04325 114.3104
v -4.75434 -16.71208 114.0887
v -8.77105 -17.02618 113.8522
v -0.02075409 -17.60633 113.952
v -5.042571 -18.57448 109.4771
v -8.89669 -17.02618 109.7025
v -8.745187 -16.04325 109.1667
v -4.942798 -16.71208 108.9376
v 0.08640891 -17.61003 108.7861
v 0.07901799 -18.7149 109.2554
v 0.001418769 -18.7149 113.4162
v 5.248636 -18.67056 109.041
v 5.148869 -16.68622 108.7195
v 8.984512 -15.90653 108.5828
v 9.147101 -17.0853 109.0152
v 5.041706 -18.67056 113.1908
v 4.879117 -16.68622 113.8707
v 8.977121 -17.0853 113.1612
v 8.75541 -15.90653 113.7118
v -2.740442 -9.199683 169.8977
v -3.630988 -9.159039 169.8349
v -3.220819 -9.632025 170.5444
v -1.949661 -9.428791 170.452
v -3.985731 -9.314237 170.9915
v -4.451333 -8.970581 170.2968
v -4.868893 -8.534543 171.0137
v -2.577852 -9.676371 171.0987
v -1.750122 -9.436182 171.3204
v -2.204632 -9.21816 172.2183
v -3.767715 -9.292064 171.8266
v -4.595445 -8.445858 171.9042
v -3.852706 -8.933631 172.6211
v -3.279947 -9.772448 171.2797
v -2.910422 -9.646807 171.9005
v -2.962153 -9.181211 172.7098
v 2.647198 -9.229247 169.8977
v 3.134967 -9.66898 170.5444
v 3.541446 -9.192292 169.8349
v 1.856423 -9.454654 170.4594
v 3.899879 -9.351192 170.9915
v 4.361785 -8.996449 170.2968
v 4.779345 -8.560411 171.0137
v 2.488304 -9.71332 171.0987
v 1.653183 -9.462045 171.3204
v 2.111394 -9.244029 172.2183
v 3.678168 -9.329019 171.8266
v 4.502202 -8.475421 171.9042
v 3.759462 -8.966885 172.6211
v 3.194094 -9.813093 171.2797
v 2.820874 -9.680067 171.9005
v 2.868916 -9.214465 172.7098
f 1140 1139 1138
f 1139 1141 1138
f 1142 1141 1139
f 1143 1142 1139
f 1143 1144 1142
f 1144 1145 1142
f 1144 1146 1145
f 1149 1148 1147
f 1148 1150 1147
f 1150 1148 1151
f 1148 1152 1151
f 1151 1152 1153
f 1152 1154 1153
f 1151 1155 1150
f 1151 1153 1155
f 1156 1153 1154
f 1157 1156 1154
f 1156 1157 1158
f 1153 1159 1155
f 1159 1153 1156
f 1160 1156 1158
f 1160 1158 1161
f 1159 1156 1162
f 1156 1160 1162
f 1159 1163 1155
f 1163 1159 1162
f 1150 1164 1147
f 1155 1165 1150
f 1165 1164 1150
f 1164 1166 1147
f 1167 1147 1166
f 1163 1168 1155
f 1165 1155 1168
f 1169 1164 1165
f 1164 1169 1166
f 1170 1167 1166
f 1167 1170 1171
f 1172 1165 1168
f 1169 1165 1172
f 1169 1173 1166
f 1170 1166 1173
f 1170 1174 1171
f 1171 1174 1175
f 1169 1172 1176
f 1169 1176 1173
f 1172 1177 1176
f 1174 1178 1175
f 1175 1178 1179
f 1178 1180 1179
f 1179 1180 1181
f 1180 1182 1181
f 1181 1182 1183
f 1182 1184 1183
f 1183 1184 1161
f 1184 1185 1161
f 1185 1160 1161
f 1174 1186 1178
f 1178 1187 1180
f 1186 1187 1178
f 1186 1174 1188
f 1174 1170 1188
f 1180 1189 1182
f 1187 1189 1180
f 1187 1186 1190
f 1188 1190 1186
f 1191 1188 1170
f 1173 1191 1170
f 1188 1191 1192
f 1190 1188 1192
f 1173 1193 1191
f 1192 1191 1193
f 1176 1193 1173
f 1194 1187 1190
f 1189 1187 1194
f 1195 1193 1176
f 1195 1192 1193
f 1196 1190 1192
f 1190 1196 1194
f 1195 1176 1197
f 1176 1177 1197
f 1197 1177 1198
f 1199 1192 1195
f 1199 1196 1192
f 1200 1195 1197
f 1198 1200 1197
f 1200 1199 1195
f 1196 1199 1201
f 1199 1202 1201
f 1202 1199 1200
f 1201 1203 1196
f 1204 1202 1200
f 1200 1198 1204
f 1205 1202 1204
f 1204 1198 1205
f 1203 1206 1196
f 1203 1207 1206
f 1196 1206 1194
f 1207 1208 1206
f 1206 1208 1194
f 1208 1207 1209
f 1198 1210 1205
f 1211 1205 1210
f 1208 1212 1194
f 1212 1189 1194
f 1213 1211 1210
f 1214 1211 1213
f 1215 1214 1213
f 1215 1213 1216
f 1216 1213 1217
f 1213 1210 1217
f 1210 1218 1217
f 1210 1198 1219
f 1210 1219 1218
f 1220 1219 1198
f 1177 1220 1198
f 1219 1221 1218
f 1220 1221 1219
f 1222 1189 1212
f 1189 1222 1182
f 1182 1222 1223
f 1184 1182 1223
f 1224 1222 1212
f 1222 1224 1223
f 1184 1223 1225
f 1225 1223 1224
f 1225 1185 1184
f 1226 1224 1212
f 1208 1226 1212
f 1220 1177 1227
f 1220 1227 1221
f 1228 1225 1224
f 1228 1224 1226
f 1208 1229 1226
f 1229 1208 1209
f 1229 1230 1226
f 1228 1226 1230
f 1228 1230 1231
f 1229 1232 1230
f 1232 1229 1209
f 1232 1231 1230
f 1228 1233 1225
f 1228 1231 1233
f 1233 1234 1225
f 1225 1234 1185
f 1185 1234 1235
f 1234 1233 1235
f 1160 1185 1235
f 1160 1235 1236
f 1162 1160 1236
f 1233 1237 1235
f 1235 1237 1236
f 1238 1233 1231
f 1237 1233 1238
f 1239 1232 1209
f 1240 1231 1232
f 1239 1240 1232
f 1241 1239 1209
f 1242 1241 1209
f 1239 1243 1240
f 1239 1241 1243
f 1231 1240 1244
f 1240 1243 1244
f 1245 1238 1231
f 1231 1244 1245
f 1241 1242 1246
f 1242 1247 1246
f 1246 1247 1248
f 1247 1249 1248
f 1241 1246 1250
f 1246 1248 1250
f 1243 1241 1251
f 1251 1241 1250
f 1252 1244 1243
f 1252 1243 1251
f 1245 1244 1253
f 1253 1244 1252
f 1254 1248 1249
f 1255 1254 1249
f 1256 1252 1251
f 1257 1251 1250
f 1257 1256 1251
f 1252 1256 1258
f 1258 1253 1252
f 1256 1259 1258
f 1256 1257 1259
f 1258 1260 1253
f 1258 1259 1260
f 1248 1261 1250
f 1262 1257 1250
f 1262 1250 1261
f 1248 1254 1263
f 1261 1248 1263
f 1257 1264 1259
f 1257 1262 1264
f 1254 1255 1265
f 1263 1254 1266
f 1254 1265 1266
f 1255 1267 1265
f 1268 1265 1267
f 1255 1269 1267
f 1268 1267 1269
f 1266 1265 1270
f 1265 1268 1270
f 1271 1268 1269
f 1269 1272 1271
f 1272 1273 1271
f 1272 1274 1273
f 1274 1275 1273
f 1273 1275 1276
f 1273 1276 1277
f 1271 1273 1277
f 1278 1271 1277
f 1279 1268 1271
f 1279 1271 1278
f 1280 1266 1270
f 1281 1270 1268
f 1281 1280 1270
f 1279 1282 1268
f 1282 1281 1268
f 1283 1279 1278
f 1279 1283 1282
f 1280 1284 1266
f 1263 1266 1284
f 1285 1281 1282
f 1285 1282 1283
f 1283 1278 1286
f 1286 1278 1287
f 1287 1288 1286
f 1288 1287 1289
f 1290 1283 1286
f 1290 1286 1288
f 1288 1289 1291
f 1291 1290 1288
f 1291 1292 1290
f 1289 1293 1291
f 1294 1283 1290
f 1294 1285 1283
f 1294 1290 1292
f 1293 1295 1291
f 1291 1295 1292
f 1285 1294 1296
f 1296 1294 1292
f 1297 1295 1293
f 1293 1298 1297
f 1299 1285 1296
f 1299 1300 1285
f 1300 1281 1285
f 1299 1296 1301
f 1299 1301 1300
f 1281 1300 1302
f 1281 1302 1280
f 1292 1303 1296
f 1296 1303 1301
f 1300 1304 1302
f 1301 1304 1300
f 1305 1292 1295
f 1297 1306 1295
f 1306 1305 1295
f 1305 1307 1292
f 1307 1303 1292
f 1308 1303 1307
f 1309 1305 1306
f 1305 1309 1307
f 1310 1304 1301
f 1301 1303 1311
f 1301 1311 1310
f 1311 1303 1312
f 1303 1308 1312
f 1304 1313 1302
f 1313 1304 1310
f 1311 1312 1314
f 1311 1314 1310
f 1309 1306 1315
f 1315 1306 1316
f 1297 1316 1306
f 1297 1317 1316
f 1298 1317 1297
f 1317 1298 1318
f 1298 1319 1318
f 1316 1317 1320
f 1317 1321 1320
f 1317 1318 1321
f 1316 1320 1322
f 1315 1316 1322
f 1320 1321 1322
f 1323 1318 1319
f 1324 1321 1318
f 1324 1318 1323
f 1321 1325 1322
f 1324 1325 1321
f 1322 1326 1315
f 1326 1322 1325
f 1323 1319 1327
f 1323 1327 1328
f 1319 1329 1327
f 1330 1324 1323
f 1328 1330 1323
f 1329 1331 1327
f 1332 1331 1329
f 1330 1333 1324
f 1324 1333 1325
f 1334 1327 1331
f 1328 1327 1334
f 1332 1335 1331
f 1331 1335 1334
f 1218 1335 1332
f 1335 1218 1221
f 1334 1335 1221
f 1221 1336 1334
f 1334 1336 1328
f 1227 1336 1221
f 1336 1227 1337
f 1336 1337 1328
f 1338 1328 1337
f 1339 1330 1328
f 1333 1330 1339
f 1338 1339 1328
f 1339 1338 1340
f 1227 1341 1337
f 1338 1337 1341
f 1227 1177 1341
f 1177 1342 1341
f 1172 1342 1177
f 1343 1341 1342
f 1343 1338 1341
f 1344 1342 1172
f 1344 1343 1342
f 1168 1344 1172
f 1344 1168 1345
f 1344 1345 1343
f 1168 1163 1345
f 1346 1338 1343
f 1346 1343 1345
f 1346 1347 1338
f 1340 1338 1347
f 1348 1346 1345
f 1346 1348 1347
f 1345 1163 1349
f 1349 1348 1345
f 1163 1350 1349
f 1163 1162 1350
f 1350 1162 1351
f 1162 1236 1351
f 1350 1352 1349
f 1350 1351 1352
f 1352 1353 1349
f 1348 1349 1353
f 1351 1236 1354
f 1354 1355 1351
f 1355 1354 1356
f 1237 1354 1236
f 1356 1354 1237
f 1351 1357 1352
f 1352 1357 1353
f 1351 1355 1357
f 1358 1356 1237
f 1358 1237 1238
f 1359 1358 1238
f 1356 1358 1359
f 1245 1359 1238
f 1360 1348 1353
f 1357 1361 1353
f 1360 1353 1361
f 1362 1357 1355
f 1357 1362 1361
f 1360 1363 1348
f 1360 1364 1363
f 1348 1363 1347
f 1347 1363 1365
f 1365 1340 1347
f 1340 1365 1366
f 1367 1366 1365
f 1368 1367 1365
f 1363 1368 1365
f 1369 1367 1368
f 1363 1364 1370
f 1363 1370 1368
f 1371 1369 1368
f 1369 1371 1372
f 1370 1373 1368
f 1373 1371 1368
f 1371 1374 1372
f 1374 1375 1372
f 1375 1376 1372
f 1377 1374 1371
f 1373 1377 1371
f 1374 1377 1375
f 1376 1375 1378
f 1379 1376 1378
f 1377 1380 1375
f 1375 1380 1378
f 1381 1377 1373
f 1377 1381 1380
f 1373 1370 1382
f 1382 1381 1373
f 1381 1382 1383
f 1381 1384 1380
f 1384 1381 1383
f 1379 1378 1385
f 1386 1379 1385
f 1385 1308 1386
f 1380 1387 1378
f 1387 1380 1384
f 1378 1388 1385
f 1387 1388 1378
f 1389 1388 1387
f 1308 1385 1312
f 1388 1312 1385
f 1388 1314 1312
f 1390 1387 1384
f 1390 1389 1387
f 1390 1384 1391
f 1390 1391 1389
f 1384 1392 1391
f 1392 1384 1383
f 1393 1391 1392
f 1393 1389 1391
f 1388 1394 1314
f 1388 1389 1394
f 1392 1383 1395
f 1393 1392 1395
f 1393 1396 1389
f 1389 1397 1394
f 1396 1397 1389
f 1393 1398 1396
f 1393 1395 1398
f 1399 1397 1396
f 1399 1396 1398
f 1397 1400 1394
f 1397 1399 1400
f 1401 1399 1398
f 1401 1398 1395
f 1402 1401 1395
f 1399 1403 1400
f 1394 1400 1403
f 1399 1401 1403
f 1314 1394 1404
f 1404 1394 1403
f 1401 1405 1403
f 1405 1401 1402
f 1403 1405 1404
f 1406 1314 1404
f 1314 1406 1310
f 1405 1407 1404
f 1404 1407 1406
f 1408 1310 1406
f 1408 1313 1310
f 1405 1409 1407
f 1402 1409 1405
f 1407 1410 1406
f 1410 1408 1406
f 1409 1410 1407
f 1411 1408 1410
f 1411 1410 1409
f 1313 1408 1412
f 1411 1413 1408
f 1408 1413 1412
f 1412 1414 1313
f 1414 1302 1313
f 1414 1415 1302
f 1302 1415 1280
f 1280 1415 1416
f 1284 1280 1416
f 1284 1416 1417
f 1417 1416 1418
f 1417 1263 1284
f 1417 1419 1263
f 1419 1417 1418
f 1419 1261 1263
f 1416 1415 1420
f 1416 1420 1418
f 1414 1421 1415
f 1415 1421 1420
f 1261 1419 1422
f 1422 1262 1261
f 1421 1414 1423
f 1414 1412 1423
f 1420 1421 1424
f 1420 1424 1418
f 1421 1423 1424
f 1425 1422 1419
f 1418 1425 1419
f 1262 1422 1426
f 1422 1425 1426
f 1262 1426 1264
f 1424 1427 1418
f 1418 1427 1428
f 1425 1418 1428
f 1425 1428 1429
f 1426 1425 1429
f 1426 1429 1430
f 1264 1426 1430
f 1264 1430 1431
f 1259 1264 1431
f 1259 1431 1432
f 1260 1259 1432
f 1260 1432 1433
f 1434 1260 1433
f 1434 1253 1260
f 1435 1434 1433
f 1436 1435 1433
f 1434 1437 1253
f 1437 1245 1253
f 1437 1434 1438
f 1245 1437 1438
f 1434 1435 1438
f 1359 1245 1438
f 1359 1438 1439
f 1438 1435 1439
f 1440 1435 1436
f 1441 1440 1436
f 1440 1441 1442
f 1443 1359 1439
f 1443 1356 1359
f 1435 1411 1439
f 1435 1440 1411
f 1439 1411 1409
f 1439 1409 1443
f 1402 1443 1409
f 1443 1402 1356
f 1440 1413 1411
f 1444 1440 1442
f 1444 1413 1440
f 1442 1445 1444
f 1413 1444 1412
f 1445 1446 1444
f 1444 1446 1412
f 1412 1446 1423
f 1445 1447 1446
f 1447 1423 1446
f 1423 1447 1424
f 1447 1448 1424
f 1402 1449 1356
f 1449 1355 1356
f 1449 1402 1450
f 1355 1449 1450
f 1402 1395 1450
f 1383 1450 1395
f 1451 1355 1450
f 1450 1383 1451
f 1362 1355 1451
f 1383 1452 1451
f 1382 1452 1383
f 1453 1362 1451
f 1452 1454 1451
f 1451 1454 1453
f 1452 1382 1455
f 1455 1454 1452
f 1456 1362 1453
f 1362 1456 1361
f 1382 1457 1455
f 1370 1457 1382
f 1364 1457 1370
f 1455 1457 1364
f 1364 1454 1455
f 1453 1454 1458
f 1458 1454 1364
f 1458 1456 1453
f 1459 1458 1364
f 1459 1456 1458
f 1459 1364 1360
f 1460 1360 1361
f 1361 1456 1460
f 1456 1459 1460
f 1460 1459 1360
f 1463 1462 1461
f 1461 1464 1463
f 1467 1466 1465
f 1467 1465 1468
f 1469 1468 1465
f 1469 1465 1470
f 1469 1471 1468
f 1469 1470 1472
f 1469 1473 1471
f 1469 1472 1474
f 1469 1475 1473
f 1469 1474 1476
f 1469 1477 1475
f 1469 1476 1478
f 1469 1479 1477
f 1469 1478 1479
f 1482 1481 1480
f 1483 1481 1482
f 1484 1483 1482
f 1483 1484 1485
f 1486 1485 1484
f 1487 1486 1484
f 1488 1486 1487
f 1489 1488 1487
f 1490 1488 1489
f 1491 1490 1489
f 1492 1491 1489
f 1491 1492 1493
f 1494 1491 1493
f 1491 1494 1495
f 1494 1493 1496
f 1497 1495 1494
f 1498 1494 1496
f 1498 1497 1494
f 1498 1496 1499
f 1498 1500 1497
f 1497 1500 1501
f 1501 1500 1502
f 1501 1502 1503
f 1502 1500 1504
f 1500 1498 1504
f 1505 1498 1499
f 1498 1505 1504
f 1499 1506 1505
f 1504 1505 1506
f 1507 1504 1506
f 1506 1499 1508
f 1507 1506 1508
f 1509 1507 1508
f 1510 1509 1508
f 1513 1512 1511
f 1514 1513 1511
f 1511 1515 1514
f 1515 1516 1514
f 1514 1516 1517
f 1516 1518 1517
f 1519 1517 1518
f 1518 1520 1519
f 1514 1517 1521
f 1521 1517 1519
f 1513 1514 1522
f 1514 1521 1522
f 1519 1520 1523
f 1523 1520 1524
f 1525 1523 1524
f 1526 1513 1522
f 1526 1527 1513
f 1527 1526 1528
f 1526 1529 1528
f 1528 1529 1530
f 1526 1522 1531
f 1529 1526 1531
f 1522 1521 1532
f 1531 1522 1532
f 1519 1533 1521
f 1521 1533 1532
f 1529 1534 1530
f 1530 1534 1535
f 1529 1531 1536
f 1534 1529 1536
f 1534 1537 1535
f 1537 1534 1536
f 1536 1531 1538
f 1531 1532 1538
f 1537 1539 1535
f 1539 1540 1535
f 1540 1539 1541
f 1542 1537 1536
f 1539 1537 1542
f 1542 1536 1538
f 1543 1539 1542
f 1541 1539 1543
f 1544 1542 1538
f 1543 1542 1544
f 1538 1532 1545
f 1544 1538 1545
f 1532 1546 1545
f 1533 1546 1532
f 1547 1544 1545
f 1547 1548 1544
f 1548 1549 1544
f 1549 1543 1544
f 1548 1550 1549
f 1551 1541 1543
f 1549 1551 1543
f 1552 1549 1550
f 1552 1551 1549
f 1552 1550 1553
f 1554 1553 1550
f 1553 1555 1552
f 1555 1551 1552
f 1555 1556 1551
f 1556 1557 1551
f 1541 1551 1557
f 1558 1541 1557
f 1545 1546 1559
f 1560 1559 1546
f 1533 1560 1546
f 1561 1545 1559
f 1561 1559 1562
f 1563 1545 1561
f 1564 1563 1561
f 1564 1561 1562
f 1565 1560 1533
f 1519 1565 1533
f 1565 1519 1523
f 1564 1566 1563
f 1566 1567 1563
f 1566 1568 1567
f 1568 1569 1567
f 1570 1569 1568
f 1571 1570 1568
f 1570 1571 1572
f 1572 1571 1573
f 1573 1571 1574
f 1571 1575 1574
f 1571 1568 1575
f 1574 1575 1576
f 1568 1566 1577
f 1575 1568 1577
f 1564 1578 1566
f 1566 1578 1577
f 1575 1579 1576
f 1575 1577 1579
f 1579 1580 1576
f 1579 1577 1580
f 1581 1576 1580
f 1581 1580 1582
f 1577 1583 1580
f 1577 1578 1583
f 1583 1584 1580
f 1584 1582 1580
f 1564 1585 1578
f 1585 1564 1562
f 1585 1562 1586
f 1586 1587 1585
f 1578 1585 1587
f 1578 1588 1583
f 1578 1587 1588
f 1584 1583 1588
f 1588 1587 1586
f 1584 1588 1586
f 1584 1589 1582
f 1584 1586 1589
f 1589 1590 1582
f 1591 1582 1590
f 1592 1591 1590
f 1592 1593 1591
f 1594 1592 1590
f 1590 1595 1594
f 1595 1590 1589
f 1593 1592 1596
f 1592 1597 1596
f 1592 1594 1597
f 1598 1596 1597
f 1599 1598 1597
f 1599 1600 1598
f 1601 1599 1597
f 1597 1594 1601
f 1602 1600 1599
f 1601 1602 1599
f 1600 1602 1603
f 1604 1602 1601
f 1594 1604 1601
f 1603 1602 1605
f 1602 1604 1605
f 1606 1603 1605
f 1606 1605 1607
f 1606 1607 1608
f 1609 1605 1604
f 1607 1605 1609
f 1610 1608 1607
f 1610 1611 1608
f 1612 1604 1594
f 1612 1609 1604
f 1613 1610 1607
f 1613 1607 1609
f 1613 1614 1610
f 1614 1613 1609
f 1610 1615 1611
f 1610 1614 1615
f 1616 1609 1612
f 1609 1616 1614
f 1617 1612 1594
f 1617 1616 1612
f 1618 1611 1615
f 1618 1619 1611
f 1620 1617 1594
f 1595 1620 1594
f 1616 1617 1621
f 1617 1620 1621
f 1595 1622 1620
f 1622 1621 1620
f 1621 1623 1616
f 1623 1614 1616
f 1614 1624 1615
f 1618 1615 1624
f 1623 1621 1625
f 1621 1622 1625
f 1623 1626 1614
f 1626 1624 1614
f 1626 1623 1625
f 1626 1627 1624
f 1627 1618 1624
f 1628 1619 1618
f 1628 1629 1619
f 1622 1595 1630
f 1630 1595 1589
f 1589 1586 1630
f 1631 1622 1630
f 1631 1630 1586
f 1632 1626 1625
f 1632 1627 1626
f 1625 1622 1633
f 1622 1631 1633
f 1633 1631 1634
f 1635 1631 1586
f 1631 1635 1634
f 1635 1586 1562
f 1634 1635 1562
f 1625 1633 1636
f 1632 1625 1636
f 1634 1636 1633
f 1637 1634 1562
f 1637 1562 1559
f 1637 1559 1638
f 1634 1637 1638
f 1638 1559 1560
f 1634 1638 1639
f 1636 1634 1639
f 1640 1638 1560
f 1639 1638 1640
f 1640 1560 1565
f 1640 1565 1641
f 1565 1523 1641
f 1642 1639 1640
f 1642 1640 1641
f 1643 1636 1639
f 1643 1639 1642
f 1632 1636 1644
f 1636 1643 1644
f 1643 1642 1645
f 1645 1642 1641
f 1523 1646 1641
f 1646 1523 1525
f 1641 1646 1647
f 1641 1647 1645
f 1646 1525 1647
f 1648 1643 1645
f 1648 1644 1643
f 1647 1648 1645
f 1644 1649 1632
f 1649 1644 1648
f 1649 1627 1632
f 1525 1650 1647
f 1525 1651 1650
f 1629 1650 1651
f 1628 1650 1629
f 1648 1647 1652
f 1649 1648 1652
f 1652 1647 1650
f 1649 1652 1653
f 1650 1653 1652
f 1649 1653 1627
f 1650 1628 1653
f 1653 1654 1627
f 1628 1654 1653
f 1654 1618 1627
f 1654 1628 1618
f 1657 1656 1655
f 1655 1656 1658
f 1658 1659 1655
f 1655 1659 1660
f 1661 1659 1658
f 1660 1659 1662
f 1663 1659 1661
f 1662 1659 1664
f 1665 1659 1663
f 1664 1659 1666
f 1667 1659 1665
f 1666 1659 1668
f 1669 1659 1667
f 1668 1659 1669
f 1672 1671 1670
f 1673 1670 1671
f 1673 1671 1674
f 1675 1673 1674
f 1675 1674 1676
f 1679 1678 1677
f 1678 1680 1677
f 1681 1680 1678
f 1682 1681 1678
f 1682 1683 1681
f 1683 1684 1681
f 1683 1685 1684
f 1688 1687 1686
f 1687 1689 1686
f 1690 1689 1687
f 1691 1690 1687
f 1691 1692 1690
f 1692 1693 1690
f 1692 1694 1693
f 1697 1696 1695
f 1696 1698 1695
f 1699 1698 1696
f 1700 1699 1696
f 1700 1701 1699
f 1701 1702 1699
f 1701 1703 1702
f 1706 1705 1704
f 1705 1707 1704
f 1705 1708 1707
f 1707 1709 1704
f 1709 1710 1704
f 1711 1710 1709
f 1708 1712 1707
f 1707 1713 1709
f 1707 1712 1713
f 1714 1711 1709
f 1709 1713 1714
f 1712 1708 1715
f 1708 1716 1715
f 1715 1716 1717
f 1714 1718 1711
f 1718 1719 1711
f 1719 1718 1720
f 1718 1721 1720
f 1712 1722 1713
f 1712 1715 1722
f 1713 1723 1714
f 1714 1723 1718
f 1713 1722 1723
f 1721 1718 1724
f 1723 1724 1718
f 1725 1721 1724
f 1726 1715 1717
f 1717 1727 1726
f 1715 1728 1722
f 1728 1715 1726
f 1722 1729 1723
f 1723 1729 1724
f 1722 1728 1729
f 1725 1724 1730
f 1729 1730 1724
f 1731 1725 1730
f 1728 1732 1729
f 1729 1732 1730
f 1731 1730 1733
f 1732 1733 1730
f 1734 1731 1733
f 1732 1728 1735
f 1735 1728 1726
f 1727 1736 1726
f 1727 1737 1736
f 1733 1738 1734
f 1738 1739 1734
f 1733 1732 1740
f 1740 1732 1735
f 1738 1733 1740
f 1726 1741 1735
f 1736 1741 1726
f 1735 1741 1740
f 1737 1742 1736
f 1736 1742 1741
f 1743 1741 1742
f 1742 1737 1744
f 1741 1745 1740
f 1740 1745 1738
f 1745 1741 1743
f 1738 1746 1739
f 1745 1746 1738
f 1746 1745 1743
f 1746 1747 1739
f 1746 1743 1747
f 1743 1748 1747
f 1749 1742 1744
f 1743 1742 1749
f 1744 1750 1749
f 1748 1743 1751
f 1751 1743 1749
f 1752 1748 1751
f 1750 1753 1749
f 1749 1753 1751
f 1753 1750 1754
f 1751 1755 1752
f 1753 1755 1751
f 1755 1756 1752
f 1757 1753 1754
f 1755 1753 1757
f 1757 1754 1758
f 1756 1755 1759
f 1759 1755 1757
f 1760 1756 1759
f 1761 1757 1758
f 1759 1757 1761
f 1761 1758 1762
f 1760 1759 1763
f 1763 1759 1761
f 1764 1760 1763
f 1765 1761 1762
f 1763 1761 1765
f 1765 1762 1766
f 1764 1763 1767
f 1767 1763 1765
f 1768 1764 1767
f 1769 1765 1766
f 1767 1765 1769
f 1769 1766 1770
f 1771 1769 1770
f 1768 1767 1772
f 1772 1767 1769
f 1773 1768 1772
f 1771 1774 1769
f 1774 1772 1769
f 1773 1772 1774
f 1775 1774 1771
f 1776 1773 1774
f 1776 1774 1775
f 1777 1776 1775
f 1780 1779 1778
f 1779 1781 1778
f 1778 1781 1782
f 1779 1783 1781
f 1781 1784 1782
f 1782 1784 1785
f 1786 1782 1785
f 1786 1785 1787
f 1785 1788 1787
f 1787 1788 1789
f 1783 1790 1781
f 1784 1781 1791
f 1781 1790 1791
f 1785 1784 1792
f 1784 1791 1792
f 1790 1783 1793
f 1783 1794 1793
f 1794 1795 1793
f 1792 1796 1785
f 1796 1788 1785
f 1791 1790 1797
f 1790 1793 1797
f 1792 1791 1798
f 1792 1798 1796
f 1791 1797 1798
f 1795 1799 1793
f 1795 1800 1799
f 1797 1793 1801
f 1793 1799 1801
f 1801 1799 1802
f 1800 1803 1799
f 1799 1803 1802
f 1803 1800 1804
f 1797 1801 1805
f 1798 1797 1805
f 1801 1802 1805
f 1806 1803 1804
f 1802 1803 1806
f 1806 1804 1807
f 1804 1808 1807
f 1807 1808 1809
f 1798 1805 1810
f 1798 1810 1796
f 1811 1802 1806
f 1806 1807 1811
f 1812 1807 1809
f 1812 1809 1813
f 1807 1814 1811
f 1814 1807 1812
f 1802 1811 1815
f 1811 1814 1815
f 1802 1816 1805
f 1816 1802 1815
f 1805 1817 1810
f 1805 1816 1817
f 1810 1818 1796
f 1810 1817 1818
f 1819 1812 1813
f 1813 1820 1819
f 1816 1821 1817
f 1821 1816 1815
f 1822 1814 1812
f 1822 1812 1819
f 1818 1823 1796
f 1796 1823 1788
f 1817 1824 1818
f 1817 1821 1824
f 1820 1825 1819
f 1825 1820 1826
f 1826 1827 1825
f 1825 1827 1828
f 1819 1825 1828
f 1829 1819 1828
f 1829 1822 1819
f 1829 1828 1830
f 1829 1830 1822
f 1830 1831 1822
f 1822 1831 1814
f 1818 1824 1832
f 1832 1824 1833
f 1832 1823 1818
f 1830 1834 1831
f 1835 1834 1830
f 1831 1836 1814
f 1814 1836 1815
f 1824 1837 1833
f 1821 1837 1824
f 1838 1821 1815
f 1815 1836 1838
f 1821 1838 1837
f 1831 1839 1836
f 1831 1834 1839
f 1836 1840 1838
f 1839 1840 1836
f 1838 1840 1841
f 1838 1841 1837
f 1840 1839 1842
f 1840 1842 1841
f 1834 1835 1843
f 1835 1844 1843
f 1844 1845 1843
f 1839 1834 1846
f 1839 1846 1842
f 1847 1843 1845
f 1847 1845 1848
f 1843 1847 1849
f 1843 1850 1834
f 1849 1850 1843
f 1834 1850 1846
f 1851 1850 1849
f 1851 1846 1850
f 1852 1846 1851
f 1852 1853 1846
f 1846 1853 1842
f 1852 1854 1853
f 1854 1855 1853
f 1853 1856 1842
f 1842 1856 1841
f 1855 1857 1853
f 1853 1857 1856
f 1856 1858 1841
f 1841 1858 1837
f 1857 1855 1859
f 1855 1860 1859
f 1860 1861 1859
f 1857 1862 1856
f 1858 1856 1862
f 1858 1863 1837
f 1837 1863 1833
f 1859 1861 1864
f 1864 1861 1865
f 1857 1859 1866
f 1862 1857 1866
f 1867 1858 1862
f 1858 1867 1863
f 1868 1867 1862
f 1867 1868 1863
f 1866 1868 1862
f 1866 1859 1869
f 1859 1864 1869
f 1863 1868 1870
f 1863 1870 1833
f 1868 1866 1871
f 1866 1869 1871
f 1868 1871 1870
f 1864 1865 1872
f 1872 1865 1873
f 1872 1873 1874
f 1875 1874 1873
f 1872 1876 1864
f 1872 1874 1876
f 1864 1877 1869
f 1876 1877 1864
f 1869 1878 1871
f 1877 1878 1869
f 1874 1875 1879
f 1879 1875 1880
f 1879 1881 1874
f 1881 1882 1874
f 1882 1876 1874
f 1876 1882 1883
f 1878 1884 1871
f 1871 1884 1870
f 1876 1885 1877
f 1876 1883 1885
f 1878 1877 1886
f 1878 1886 1884
f 1877 1885 1886
f 1884 1887 1870
f 1886 1888 1884
f 1887 1884 1888
f 1886 1885 1889
f 1886 1889 1888
f 1885 1883 1890
f 1885 1890 1889
f 1870 1887 1891
f 1870 1891 1833
f 1883 1892 1890
f 1893 1892 1883
f 1890 1892 1894
f 1894 1892 1893
f 1889 1890 1895
f 1895 1890 1894
f 1896 1894 1893
f 1897 1896 1893
f 1897 1898 1896
f 1899 1896 1898
f 1896 1899 1894
f 1899 1900 1894
f 1895 1894 1900
f 1901 1895 1900
f 1902 1895 1901
f 1902 1889 1895
f 1903 1902 1901
f 1903 1904 1902
f 1889 1902 1905
f 1889 1905 1888
f 1905 1906 1888
f 1902 1907 1905
f 1904 1907 1902
f 1906 1905 1907
f 1908 1907 1904
f 1908 1906 1907
f 1909 1908 1904
f 1908 1909 1910
f 1908 1910 1906
f 1909 1911 1910
f 1910 1911 1912
f 1911 1913 1912
f 1913 1914 1912
f 1906 1915 1888
f 1915 1887 1888
f 1910 1916 1906
f 1910 1912 1916
f 1887 1915 1917
f 1887 1917 1891
f 1915 1906 1918
f 1906 1916 1918
f 1915 1918 1917
f 1912 1919 1916
f 1916 1919 1918
f 1914 1920 1912
f 1912 1920 1919
f 1920 1914 1921
f 1914 1922 1921
f 1920 1923 1919
f 1920 1921 1923
f 1919 1924 1918
f 1919 1923 1924
f 1917 1918 1925
f 1918 1924 1925
f 1891 1917 1926
f 1917 1925 1926
f 1921 1922 1927
f 1922 1928 1927
f 1921 1927 1929
f 1921 1930 1923
f 1930 1921 1929
f 1923 1931 1924
f 1923 1930 1931
f 1925 1924 1932
f 1924 1931 1932
f 1926 1925 1932
f 1930 1929 1933
f 1930 1933 1931
f 1932 1931 1933
f 1929 1934 1933
f 1933 1934 1935
f 1936 1933 1935
f 1936 1932 1933
f 1936 1935 1937
f 1938 1926 1932
f 1938 1932 1936
f 1939 1936 1937
f 1939 1938 1936
f 1940 1939 1937
f 1939 1940 1938
f 1940 1937 1941
f 1938 1942 1926
f 1891 1926 1942
f 1891 1942 1833
f 1938 1943 1942
f 1940 1943 1938
f 1942 1944 1833
f 1944 1942 1943
f 1944 1832 1833
f 1945 1940 1941
f 1945 1941 1946
f 1947 1945 1946
f 1948 1943 1940
f 1948 1944 1943
f 1945 1948 1940
f 1832 1944 1949
f 1944 1948 1949
f 1949 1823 1832
f 1950 1945 1947
f 1948 1945 1950
f 1949 1948 1950
f 1949 1950 1823
f 1789 1950 1947
f 1950 1951 1823
f 1951 1950 1789
f 1823 1951 1788
f 1788 1951 1789
f 1954 1953 1952
f 1955 1954 1952
f 1956 1954 1955
f 1957 1955 1952
f 1958 1957 1952
f 1958 1959 1957
f 1960 1956 1955
f 1961 1955 1957
f 1960 1955 1961
f 1959 1962 1957
f 1961 1957 1962
f 1956 1960 1963
f 1964 1956 1963
f 1964 1963 1965
f 1966 1962 1959
f 1967 1966 1959
f 1966 1967 1968
f 1969 1966 1968
f 1970 1960 1961
f 1963 1960 1970
f 1971 1961 1962
f 1971 1962 1966
f 1970 1961 1971
f 1966 1969 1972
f 1972 1971 1966
f 1969 1973 1972
f 1963 1974 1965
f 1975 1965 1974
f 1976 1963 1970
f 1963 1976 1974
f 1977 1970 1971
f 1977 1971 1972
f 1976 1970 1977
f 1972 1973 1978
f 1978 1977 1972
f 1973 1979 1978
f 1980 1976 1977
f 1980 1977 1978
f 1978 1979 1981
f 1981 1980 1978
f 1979 1982 1981
f 1976 1980 1983
f 1976 1983 1974
f 1984 1975 1974
f 1985 1975 1984
f 1986 1981 1982
f 1987 1986 1982
f 1980 1981 1988
f 1980 1988 1983
f 1981 1986 1988
f 1989 1974 1983
f 1989 1984 1974
f 1989 1983 1988
f 1990 1985 1984
f 1990 1984 1989
f 1989 1991 1990
f 1985 1990 1992
f 1993 1989 1988
f 1993 1988 1986
f 1989 1993 1991
f 1994 1986 1987
f 1994 1993 1986
f 1993 1994 1991
f 1995 1994 1987
f 1991 1994 1995
f 1996 1991 1995
f 1990 1997 1992
f 1990 1991 1997
f 1998 1992 1997
f 1991 1996 1999
f 1991 1999 1997
f 1996 2000 1999
f 2001 1998 1997
f 2001 1997 1999
f 1998 2001 2002
f 2003 1999 2000
f 2003 2001 1999
f 2004 2003 2000
f 2001 2005 2002
f 2001 2003 2005
f 2002 2005 2006
f 2003 2004 2007
f 2003 2007 2005
f 2004 2008 2007
f 2005 2009 2006
f 2005 2007 2009
f 2006 2009 2010
f 2007 2008 2011
f 2007 2011 2009
f 2008 2012 2011
f 2009 2013 2010
f 2009 2011 2013
f 2010 2013 2014
f 2011 2012 2015
f 2011 2015 2013
f 2012 2016 2015
f 2013 2017 2014
f 2013 2015 2017
f 2014 2017 2018
f 2017 2019 2018
f 2015 2016 2020
f 2015 2020 2017
f 2016 2021 2020
f 2022 2019 2017
f 2020 2022 2017
f 2020 2021 2022
f 2022 2023 2019
f 2021 2024 2022
f 2022 2024 2023
f 2024 2025 2023
f 2028 2027 2026
f 2029 2028 2026
f 2030 2028 2029
f 2029 2026 2031
f 2026 2032 2031
f 2031 2032 2033
f 2034 2030 2029
f 2030 2034 2035
f 2036 2031 2033
f 2036 2033 2037
f 2038 2036 2037
f 2029 2031 2039
f 2034 2029 2039
f 2039 2031 2036
f 2034 2040 2035
f 2034 2039 2040
f 2041 2035 2040
f 2042 2041 2040
f 2043 2036 2038
f 2043 2039 2036
f 2044 2043 2038
f 2039 2045 2040
f 2042 2040 2045
f 2045 2039 2043
f 2046 2042 2045
f 2047 2043 2044
f 2047 2045 2043
f 2046 2045 2047
f 2048 2047 2044
f 2049 2046 2047
f 2047 2048 2050
f 2049 2047 2050
f 2053 2052 2051
f 2052 2054 2051
f 2051 2054 2055
f 2054 2052 2056
f 2054 2057 2055
f 2055 2057 2058
f 2059 2054 2056
f 2057 2054 2059
f 2059 2056 2060
f 2057 2061 2058
f 2058 2061 2062
f 2061 2063 2062
f 2064 2059 2060
f 2064 2060 2065
f 2066 2064 2065
f 2067 2057 2059
f 2061 2057 2067
f 2067 2059 2064
f 2068 2064 2066
f 2068 2067 2064
f 2069 2068 2066
f 2070 2061 2067
f 2061 2070 2063
f 2070 2067 2068
f 2071 2068 2069
f 2071 2070 2068
f 2072 2071 2069
f 2073 2071 2072
f 2071 2073 2070
f 2074 2073 2072
f 2070 2075 2063
f 2073 2075 2070
f 2076 2063 2075
f 2075 2073 2077
f 2078 2076 2075
f 2078 2075 2077
f 2081 2080 2079
f 2080 2082 2079
f 2080 2083 2082
f 2083 2084 2082
f 2085 2079 2082
f 2082 2084 2086
f 2087 2085 2082
f 2087 2082 2086
f 2088 2085 2087
f 2087 2086 2089
f 2090 2088 2087
f 2090 2087 2089
f 2091 2088 2090
f 2090 2089 2092
f 2093 2091 2090
f 2093 2090 2092
f 2096 2095 2094
f 2095 2097 2094
f 2098 2097 2095
f 2099 2098 2095
f 2102 2101 2100
f 2103 2102 2100
f 2106 2105 2104
f 2105 2107 2104
f 2108 2107 2105
f 2109 2108 2105
f 2108 2109 2110
f 2111 2108 2110
f 2108 2112 2107
f 2112 2108 2111
f 2113 2104 2107
f 2112 2113 2107
f 2112 2111 2114
f 2112 2114 2113
f 2111 2115 2114
f 2114 2116 2113
f 2104 2113 2116
f 2117 2104 2116
f 2120 2119 2118
f 2121 2120 2118
f 2124 2123 2122
f 2125 2124 2122
f 2128 2127 2126
f 2129 2128 2126
f 2132 2131 2130
f 2133 2132 2130
f 2133 2130 2134
f 2135 2133 2134
f 2136 2135 2134
f 2137 2136 2134
f 2140 2139 2138
f 2141 2140 2138
f 2141 2138 2142
f 2143 2141 2142
f 2143 2142 2144
f 2142 2145 2144
f 2148 2147 2146
f 2147 2149 2146
f 2146 2149 2150
f 2151 2149 2147
f 2150 2149 2152
f 2153 2149 2151
f 2154 2152 2149
f 2153 2154 2149
f 2154 2155 2152
f 2153 2156 2154
f 2154 2156 2155
f 2159 2158 2157
f 2160 2159 2157
f 2160 2161 2159
f 2160 2157 2162
f 2163 2161 2160
f 2163 2164 2161
f 2165 2160 2162
f 2163 2160 2165
f 2163 2166 2164
f 2167 2164 2166
f 2162 2168 2165
f 2162 2169 2168
f 2165 2170 2163
f 2163 2170 2166
f 2171 2167 2166
f 2172 2167 2171
f 2168 2173 2165
f 2165 2173 2170
f 2169 2174 2168
f 2173 2168 2174
f 2169 2175 2174
f 2175 2176 2174
f 2176 2175 2177
f 2178 2173 2174
f 2178 2174 2176
f 2178 2179 2173
f 2179 2170 2173
f 2170 2180 2166
f 2166 2180 2171
f 2181 2172 2171
f 2182 2172 2181
f 2183 2180 2170
f 2170 2179 2183
f 2180 2184 2171
f 2171 2184 2181
f 2180 2183 2184
f 2178 2185 2179
f 2185 2178 2176
f 2185 2176 2186
f 2185 2187 2179
f 2179 2187 2183
f 2187 2185 2186
f 2188 2182 2181
f 2189 2182 2188
f 2184 2190 2181
f 2181 2190 2188
f 2191 2189 2188
f 2189 2191 2192
f 2176 2193 2186
f 2193 2194 2186
f 2193 2176 2177
f 2193 2177 2194
f 2177 2195 2194
f 2194 2195 2196
f 2190 2197 2188
f 2188 2197 2191
f 2198 2194 2196
f 2198 2196 2199
f 2200 2198 2199
f 2200 2199 2201
f 2198 2202 2194
f 2202 2198 2200
f 2186 2194 2203
f 2202 2203 2194
f 2204 2200 2201
f 2204 2201 2205
f 2206 2204 2205
f 2205 2207 2206
f 2207 2208 2206
f 2209 2206 2208
f 2206 2209 2204
f 2210 2209 2208
f 2210 2211 2209
f 2204 2212 2200
f 2209 2212 2204
f 2211 2213 2209
f 2209 2213 2212
f 2213 2211 2214
f 2212 2215 2200
f 2215 2202 2200
f 2213 2216 2212
f 2212 2216 2215
f 2217 2213 2214
f 2216 2213 2217
f 2215 2218 2202
f 2216 2218 2215
f 2217 2214 2219
f 2214 2220 2219
f 2221 2216 2217
f 2221 2218 2216
f 2221 2217 2222
f 2217 2219 2222
f 2219 2220 2223
f 2220 2224 2223
f 2218 2225 2202
f 2202 2225 2203
f 2218 2221 2226
f 2221 2222 2226
f 2222 2219 2227
f 2219 2223 2227
f 2228 2223 2224
f 2229 2228 2224
f 2222 2227 2230
f 2226 2222 2230
f 2231 2227 2223
f 2228 2231 2223
f 2231 2230 2227
f 2232 2228 2229
f 2228 2232 2231
f 2233 2232 2229
f 2218 2226 2234
f 2225 2218 2234
f 2226 2230 2235
f 2234 2226 2235
f 2230 2231 2236
f 2235 2230 2236
f 2232 2237 2231
f 2231 2237 2236
f 2232 2233 2238
f 2233 2239 2238
f 2239 2240 2238
f 2240 2241 2238
f 2238 2241 2242
f 2232 2238 2243
f 2237 2232 2243
f 2243 2238 2242
f 2237 2243 2244
f 2243 2242 2244
f 2236 2237 2244
f 2242 2245 2244
f 2246 2235 2236
f 2246 2236 2244
f 2244 2245 2247
f 2247 2246 2244
f 2245 2248 2247
f 2249 2247 2248
f 2246 2247 2249
f 2250 2249 2248
f 2249 2250 2251
f 2252 2235 2246
f 2235 2252 2234
f 2253 2249 2251
f 2253 2251 2254
f 2255 2246 2249
f 2255 2252 2246
f 2255 2249 2253
f 2256 2253 2254
f 2254 2257 2256
f 2258 2255 2253
f 2252 2255 2258
f 2258 2253 2256
f 2252 2259 2234
f 2234 2259 2225
f 2260 2252 2258
f 2259 2252 2260
f 2225 2259 2261
f 2225 2261 2203
f 2186 2203 2261
f 2262 2259 2260
f 2261 2259 2262
f 2263 2186 2261
f 2263 2261 2262
f 2263 2187 2186
f 2263 2262 2187
f 2262 2183 2187
f 2262 2260 2264
f 2183 2262 2264
f 2260 2258 2264
f 2183 2264 2184
f 2258 2265 2264
f 2184 2264 2265
f 2190 2184 2265
f 2258 2256 2265
f 2190 2265 2256
f 2190 2256 2197
f 2197 2256 2257
f 2197 2257 2191
f 2191 2257 2266
f 2191 2266 2192
f 2266 2267 2192
f 2267 2268 2192
f 2271 2270 2269
f 2270 2272 2269
f 2273 2269 2272
f 2274 2273 2272
f 2275 2273 2274
f 2276 2275 2274
f 2276 2277 2275
f 2277 2278 2275
f 2281 2280 2279
f 2282 2281 2279
f 2282 2279 2283
f 2282 2284 2281
f 2284 2285 2281
f 2286 2281 2285
f 2287 2286 2285
f 2284 2282 2288
f 2284 2288 2285
f 2288 2289 2285
f 2282 2290 2288
f 2288 2290 2289
f 2291 2282 2283
f 2290 2282 2291
f 2292 2287 2285
f 2293 2292 2285
f 2292 2294 2287
f 2292 2295 2294
f 2294 2295 2296
f 2295 2297 2296
f 2295 2292 2298
f 2295 2298 2297
f 2292 2293 2298
f 2298 2299 2297
f 2299 2298 2300
f 2298 2293 2300
f 2301 2299 2300
f 2301 2300 2302
f 2301 2302 2303
f 2293 2304 2300
f 2300 2304 2302
f 2305 2293 2285
f 2306 2305 2285
f 2289 2306 2285
f 2293 2305 2307
f 2305 2306 2308
f 2307 2305 2308
f 2309 2304 2293
f 2293 2307 2309
f 2309 2307 2310
f 2309 2310 2304
f 2306 2289 2311
f 2306 2311 2308
f 2307 2308 2312
f 2307 2312 2310
f 2311 2313 2308
f 2311 2289 2313
f 2308 2314 2312
f 2313 2314 2308
f 2315 2312 2314
f 2316 2310 2312
f 2315 2316 2312
f 2317 2316 2315
f 2318 2315 2314
f 2314 2313 2318
f 2316 2319 2310
f 2319 2316 2317
f 2310 2320 2304
f 2319 2320 2310
f 2320 2321 2304
f 2321 2302 2304
f 2319 2322 2320
f 2322 2321 2320
f 2317 2315 2323
f 2323 2315 2318
f 2317 2323 2324
f 2323 2325 2324
f 2325 2323 2318
f 2325 2326 2324
f 2318 2327 2325
f 2327 2326 2325
f 2313 2327 2318
f 2313 2328 2327
f 2328 2326 2327
f 2289 2328 2313
f 2328 2289 2329
f 2289 2290 2329
f 2329 2290 2291
f 2328 2329 2330
f 2326 2328 2330
f 2329 2291 2330
f 2326 2331 2324
f 2326 2330 2331
f 2291 2332 2330
f 2291 2283 2332
f 2283 2333 2332
f 2334 2331 2330
f 2332 2334 2330
f 2334 2324 2331
f 2332 2333 2335
f 2334 2332 2335
f 2334 2335 2324
f 2333 2336 2335
f 2324 2335 2337
f 2324 2337 2338
f 2339 2324 2338
f 2339 2338 2340
f 2339 2317 2324
f 2341 2339 2340
f 2341 2340 2342
f 2343 2341 2342
f 2341 2344 2339
f 2341 2343 2344
f 2344 2317 2339
f 2343 2345 2344
f 2346 2317 2344
f 2346 2344 2345
f 2319 2317 2346
f 2347 2346 2345
f 2322 2319 2346
f 2322 2346 2347
f 2348 2322 2347
f 2349 2348 2347
f 2322 2348 2321
f 2349 2350 2348
f 2349 2351 2350
f 2348 2352 2321
f 2321 2352 2302
f 2353 2350 2351
f 2354 2353 2351
f 2350 2355 2348
f 2353 2355 2350
f 2348 2355 2352
f 2353 2354 2356
f 2353 2356 2355
f 2354 2357 2356
f 2352 2358 2302
f 2302 2358 2303
f 2355 2359 2352
f 2358 2352 2359
f 2356 2359 2355
f 2360 2358 2359
f 2358 2360 2303
f 2360 2359 2356
f 2361 2356 2357
f 2361 2360 2356
f 2362 2361 2357
f 2360 2363 2303
f 2361 2363 2360
f 2361 2362 2363
f 2363 2364 2303
f 2362 2364 2363
f 2367 2366 2365
f 2368 2367 2365
f 2369 2368 2365
f 2370 2369 2365
f 2369 2370 2371
f 2369 2371 2372
f 2373 2371 2370
f 2371 2374 2372
f 2375 2372 2374
f 2373 2376 2371
f 2376 2374 2371
f 2373 2377 2376
f 2378 2375 2374
f 2378 2374 2379
f 2374 2376 2379
f 2378 2379 2380
f 2378 2380 2375
f 2381 2375 2380
f 2381 2382 2375
f 2382 2381 2383
f 2381 2384 2383
f 2379 2376 2385
f 2377 2386 2376
f 2376 2386 2385
f 2387 2386 2377
f 2385 2386 2387
f 2388 2387 2377
f 2389 2385 2387
f 2390 2387 2388
f 2389 2387 2390
f 2393 2392 2391
f 2394 2393 2391
f 2394 2391 2395
f 2391 2396 2395
f 2397 2393 2394
f 2398 2393 2397
f 2398 2397 2399
f 2397 2394 2399
f 2400 2398 2399
f 2401 2400 2399
f 2402 2401 2399
f 2402 2403 2401
f 2394 2404 2399
f 2402 2399 2404
f 2405 2403 2402
f 2405 2402 2404
f 2403 2405 2406
f 2405 2407 2406
f 2405 2404 2407
f 2408 2406 2407
f 2404 2394 2409
f 2404 2409 2407
f 2394 2395 2409
f 2410 2408 2407
f 2410 2407 2409
f 2411 2408 2410
f 2409 2395 2412
f 2412 2410 2409
f 2413 2411 2410
f 2411 2413 2414
f 2395 2415 2412
f 2415 2395 2396
f 2416 2415 2396
f 2410 2412 2417
f 2413 2410 2417
f 2412 2415 2417
f 2413 2418 2414
f 2413 2417 2418
f 2414 2418 2419
f 2420 2415 2416
f 2415 2420 2417
f 2421 2420 2416
f 2418 2422 2419
f 2419 2422 2423
f 2422 2424 2423
f 2417 2425 2418
f 2417 2420 2425
f 2418 2425 2422
f 2426 2420 2421
f 2420 2426 2425
f 2427 2426 2421
f 2422 2428 2424
f 2425 2428 2422
f 2425 2426 2428
f 2428 2429 2424
f 2430 2426 2427
f 2426 2430 2428
f 2429 2428 2430
f 2431 2430 2427
f 2432 2429 2430
f 2430 2431 2432
f 2431 2433 2432
f 2436 2435 2434
f 2437 2436 2434
f 2438 2436 2437
f 2439 2438 2437
f 2440 2438 2439
f 2441 2440 2439
f 2442 2440 2441
f 2443 2442 2441
f 2444 2442 2443
f 2445 2444 2443
f 2446 2444 2445
f 2447 2446 2445
f 2448 2446 2447
f 2449 2448 2447
f 2450 2448 2449
f 2451 2450 2449
f 2452 2450 2451
f 2453 2452 2451
f 2454 2452 2453
f 2454 2455 2452
f 2454 2456 2455
f 2459 2458 2457
f 2458 2460 2457
f 2457 2460 2461
f 2460 2462 2461
f 2461 2462 2463
f 2462 2464 2463
f 2463 2464 2465
f 2464 2466 2465
f 2465 2466 2467
f 2466 2468 2467
f 2467 2468 2469
f 2468 2470 2469
f 2469 2470 2471
f 2469 2471 2472
f 2472 2471 2473
f 2471 2474 2473
f 2473 2474 2475
f 2474 2476 2475
f 2475 2476 2477
f 2476 2478 2477
f 2479 2477 2478
f 2482 2481 2480
f 2482 2480 2483
f 2482 2483 2484
f 2483 2485 2484
f 2484 2485 2486
f 2487 2484 2486
f 2488 2487 2486
f 2488 2489 2487
f 2492 2491 2490
f 2493 2490 2491
f 2490 2493 2494
f 2493 2491 2495
f 2496 2495 2491
f 2493 2497 2494
f 2498 2494 2497
f 2497 2493 2499
f 2495 2499 2493
f 2500 2498 2497
f 2497 2499 2500
f 2498 2500 2501
f 2495 2496 2502
f 2503 2502 2496
f 2504 2501 2500
f 2505 2501 2504
f 2506 2500 2499
f 2500 2506 2504
f 2499 2495 2507
f 2495 2502 2507
f 2502 2503 2508
f 2503 2509 2508
f 2510 2508 2509
f 2502 2508 2511
f 2507 2502 2511
f 2508 2512 2511
f 2513 2505 2504
f 2514 2505 2513
f 2506 2499 2515
f 2499 2507 2515
f 2516 2504 2506
f 2504 2516 2513
f 2506 2515 2516
f 2517 2511 2512
f 2518 2517 2512
f 2518 2519 2517
f 2520 2507 2511
f 2511 2517 2520
f 2515 2507 2521
f 2507 2520 2521
f 2522 2514 2513
f 2516 2523 2513
f 2522 2513 2523
f 2514 2522 2524
f 2525 2514 2524
f 2522 2526 2524
f 2526 2522 2523
f 2526 2527 2524
f 2528 2527 2526
f 2529 2523 2516
f 2526 2523 2529
f 2530 2528 2526
f 2530 2526 2529
f 2531 2528 2530
f 2532 2531 2530
f 2533 2532 2530
f 2529 2533 2530
f 2533 2529 2534
f 2535 2529 2516
f 2529 2535 2534
f 2535 2516 2515
f 2535 2536 2534
f 2535 2515 2536
f 2537 2534 2536
f 2536 2515 2521
f 2538 2536 2521
f 2538 2521 2539
f 2540 2538 2539
f 2521 2520 2539
f 2540 2539 2541
f 2542 2539 2520
f 2542 2520 2517
f 2539 2543 2541
f 2543 2539 2542
f 2541 2543 2544
f 2543 2545 2544
f 2545 2543 2542
f 2544 2545 2519
f 2519 2546 2517
f 2542 2517 2546
f 2546 2545 2542
f 2545 2546 2519
f 2549 2548 2547
f 2548 2550 2547
f 2548 2551 2550
f 2551 2552 2550
f 2551 2553 2552
f 2553 2554 2552
f 2553 2555 2554
f 2558 2557 2556
f 2559 2558 2556
f 2559 2560 2558
f 2560 2561 2558
f 2564 2563 2562
f 2565 2564 2562
f 2568 2567 2566
f 2566 2569 2568
f 2569 2566 2570
f 2568 2569 2571
f 2571 2572 2568
f 2573 2569 2570
f 2570 2574 2573
f 2569 2573 2575
f 2575 2571 2569
f 2574 2576 2573
f 2575 2573 2576
f 2576 2574 2577
f 2572 2571 2578
f 2578 2579 2572
f 2577 2580 2576
f 2577 2581 2580
f 2576 2582 2575
f 2582 2576 2580
f 2571 2575 2583
f 2578 2571 2583
f 2579 2578 2584
f 2585 2579 2584
f 2584 2586 2585
f 2584 2578 2587
f 2578 2583 2587
f 2588 2584 2587
f 2581 2589 2580
f 2581 2590 2589
f 2575 2582 2591
f 2583 2575 2591
f 2580 2592 2582
f 2592 2580 2589
f 2591 2582 2592
f 2587 2593 2588
f 2593 2594 2588
f 2595 2594 2593
f 2583 2596 2587
f 2593 2587 2596
f 2583 2591 2597
f 2596 2583 2597
f 2590 2598 2589
f 2599 2592 2589
f 2589 2598 2599
f 2598 2590 2600
f 2590 2601 2600
f 2602 2598 2600
f 2598 2602 2599
f 2603 2602 2600
f 2603 2604 2602
f 2599 2605 2592
f 2599 2602 2605
f 2604 2606 2602
f 2602 2606 2605
f 2604 2607 2606
f 2607 2608 2606
f 2608 2609 2606
f 2609 2605 2606
f 2605 2609 2610
f 2605 2611 2592
f 2611 2605 2610
f 2592 2611 2591
f 2612 2611 2610
f 2591 2611 2612
f 2610 2613 2612
f 2591 2612 2597
f 2612 2614 2597
f 2597 2614 2615
f 2614 2616 2615
f 2596 2597 2615
f 2615 2616 2617
f 2615 2618 2596
f 2596 2618 2593
f 2619 2615 2617
f 2615 2619 2618
f 2619 2617 2620
f 2621 2619 2620
f 2619 2621 2618
f 2621 2620 2595
f 2622 2595 2593
f 2593 2618 2622
f 2621 2622 2618
f 2622 2621 2595
f 2625 2624 2623
f 2626 2625 2623
f 2627 2625 2626
f 2628 2627 2626
f 2629 2627 2628
f 2630 2629 2628
f 2631 2629 2630
f 2634 2633 2632
f 2633 2635 2632
f 2636 2635 2633
f 2637 2636 2633
f 2640 2639 2638
f 2641 2640 2638
f 2644 2643 2642
f 2645 2644 2642
f 2645 2642 2646
f 2645 2647 2644
f 2645 2646 2648
f 2645 2649 2647
f 2648 2650 2645
f 2650 2649 2645
f 2651 2650 2648
f 2652 2649 2650
f 2652 2650 2651
f 2655 2654 2653
f 2654 2656 2653
f 2657 2656 2654
f 2653 2656 2658
f 2657 2659 2656
f 2660 2659 2657
f 2656 2661 2658
f 2656 2659 2661
f 2660 2662 2659
f 2660 2663 2662
f 2664 2658 2661
f 2665 2658 2664
f 2666 2661 2659
f 2666 2659 2662
f 2663 2667 2662
f 2663 2668 2667
f 2669 2664 2661
f 2669 2661 2666
f 2670 2665 2664
f 2670 2671 2665
f 2664 2669 2672
f 2670 2664 2672
f 2670 2673 2671
f 2670 2672 2673
f 2674 2662 2667
f 2674 2666 2662
f 2668 2675 2667
f 2668 2676 2675
f 2666 2677 2669
f 2677 2672 2669
f 2678 2674 2667
f 2678 2667 2675
f 2674 2679 2666
f 2677 2666 2679
f 2679 2674 2678
f 2676 2680 2675
f 2676 2681 2680
f 2677 2682 2672
f 2682 2677 2679
f 2683 2678 2675
f 2683 2675 2680
f 2681 2684 2680
f 2684 2681 2685
f 2682 2686 2672
f 2687 2686 2682
f 2672 2686 2673
f 2673 2686 2687
f 2688 2683 2680
f 2688 2680 2684
f 2689 2683 2688
f 2678 2683 2690
f 2690 2683 2689
f 2691 2688 2684
f 2689 2688 2691
f 2691 2684 2692
f 2692 2684 2685
f 2693 2692 2685
f 2694 2693 2685
f 2691 2695 2689
f 2689 2695 2696
f 2697 2678 2690
f 2697 2679 2678
f 2689 2698 2690
f 2690 2698 2697
f 2699 2689 2696
f 2689 2699 2698
f 2699 2696 2700
f 2699 2700 2698
f 2696 2701 2700
f 2700 2701 2702
f 2703 2679 2697
f 2682 2679 2703
f 2698 2704 2697
f 2704 2703 2697
f 2698 2705 2704
f 2700 2705 2698
f 2706 2700 2702
f 2702 2707 2706
f 2705 2708 2704
f 2704 2708 2703
f 2709 2705 2700
f 2706 2709 2700
f 2708 2705 2709
f 2707 2710 2706
f 2709 2706 2710
f 2707 2711 2710
f 2712 2682 2703
f 2712 2687 2682
f 2712 2703 2713
f 2708 2713 2703
f 2687 2712 2714
f 2714 2712 2713
f 2715 2708 2709
f 2713 2708 2716
f 2708 2715 2716
f 2713 2717 2714
f 2713 2716 2717
f 2718 2709 2710
f 2715 2709 2718
f 2719 2687 2714
f 2714 2717 2719
f 2720 2687 2719
f 2717 2721 2719
f 2719 2721 2720
f 2722 2717 2716
f 2717 2722 2721
f 2723 2716 2715
f 2723 2722 2716
f 2724 2715 2718
f 2724 2723 2715
f 2720 2725 2687
f 2725 2673 2687
f 2671 2673 2725
f 2726 2671 2725
f 2726 2725 2720
f 2727 2726 2720
f 2727 2720 2728
f 2720 2729 2728
f 2728 2729 2730
f 2721 2729 2720
f 2729 2731 2730
f 2729 2721 2731
f 2730 2731 2732
f 2721 2733 2731
f 2722 2733 2721
f 2731 2734 2732
f 2732 2734 2735
f 2733 2736 2731
f 2736 2734 2731
f 2722 2737 2733
f 2737 2736 2733
f 2734 2738 2735
f 2739 2735 2738
f 2740 2739 2738
f 2741 2738 2734
f 2738 2741 2740
f 2736 2741 2734
f 2741 2742 2740
f 2743 2742 2741
f 2744 2741 2736
f 2744 2743 2741
f 2737 2744 2736
f 2743 2744 2745
f 2722 2746 2737
f 2746 2722 2723
f 2744 2737 2747
f 2744 2747 2745
f 2737 2746 2747
f 2748 2746 2723
f 2747 2746 2748
f 2748 2723 2724
f 2745 2747 2749
f 2749 2747 2748
f 2750 2745 2749
f 2751 2748 2724
f 2749 2748 2751
f 2750 2749 2752
f 2752 2749 2751
f 2753 2750 2752
f 2724 2754 2751
f 2751 2754 2752
f 2754 2724 2718
f 2752 2755 2753
f 2754 2755 2752
f 2755 2756 2753
f 2755 2757 2756
f 2757 2755 2754
f 2757 2758 2756
f 2759 2754 2718
f 2759 2757 2754
f 2759 2718 2710
f 2760 2759 2710
f 2757 2759 2760
f 2711 2760 2710
f 2758 2757 2761
f 2761 2757 2760
f 2761 2760 2711
f 2762 2758 2761
f 2763 2761 2711
f 2764 2762 2761
f 2763 2764 2761
f 2767 2766 2765
f 2765 2766 2768
f 2769 2765 2768
f 2769 2768 2770
f 2768 2771 2770
f 2774 2773 2772
f 2775 2774 2772
f 2775 2772 2776
f 2777 2774 2775
f 2778 2775 2776
f 2778 2776 2779
f 2780 2778 2779
f 2781 2777 2775
f 2781 2775 2778
f 2777 2781 2782
f 2781 2783 2782
f 2784 2783 2781
f 2778 2780 2785
f 2780 2786 2785
f 2787 2778 2785
f 2787 2781 2778
f 2787 2784 2781
f 2788 2784 2787
f 2787 2785 2788
f 2785 2789 2788
f 2791 2790 2785
f 2790 2792 2785
f 2792 2790 2793
f 2790 2794 2793
f 2792 2793 2795
f 2792 2796 2785
f 2796 2792 2795
f 2796 2797 2785
f 2798 2785 2797
f 2799 2798 2797
f 2799 2797 2800
f 2797 2801 2800
f 2802 2801 2797
f 2796 2802 2797
f 2796 2795 2802
f 2795 2803 2802
f 2806 2805 2804
f 2807 2806 2804
f 2807 2804 2808
f 2807 2808 2809
f 2809 2810 2807
f 2807 2810 2811
f 2807 2812 2806
f 2812 2807 2811
f 2812 2813 2806
f 2814 2812 2811
f 2814 2811 2815
f 2813 2812 2816
f 2816 2812 2814
f 2817 2813 2816
f 2818 2817 2816
f 2819 2814 2815
f 2820 2819 2815
f 2821 2816 2814
f 2821 2818 2816
f 2821 2814 2819
f 2821 2822 2818
f 2821 2819 2822
f 2819 2820 2822
f 2822 2823 2818
f 2824 2823 2822
f 2825 2822 2820
f 2825 2824 2822
f 2826 2825 2820
f 2827 2824 2825
f 2825 2826 2828
f 2829 2827 2825
f 2829 2825 2828
f 2829 2830 2827
f 2829 2828 2830
f 2830 2831 2827
f 2828 2832 2830
f 2832 2828 2833
f 2834 2832 2833
f 2834 2830 2832
f 2835 2834 2833
f 2831 2830 2836
f 2834 2836 2830
f 2837 2831 2836
f 2838 2837 2836
f 2839 2836 2834
f 2839 2834 2835
f 2839 2838 2836
f 2840 2839 2835
f 2838 2839 2840
f 2841 2840 2835
f 2842 2838 2840
f 2841 2843 2840
f 2842 2840 2844
f 2840 2843 2845
f 2840 2846 2844
f 2840 2845 2846
f 2849 2848 2847
f 2850 2847 2848
f 2850 2848 2851
f 2852 2851 2848
f 2852 2853 2851
f 2850 2854 2847
f 2850 2851 2854
f 2855 2854 2851
f 2856 2847 2854
f 2856 2854 2855
f 2856 2855 2857
f 2858 2851 2853
f 2851 2858 2855
f 2859 2858 2853
f 2860 2859 2853
f 2858 2859 2861
f 2855 2858 2861
f 2861 2859 2862
f 2863 2857 2855
f 2857 2863 2864
f 2863 2855 2865
f 2861 2865 2855
f 2866 2861 2862
f 2862 2867 2866
f 2868 2864 2863
f 2865 2868 2863
f 2865 2861 2869
f 2865 2869 2868
f 2866 2869 2861
f 2868 2870 2864
f 2869 2870 2868
f 2871 2864 2870
f 2871 2870 2872
f 2867 2873 2866
f 2873 2867 2874
f 2869 2866 2875
f 2873 2875 2866
f 2870 2869 2876
f 2876 2872 2870
f 2875 2876 2869
f 2873 2874 2877
f 2873 2877 2875
f 2877 2874 2878
f 2879 2876 2875
f 2876 2879 2872
f 2879 2875 2877
f 2880 2877 2878
f 2878 2881 2880
f 2881 2882 2880
f 2883 2880 2882
f 2884 2872 2879
f 2872 2884 2885
f 2877 2886 2879
f 2879 2886 2884
f 2877 2880 2886
f 2884 2886 2885
f 2883 2887 2880
f 2886 2880 2887
f 2883 2888 2887
f 2885 2886 2889
f 2887 2889 2886
f 2889 2887 2888
f 2885 2889 2890
f 2891 2890 2889
f 2892 2890 2891
f 2888 2893 2889
f 2889 2893 2891
f 2894 2892 2891
f 2894 2891 2895
f 2896 2895 2891
f 2897 2895 2896
f 2896 2898 2897
f 2896 2891 2898
f 2899 2897 2898
f 2899 2898 2893
f 2900 2891 2893
f 2900 2893 2898
f 2900 2898 2891
f 2903 2902 2901
f 2904 2901 2902
f 2904 2905 2901
f 2906 2901 2905
f 2906 2905 2907
f 2904 2902 2908
f 2902 2909 2908
f 2910 2908 2909
f 2910 2911 2908
f 2912 2908 2911
f 2913 2904 2908
f 2908 2912 2913
f 2913 2912 2914
f 2913 2914 2915
f 2916 2914 2912
f 2904 2913 2917
f 2905 2904 2917
f 2913 2915 2917
f 2918 2907 2905
f 2907 2918 2919
f 2917 2920 2905
f 2915 2920 2917
f 2905 2920 2921
f 2918 2905 2921
f 2922 2921 2920
f 2920 2915 2922
f 2921 2923 2918
f 2922 2923 2921
f 2922 2924 2923
f 2925 2914 2916
f 2925 2916 2926
f 2925 2926 2914
f 2927 2926 2916
f 2927 2928 2926
f 2929 2926 2928
f 2930 2929 2928
f 2929 2930 2926
f 2931 2926 2930
f 2931 2914 2926
f 2930 2932 2931
f 2931 2933 2914
f 2933 2931 2932
f 2934 2914 2933
f 2934 2933 2935
f 2934 2915 2914
f 2934 2935 2915
f 2933 2932 2936
f 2936 2935 2933
f 2937 2936 2932
f 2936 2937 2938
f 2938 2939 2936
f 2936 2939 2935
f 2937 2940 2938
f 2941 2915 2935
f 2941 2922 2915
f 2942 2922 2941
f 2942 2941 2935
f 2924 2922 2942
f 2943 2942 2935
f 2943 2935 2939
f 2943 2924 2942
f 2940 2937 2944
f 2945 2944 2937
f 2945 2946 2944
f 2947 2944 2946
f 2946 2948 2947
f 2949 2947 2948
f 2947 2949 2950
f 2951 2950 2949
f 2950 2952 2947
f 2944 2947 2952
f 2944 2952 2940
f 2953 2940 2952
f 2953 2938 2940
f 2943 2954 2924
f 2943 2939 2954
f 2955 2924 2954
f 2954 2939 2956
f 2957 2924 2955
f 2957 2955 2958
f 2959 2956 2939
f 2959 2939 2938
f 2959 2960 2956
f 2960 2959 2938
f 2961 2956 2960
f 2957 2962 2924
f 2923 2924 2962
f 2923 2962 2963
f 2963 2918 2923
f 2963 2964 2918
f 2964 2919 2918
f 2962 2965 2963
f 2964 2963 2965
f 2964 2966 2919
f 2967 2919 2966
f 2964 2965 2968
f 2966 2964 2968
f 2962 2969 2965
f 2968 2965 2970
f 2970 2965 2969
f 2971 2970 2969
f 2962 2972 2969
f 2972 2962 2957
f 2971 2969 2972
f 2973 2966 2968
f 2970 2973 2968
f 2966 2974 2967
f 2975 2967 2974
f 2967 2975 2976
f 2977 2974 2966
f 2977 2966 2973
f 2974 2977 2978
f 2979 2972 2957
f 2972 2980 2971
f 2980 2972 2979
f 2981 2979 2957
f 2957 2958 2981
f 2982 2981 2958
f 2983 2982 2958
f 2984 2977 2973
f 2973 2985 2984
f 2973 2970 2985
f 2986 2984 2985
f 2987 2986 2985
f 2988 2985 2970
f 2971 2988 2970
f 2989 2988 2971
f 2984 2990 2977
f 2989 2971 2991
f 2992 2977 2990
f 2992 2978 2977
f 2992 2990 2993
f 2992 2993 2978
f 2994 2993 2990
f 2995 2978 2993
f 2991 2971 2996
f 2971 2980 2996
f 2996 2997 2991
f 2998 2991 2997
f 2996 2980 2999
f 2979 2999 2980
f 2997 2996 3000
f 2996 2999 3000
f 3000 2999 3001
f 2979 3002 2999
f 3001 2999 3002
f 2979 3003 3002
f 3003 2979 2981
f 3004 2997 3000
f 3001 3004 3000
f 3005 3002 3003
f 3001 3002 3005
f 3006 3003 2981
f 2982 3006 2981
f 3007 3005 3003
f 3007 3003 3006
f 3005 3007 3008
f 3006 3009 3007
f 3008 3007 3009
f 3001 3005 3010
f 3010 3005 3008
f 3001 3010 3011
f 3010 3008 3012
f 3011 3013 3001
f 3004 3001 3013
f 3012 3008 3014
f 3006 2982 3015
f 3006 3015 3009
f 3004 3013 3016
f 3017 3016 3013
f 3018 3017 3013
f 3004 3016 3019
f 3004 3019 2997
f 3016 3020 3019
f 3019 3021 2997
f 2997 3021 2998
f 3022 2998 3021
f 3022 3023 2998
f 3021 3019 3024
f 3025 3019 3020
f 3025 3024 3019
f 3025 3020 3026
f 3025 3026 3024
f 3027 3026 3020
f 3028 3024 3026
f 3031 3030 3029
f 3032 3029 3030
f 3029 3032 3033
f 3034 3033 3032
f 3030 3035 3032
f 3032 3036 3034
f 3036 3032 3035
f 3037 3034 3036
f 3037 3036 2953
f 3036 3035 3038
f 3038 2953 3036
f 3039 3038 3035
f 2953 3038 2938
f 3038 3039 2938
f 3039 3040 2938
f 3041 2938 3040
f 3040 3039 3042
f 3043 3042 3039
f 3041 3040 3044
f 3045 3041 3044
f 3044 3046 3045
f 3047 3044 3040
f 3044 3047 3046
f 3040 3042 3047
f 3048 3046 3047
f 3047 3049 3048
f 3049 3047 3042
f 3042 3043 3050
f 3042 3050 3049
f 3051 3050 3043
f 3051 3052 3050
f 3053 3049 3050
f 3054 3050 3052
f 3050 3054 3053
f 3055 3053 3054
f 3058 3057 3056
f 3057 3059 3056
f 3060 3056 3059
f 3060 3059 3061
f 3059 3062 3061
f 3060 3063 3056
f 3064 3056 3063
f 3064 3063 3065
f 3015 3065 3063
f 3065 3015 3066
f 3063 3009 3015
f 3015 2982 3066
f 3067 3009 3063
f 3063 3060 3067
f 3008 3009 3067
f 3060 3068 3067
f 3068 3008 3067
f 3060 3061 3068
f 3068 3014 3008
f 3068 3069 3014
f 3061 3069 3068
f 3070 3014 3069
f 3014 3070 3071
f 3069 3061 3072
f 3073 3072 3061
f 3073 3061 3062
f 3073 3074 3072
f 3073 3062 3074
f 3075 3072 3074
f 3076 3074 3062
f 2983 3077 2982
f 3077 3066 2982
f 3078 3077 2983
f 3078 3079 3077
f 3078 3080 3079
f 3078 2983 3081
f 3078 3081 3080
f 3082 3080 3081
f 3082 3083 3080
f 3084 3080 3083
f 3084 3085 3080
f 3077 3086 3066
f 3086 3077 3079
f 3087 3080 3085
f 3087 3079 3080
f 3087 3085 3088
f 3087 3088 3079
f 3089 3088 3085
f 3066 3086 3090
f 3066 3090 3091
f 3092 3091 3090
f 3086 3079 3093
f 3093 3090 3086
f 3088 3089 3094
f 3095 3094 3089
f 3096 3079 3088
f 3096 3093 3079
f 3088 3094 3096
f 3090 3097 3092
f 3098 3092 3097
f 3098 3097 3099
f 3094 3095 3100
f 3101 3100 3095
f 3094 3100 3102
f 3100 3101 3102
f 3102 3096 3094
f 3103 3102 3101
f 3096 3102 3103
f 3093 3096 3103
f 3093 3104 3090
f 3093 3103 3104
f 3103 3099 3104
f 3097 3090 3104
f 3105 3104 3099
f 3105 3097 3104
f 3105 3099 3097
f 3108 3107 3106
f 3106 3107 3109
f 3106 3109 3110
f 3111 3108 3106
f 3111 3106 3110
f 3112 3108 3111
f 3111 3110 3113
f 3114 3112 3111
f 3114 3111 3113
f 3112 3114 3115
f 3114 3113 3116
f 3114 3116 3115
f 3113 3117 3116
f 3116 3118 3115
f 3116 3117 3118
f 3118 3119 3115
f 3118 3117 3120
f 3118 3120 3119
f 3123 3122 3121
f 3122 3124 3121
f 3123 3125 3122
f 3125 3123 3126
f 3123 3127 3126
f 3122 3128 3124
f 3128 3129 3124
f 3126 3127 3130
f 3127 3131 3130
f 3131 3132 3130
f 3132 3133 3130
f 3129 3128 3134
f 3128 3135 3134
f 3132 3136 3133
f 3136 3137 3133
f 3135 3138 3134
f 3138 3139 3134
f 3139 3138 3140
f 3141 3137 3136
f 3138 3141 3140
f 3141 3136 3142
f 3140 3141 3142
f 3145 3144 3143
f 3145 3143 3146
f 3143 3144 3147
f 3143 3147 3146
f 3144 3148 3147
f 3146 3147 3149
f 3147 3148 3150
f 3147 3150 3149
f 3148 3151 3150
f 3150 3151 3152
f 3153 3149 3150
f 3153 3150 3152
f 3154 3149 3153
f 3155 3153 3152
f 3155 3154 3153
f 3156 3155 3152
f 3157 3154 3155
f 3157 3155 3156
f 3160 3159 3158
f 3160 3158 1308
f 3160 3161 3159
f 3161 3160 3162
f 3163 3161 3162
f 3161 3164 3159
f 3164 3161 3163
f 3165 3164 3163
f 3166 3165 3163
f 3167 3166 3163
f 3167 3163 3168
f 3166 3167 3169
f 3167 3170 3169
f 3170 3167 3168
f 3169 3170 3171
f 3171 3170 1340
f 3172 3163 3162
f 3163 3172 3168
f 3172 3162 3173
f 3168 3172 3173
f 3170 3174 1340
f 3175 3170 3168
f 3170 3175 3174
f 3176 3175 3168
f 3174 3175 3176
f 1340 3174 3177
f 3177 3174 3176
f 1339 1340 3177
f 3178 1339 3177
f 3177 3176 3178
f 3178 1333 1339
f 1333 3178 3179
f 3178 3176 3179
f 1333 3179 1325
f 3179 3180 1325
f 3179 3176 3180
f 3180 1326 1325
f 3173 1326 3180
f 3181 3176 3168
f 3176 3181 3180
f 3181 3168 3173
f 3181 3173 3180
f 1326 3173 3182
f 1326 3182 1315
f 3173 3183 3182
f 3183 3184 3182
f 3162 3183 3173
f 3184 3183 3162
f 3182 3185 1315
f 3184 3185 3182
f 3185 1309 1315
f 3186 1309 3185
f 3184 3186 3185
f 1309 3186 1307
f 3186 3187 1307
f 3184 3187 3186
f 1308 1307 3187
f 3188 1308 3187
f 3184 3188 3187
f 3188 3160 1308
f 3160 3189 3162
f 3189 3184 3162
f 3189 3188 3184
f 3188 3189 3160
f 3192 3191 3190
f 3193 3192 3190
f 3191 3194 3190
f 3195 3193 3190
f 3194 3191 3196
f 3191 3197 3196
f 3193 3195 3198
f 3199 3193 3198
f 3197 3200 3196
f 3200 3201 3196
f 3202 3199 3198
f 3203 3202 3198
f 3201 3200 3204
f 3202 3203 3204
f 3200 3205 3204
f 3205 3202 3204
f 3208 3207 3206
f 3207 3209 3206
f 3208 3206 3210
f 3211 3206 3209
f 3212 3211 3209
f 3211 3212 3213
f 3214 3211 3213
f 3214 3215 3211
f 3211 3216 3206
f 3215 3216 3211
f 3206 3217 3210
f 3216 3217 3206
f 3218 3216 3215
f 3217 3216 3218
f 3219 3218 3215
f 3219 3220 3218
f 3220 3221 3218
f 3210 3217 3222
f 3222 3217 3218
f 3222 3218 3221
f 3223 3210 3222
f 3224 3222 3221
f 3223 3222 3225
f 3222 3224 3225
f 3228 3227 3226
f 3228 3226 3229
f 3228 3230 3227
f 3230 3231 3227
f 3230 3232 3231
f 3233 3228 3229
f 3233 3229 3234
f 3233 3234 3235
f 3230 3236 3232
f 3236 3237 3232
f 3236 3238 3237
f 3230 3228 3239
f 3228 3233 3239
f 3236 3230 3239
f 3240 3233 3235
f 3233 3240 3239
f 3240 3236 3239
f 3236 3240 3238
f 3240 3235 3241
f 3240 3241 3238
f 3244 3243 3242
f 3242 3243 3245
f 3246 3243 3244
f 3247 3246 3244
f 3248 3246 3247
f 3243 3249 3245
f 3245 3249 3250
f 3250 3249 3251
f 3252 3246 3248
f 3253 3252 3248
f 3254 3252 3253
f 3243 3246 3255
f 3249 3243 3255
f 3246 3252 3255
f 3249 3256 3251
f 3256 3249 3255
f 3252 3256 3255
f 3256 3252 3254
f 3251 3256 3257
f 3257 3256 3254
